id,filename,link,gender,masterCategory,subCategory,articleType,baseColour,season,year,usage,productDisplayName,text
15970,15970.jpg,http://assets.myntassets.com/v1/images/style/properties/7a5b82d1372a7a5c6de67ae7a314fd91_images.jpg,Men,Apparel,Topwear,Shirts,Navy Blue,Fall,2011.0,Casual,Turtle Check Men Navy Blue Shirt,Men Apparel Topwear Shirts Navy Blue Fall 2011.0 Casual Turtle Check Men Navy Blue Shirt
39386,39386.jpg,http://assets.myntassets.com/v1/images/style/properties/4850873d0c417e6480a26059f83aac29_images.jpg,Men,Apparel,Bottomwear,Jeans,Blue,Summer,2012.0,Casual,Peter England Men Party Blue Jeans,Men Apparel Bottomwear Jeans Blue Summer 2012.0 Casual Peter England Men Party Blue Jeans
59263,59263.jpg,http://assets.myntassets.com/v1/images/style/properties/Titan-Women-Silver-Watch_b4ef04538840c0020e4829ecc042ead1_images.jpg,Women,Accessories,Watches,Watches,Silver,Winter,2016.0,Casual,Titan Women Silver Watch,Women Accessories Watches Watches Silver Winter 2016.0 Casual Titan Women Silver Watch
21379,21379.jpg,http://assets.myntassets.com/v1/images/style/properties/8153dc35d9a5420eeb93922067137db6_images.jpg,Men,Apparel,Bottomwear,Track Pants,Black,Fall,2011.0,Casual,Manchester United Men Solid Black Track Pants,Men Apparel Bottomwear Track Pants Black Fall 2011.0 Casual Manchester United Men Solid Black Track Pants
53759,53759.jpg,http://assets.myntassets.com/v1/images/style/properties/Puma-Men-Grey-T-shirt_32668f8a61454d0cc028a808cf21b383_images.jpg,Men,Apparel,Topwear,Tshirts,Grey,Summer,2012.0,Casual,Puma Men Grey T-shirt,Men Apparel Topwear Tshirts Grey Summer 2012.0 Casual Puma Men Grey T-shirt
1855,1855.jpg,http://assets.myntassets.com/v1/images/style/properties/9c1b19682ecf926c296f520d5d6e0972_images.jpg,Men,Apparel,Topwear,Tshirts,Grey,Summer,2011.0,Casual,Inkfruit Mens Chain Reaction T-shirt,Men Apparel Topwear Tshirts Grey Summer 2011.0 Casual Inkfruit Mens Chain Reaction T-shirt
30805,30805.jpg,http://assets.myntassets.com/v1/images/style/properties/06e9d4231254fdb2c7fe967ad413ad7b_images.jpg,Men,Apparel,Topwear,Shirts,Green,Summer,2012.0,Ethnic,Fabindia Men Striped Green Shirt,Men Apparel Topwear Shirts Green Summer 2012.0 Ethnic Fabindia Men Striped Green Shirt
26960,26960.jpg,http://assets.myntassets.com/v1/images/style/properties/45ddbc6a15140556214e15923244755b_images.jpg,Women,Apparel,Topwear,Shirts,Purple,Summer,2012.0,Casual,Jealous 21 Women Purple Shirt,Women Apparel Topwear Shirts Purple Summer 2012.0 Casual Jealous 21 Women Purple Shirt
29114,29114.jpg,http://assets.myntassets.com/v1/images/style/properties/4ca8848ab441378a392d9d5bf0b0f3c7_images.jpg,Men,Accessories,Socks,Socks,Navy Blue,Summer,2012.0,Casual,Puma Men Pack of 3 Socks,Men Accessories Socks Socks Navy Blue Summer 2012.0 Casual Puma Men Pack of 3 Socks
30039,30039.jpg,http://assets.myntassets.com/v1/images/style/properties/Skagen-Men-Black-Watch_4982b2b1a76a85a85c9adc8b4b2d523a_images.jpg,Men,Accessories,Watches,Watches,Black,Winter,2016.0,Casual,Skagen Men Black Watch,Men Accessories Watches Watches Black Winter 2016.0 Casual Skagen Men Black Watch
9204,9204.jpg,http://assets.myntassets.com/v1/images/style/properties/051d64772f1b38ff476fbf0a807f365a_images.jpg,Men,Footwear,Shoes,Casual Shoes,Black,Summer,2011.0,Casual,Puma Men Future Cat Remix SF Black Casual Shoes,Men Footwear Shoes Casual Shoes Black Summer 2011.0 Casual Puma Men Future Cat Remix SF Black Casual Shoes
48123,48123.jpg,http://assets.myntassets.com/v1/images/style/properties/8eee4563e14cf451b07f27761fd6535f_images.jpg,Women,Accessories,Belts,Belts,Black,Summer,2012.0,Casual,Fossil Women Black Huarache Weave Belt,Women Accessories Belts Belts Black Summer 2012.0 Casual Fossil Women Black Huarache Weave Belt
18653,18653.jpg,http://assets.myntassets.com/v1/images/style/properties/53690e3f396f411e184b249672d6ebae_images.jpg,Men,Footwear,Flip Flops,Flip Flops,Black,Fall,2011.0,Casual,Fila Men Cush Flex Black Slippers,Men Footwear Flip Flops Flip Flops Black Fall 2011.0 Casual Fila Men Cush Flex Black Slippers
47957,47957.jpg,http://assets.myntassets.com/v1/images/style/properties/Murcia-Women-Blue-Handbag_13cfaff26872c298112a8e7da15c1e1d_images.jpg,Women,Accessories,Bags,Handbags,Blue,Summer,2012.0,Casual,Murcia Women Blue Handbag,Women Accessories Bags Handbags Blue Summer 2012.0 Casual Murcia Women Blue Handbag
46885,46885.jpg,http://assets.myntassets.com/v1/images/style/properties/5cab6a2305d0e63142f721228aa6d293_images.jpg,Boys,Footwear,Flip Flops,Flip Flops,Navy Blue,Fall,2012.0,Casual,Ben 10 Boys Navy Blue Slippers,Boys Footwear Flip Flops Flip Flops Navy Blue Fall 2012.0 Casual Ben 10 Boys Navy Blue Slippers
12369,12369.jpg,http://assets.myntassets.com/v1/images/style/properties/8bc9be576081baae77e8561b1132288f_images.jpg,Men,Apparel,Topwear,Shirts,Purple,Fall,2011.0,Formal,Reid & Taylor Men Check Purple Shirts,Men Apparel Topwear Shirts Purple Fall 2011.0 Formal Reid & Taylor Men Check Purple Shirts
29928,29928.jpg,http://assets.myntassets.com/v1/images/style/properties/Police-Men-Black-Dial-Watch_5bd8cae4fc61052a6f00cfcd69c4a936_images.jpg,Men,Accessories,Watches,Watches,Black,Winter,2016.0,Casual,Police Men Black Dial Watch PL12889JVSB,Men Accessories Watches Watches Black Winter 2016.0 Casual Police Men Black Dial Watch PL12889JVSB
42419,42419.jpg,http://assets.myntassets.com/v1/images/style/properties/f3964f76c78edd85f4512d98b26d52e9_images.jpg,Girls,Apparel,Topwear,Tops,White,Summer,2012.0,Casual,Gini and Jony Girls Knit White Top,Girls Apparel Topwear Tops White Summer 2012.0 Casual Gini and Jony Girls Knit White Top
51832,51832.jpg,http://assets.myntassets.com/v1/image/style/properties/51832/Bwitch-Beige-Full-Coverage-Bra-BW335_1_d516fa94f14f0a5ecc90df7754390eb5.jpg,Women,Apparel,Innerwear,Bra,Beige,Summer,2016.0,Casual,Bwitch Beige Full-Coverage Bra BW335,Women Apparel Innerwear Bra Beige Summer 2016.0 Casual Bwitch Beige Full-Coverage Bra BW335
47359,47359.jpg,http://assets.myntassets.com/v1/images/style/properties/b14c7bf275c6edca3e849200fb7cbf6c_images.jpg,Women,Accessories,Bags,Handbags,Brown,Summer,2012.0,Casual,Baggit Women Brown Handbag,Women Accessories Bags Handbags Brown Summer 2012.0 Casual Baggit Women Brown Handbag
17429,17429.jpg,http://assets.myntassets.com/assets/images/17429/2018/3/5/11520250143953-CASIO-G-Shock-Men-Black-Digital-Watch-G223-8211520250143786-1.jpg,Men,Accessories,Watches,Watches,Black,Winter,2016.0,Casual,CASIO G-Shock Men Black Digital Watch G-7710-1DR G223,Men Accessories Watches Watches Black Winter 2016.0 Casual CASIO G-Shock Men Black Digital Watch G-7710-1DR G223
12967,12967.jpg,http://assets.myntassets.com/v1/images/style/properties/c5a22e9ccf9b10e0a89ffbbf3e386584_images.jpg,Men,Footwear,Sandal,Sandals,Black,Fall,2011.0,Casual,ADIDAS Men Spry M Black Sandals,Men Footwear Sandal Sandals Black Fall 2011.0 Casual ADIDAS Men Spry M Black Sandals
6842,6842.jpg,http://assets.myntassets.com/v1/images/style/properties/92589dc7416b70f1a5c6a4c1f13d14e3_images.jpg,Unisex,Accessories,Shoe Accessories,Shoe Accessories,Black,Summer,2011.0,Casual,Timberland Unisex Rubber Sole Brush Shoe Accessories,Unisex Accessories Shoe Accessories Shoe Accessories Black Summer 2011.0 Casual Timberland Unisex Rubber Sole Brush Shoe Accessories
13089,13089.jpg,http://assets.myntassets.com/v1/images/style/properties/59912a0287751ff0475c8748dbcf4ea0_images.jpg,Men,Apparel,Topwear,Sweatshirts,Grey,Fall,2011.0,Sports,ADIDAS Men Lfc Auth Hood Grey Sweatshirts,Men Apparel Topwear Sweatshirts Grey Fall 2011.0 Sports ADIDAS Men Lfc Auth Hood Grey Sweatshirts
18461,18461.jpg,http://assets.myntassets.com/v1/images/style/properties/3295fc148576955745c0b259d7968727_images.jpg,Men,Personal Care,Fragrance,Deodorant,White,Spring,2017.0,Casual,David Beckham Signature Men Deos,Men Personal Care Fragrance Deodorant White Spring 2017.0 Casual David Beckham Signature Men Deos
9036,9036.jpg,http://assets.myntassets.com/v1/images/style/properties/06edc2da9c6d103d299e5e8dafc5b6b9_images.jpg,Men,Footwear,Shoes,Formal Shoes,Black,Winter,2011.0,Formal,Buckaroo Men Flores Black Formal Shoes,Men Footwear Shoes Formal Shoes Black Winter 2011.0 Formal Buckaroo Men Flores Black Formal Shoes
48311,48311.jpg,http://assets.myntassets.com/v1/images/style/properties/Pitaraa-Women-Golden-Brass-Bead-Bracelet_179aa06939858b54e8e6c80fe12d94d5_images.jpg,Women,Accessories,Jewellery,Bracelet,Bronze,Winter,2012.0,Casual,Pitaraa Women Bronze Beaded Bracelet,Women Accessories Jewellery Bracelet Bronze Winter 2012.0 Casual Pitaraa Women Bronze Beaded Bracelet
7990,7990.jpg,http://assets.myntassets.com/v1/images/style/properties/296a8c388d05d67346db88af27d3b763_images.jpg,Men,Apparel,Topwear,Tshirts,Navy Blue,Fall,2011.0,Sports,Fila Men's Round Neck Navy Blue T-shirt,Men Apparel Topwear Tshirts Navy Blue Fall 2011.0 Sports Fila Men's Round Neck Navy Blue T-shirt
56019,56019.jpg,http://assets.myntassets.com/assets/images/56019/2019/1/11/49d718c4-6d86-42d1-8d00-1ce4b7851b2c1547190759839-Colorbar-Soft-Touch-Show-Stopper-Copper-Lipstick-037-2715471-1.jpg,Women,Personal Care,Lips,Lipstick,Brown,Spring,2017.0,Casual,Colorbar Soft Touch Show Stopper Copper Lipstick 037,Women Personal Care Lips Lipstick Brown Spring 2017.0 Casual Colorbar Soft Touch Show Stopper Copper Lipstick 037
21977,21977.jpg,http://assets.myntassets.com/v1/images/style/properties/88d0bc675d72477729f38c30332e749a_images.jpg,Women,Accessories,Bags,Handbags,Brown,Winter,2015.0,Casual,Murcia Women Casual Brown Handbag,Women Accessories Bags Handbags Brown Winter 2015.0 Casual Murcia Women Casual Brown Handbag
37812,37812.jpg,http://assets.myntassets.com/v1/images/style/properties/3af9f145845d8453a066322de35980af_images.jpg,Men,Apparel,Topwear,Shirts,Navy Blue,Summer,2012.0,Formal,John Players Men Navy Blue Shirt,Men Apparel Topwear Shirts Navy Blue Summer 2012.0 Formal John Players Men Navy Blue Shirt
4729,4729.jpg,http://assets.myntassets.com/v1/images/style/properties/0108969213975af06095ff84a0ec0c72_images.jpg,Boys,Apparel,Topwear,Tshirts,Green,Summer,2011.0,Casual,Disney Kids Boy's Crew Sea Life Sialing Green Teen Kidswear,Boys Apparel Topwear Tshirts Green Summer 2011.0 Casual Disney Kids Boy's Crew Sea Life Sialing Green Teen Kidswear
56825,56825.jpg,http://assets.myntassets.com/v1/images/style/properties/John-Players-Men-Brown-Shirt_7eec3b0568f65dc8f39a534376538551_images.jpg,Men,Apparel,Topwear,Shirts,Brown,Summer,2012.0,Casual,John Players Men Brown Shirt,Men Apparel Topwear Shirts Brown Summer 2012.0 Casual John Players Men Brown Shirt
39988,39988.jpg,http://assets.myntassets.com/v1/images/style/properties/9c3d77147758ab10f12caf6184fe13ef_images.jpg,Men,Footwear,Shoes,Casual Shoes,White,Winter,2014.0,Casual,Gas Men Europa White Shoes,Men Footwear Shoes Casual Shoes White Winter 2014.0 Casual Gas Men Europa White Shoes
59051,59051.jpg,http://assets.myntassets.com/v1/images/style/properties/Carlton-London-Women-Black-Gladiator-Sandals_b8f695202ccc1889f65d57b4000a888f_images.jpg,Women,Footwear,Shoes,Flats,Black,Winter,2012.0,Casual,Carlton London Women Black & Gold Toned Flats,Women Footwear Shoes Flats Black Winter 2012.0 Casual Carlton London Women Black & Gold Toned Flats
20099,20099.jpg,http://assets.myntassets.com/v1/images/style/properties/08a0c29d2ea67ca9449aa54466f6b0a1_images.jpg,Women,Apparel,Topwear,Kurtas,Green,Fall,2011.0,Ethnic,Diva Women Embroided Green Kurta,Women Apparel Topwear Kurtas Green Fall 2011.0 Ethnic Diva Women Embroided Green Kurta
58183,58183.jpg,http://assets.myntassets.com/v1/images/style/properties/Rocky-S-Women-White-Handbag_1440a0abd2ddaf3199965e604831b164_images.jpg,Women,Accessories,Bags,Handbags,White,Summer,2012.0,Casual,Rocky S Women White Handbag,Women Accessories Bags Handbags White Summer 2012.0 Casual Rocky S Women White Handbag
29742,29742.jpg,http://assets.myntassets.com/v1/images/style/properties/8b58c65e5634233b165c40cdbbcf58b8_images.jpg,Women,Accessories,Bags,Handbags,Teal,Summer,2012.0,Casual,Kiara Women Teal Handbag,Women Accessories Bags Handbags Teal Summer 2012.0 Casual Kiara Women Teal Handbag
51658,51658.jpg,http://assets.myntassets.com/v1/images/style/properties/072af0cd079f20296c72f3594a21f141_images.jpg,Women,Accessories,Watches,Watches,Copper,Winter,2016.0,Casual,Fossil Women Copper Chronograph Watch CH2589,Women Accessories Watches Watches Copper Winter 2016.0 Casual Fossil Women Copper Chronograph Watch CH2589
3954,3954.jpg,http://assets.myntassets.com/v1/images/style/properties/b56e261f9206aa95e42c43f4e62d0e5a_images.jpg,Women,Apparel,Topwear,Tshirts,Pink,Summer,2011.0,Casual,Jealous 21 Women's Pink T-shirt,Women Apparel Topwear Tshirts Pink Summer 2011.0 Casual Jealous 21 Women's Pink T-shirt
18839,18839.jpg,http://assets.myntassets.com/v1/images/style/properties/Peter-England-Men-Formal-Black-Beltbc472bd919c505690ecbc1eed8af7fbf_images.jpg,Men,Accessories,Belts,Belts,Black,Fall,2011.0,Formal,Peter England Men Formal Black Belt,Men Accessories Belts Belts Black Fall 2011.0 Formal Peter England Men Formal Black Belt
2886,2886.jpg,http://assets.myntassets.com/v1/images/style/properties/94a9deea53125663d9bbe61cb38b84b4_images.jpg,Women,Footwear,Shoes,Flats,Brown,Winter,2015.0,Casual,Catwalk Women Leather Brown Flats,Women Footwear Shoes Flats Brown Winter 2015.0 Casual Catwalk Women Leather Brown Flats
23278,23278.jpg,http://assets.myntassets.com/v1/images/style/properties/93aa34922c6446706c003ba2255747f5_images.jpg,Men,Accessories,Watches,Watches,Off White,Winter,2016.0,Casual,Maxima Ssteele Men Off White Watch,Men Accessories Watches Watches Off White Winter 2016.0 Casual Maxima Ssteele Men Off White Watch
28690,28690.jpg,http://assets.myntassets.com/v1/images/style/properties/df0a23e732654c5e7db3888e39393e79_images.jpg,Women,Apparel,Topwear,Kurtas,Beige,Summer,2012.0,Ethnic,W Women Printed Beige Kurta,Women Apparel Topwear Kurtas Beige Summer 2012.0 Ethnic W Women Printed Beige Kurta
8580,8580.jpg,http://assets.myntassets.com/v1/images/style/properties/0d2e2ceaaf6d09d447caad678b2edbe6_images.jpg,Men,Apparel,Topwear,Waistcoat,Grey,Fall,2011.0,Casual,Scullers Men  Grey Waistcoat,Men Apparel Topwear Waistcoat Grey Fall 2011.0 Casual Scullers Men  Grey Waistcoat
3168,3168.jpg,http://assets.myntassets.com/v1/images/style/properties/4eff2353c62ec8b7bca9fbbaf5996bd2_images.jpg,Men,Footwear,Shoes,Sports Shoes,White,Fall,2010.0,Sports,Nike Men's Incinerate MSL White Blue Shoe,Men Footwear Shoes Sports Shoes White Fall 2010.0 Sports Nike Men's Incinerate MSL White Blue Shoe
18005,18005.jpg,http://assets.myntassets.com/v1/images/style/properties/91ca48e3204f23cd376fad7f186875bf_images.jpg,Men,Apparel,Bottomwear,Shorts,Black,Summer,2011.0,Sports,Puma Men Long Logo Black Bermuda,Men Apparel Bottomwear Shorts Black Summer 2011.0 Sports Puma Men Long Logo Black Bermuda
17871,17871.jpg,http://assets.myntassets.com/v1/images/style/properties/155353efc674d253e30c213ca07bbb0b_images.jpg,Men,Apparel,Innerwear,Briefs,Maroon,Winter,2016.0,Casual,Levis Men Boxer Maroon Brief,Men Apparel Innerwear Briefs Maroon Winter 2016.0 Casual Levis Men Boxer Maroon Brief
9452,9452.jpg,http://assets.myntassets.com/v1/images/style/properties/5e557eb0be7c6420f7c7a6bbaa432993_images.jpg,Men,Apparel,Topwear,Shirts,Red,Fall,2011.0,Formal,John Miller Men Stripes White Red Shirts,Men Apparel Topwear Shirts Red Fall 2011.0 Formal John Miller Men Stripes White Red Shirts
38402,38402.jpg,http://assets.myntassets.com/v1/images/style/properties/2eb3aa5eefb3319f10f7815100a18e3c_images.jpg,Women,Accessories,Belts,Belts,Black,Summer,2012.0,Casual,Baggit Women Hood Dabang Black Belt,Women Accessories Belts Belts Black Summer 2012.0 Casual Baggit Women Hood Dabang Black Belt
44984,44984.jpg,http://assets.myntassets.com/v1/images/style/properties/676dd802241d46a5ce28c78d1dabbc5a_images.jpg,Women,Accessories,Watches,Watches,White,Winter,2016.0,Casual,Maxima Women White Dial Watch,Women Accessories Watches Watches White Winter 2016.0 Casual Maxima Women White Dial Watch
10268,10268.jpg,http://assets.myntassets.com/v1/images/style/properties/2976e4095e7b3ae2de99df54d2adeaaa_images.jpg,Men,Footwear,Shoes,Formal Shoes,Black,Fall,2012.0,Formal,Clarks Men Hang Work Leather Black Formal Shoes,Men Footwear Shoes Formal Shoes Black Fall 2012.0 Formal Clarks Men Hang Work Leather Black Formal Shoes
45856,45856.jpg,http://assets.myntassets.com/v1/images/style/properties/fee54b57fcd02b7c07d42b0918025099_images.jpg,Women,Apparel,Topwear,Kurtas,Brown,Summer,2012.0,Ethnic,Vishudh Women Brown Kurta,Women Apparel Topwear Kurtas Brown Summer 2012.0 Ethnic Vishudh Women Brown Kurta
32138,32138.jpg,http://assets.myntassets.com/v1/images/style/properties/Playboy-Men-Blue-Titanium-Briefs_5c63c52edabbab43f6aefc52842d73f2_images.jpg,Men,Apparel,Innerwear,Briefs,Blue,Summer,2016.0,Casual,Playboy Men Blue Titanium Briefs,Men Apparel Innerwear Briefs Blue Summer 2016.0 Casual Playboy Men Blue Titanium Briefs
59435,59435.jpg,http://assets.myntassets.com/v1/images/style/properties/Arrow-Men-Black-Formal-Shoes_70a3c7c185338a5636c8c0e668829bb6_images.jpg,Men,Footwear,Shoes,Formal Shoes,Black,Summer,2012.0,Formal,Arrow Men Black Formal Shoes,Men Footwear Shoes Formal Shoes Black Summer 2012.0 Formal Arrow Men Black Formal Shoes
5891,5891.jpg,http://assets.myntassets.com/v1/images/style/properties/02e4e32cd9d09052f0ec3d46fa747d39_images.jpg,Men,Apparel,Topwear,Tshirts,Black,Summer,2011.0,Casual,Puma Men's Stripe Polo Black T-shirt,Men Apparel Topwear Tshirts Black Summer 2011.0 Casual Puma Men's Stripe Polo Black T-shirt
38630,38630.jpg,http://assets.myntassets.com/v1/images/style/properties/206a0614c4644cd8816576efd47d60d8_images.jpg,Women,Apparel,Topwear,Tshirts,Purple,Summer,2012.0,Casual,Nike Women Purple Polo T-shirt,Women Apparel Topwear Tshirts Purple Summer 2012.0 Casual Nike Women Purple Polo T-shirt
4943,4943.jpg,http://assets.myntassets.com/v1/images/style/properties/1aae016d0abb224cfc18e6bd9bb01ad1_images.jpg,Men,Apparel,Topwear,Shirts,White,Summer,2011.0,Casual,Gini and Jony Boy's Kaleb White Brown Kidswear,Men Apparel Topwear Shirts White Summer 2011.0 Casual Gini and Jony Boy's Kaleb White Brown Kidswear
11188,11188.jpg,http://assets.myntassets.com/v1/images/style/properties/b2959d44db543af13d78492225a830de_images.jpg,Men,Accessories,Watches,Watches,Silver,Winter,2016.0,Casual,Carrera Men Dial steel finish strap Silver Watches,Men Accessories Watches Watches Silver Winter 2016.0 Casual Carrera Men Dial steel finish strap Silver Watches
10866,10866.jpg,http://assets.myntassets.com/v1/images/style/properties/b34550bc6415dcd66892de4ef2837fd9_images.jpg,Men,Apparel,Topwear,Tshirts,Red,Fall,2011.0,Casual,Wrangler Men Motor Rider Red T-Shirts,Men Apparel Topwear Tshirts Red Fall 2011.0 Casual Wrangler Men Motor Rider Red T-Shirts
59607,59607.jpg,http://assets.myntassets.com/v1/images/style/properties/FNF-Green-Collection-for-Wedding-Wear-Sari_6c60eef0b8d9cff87cfcd1f73953e5cd_images.jpg,Women,Apparel,Saree,Sarees,Grey,Fall,2012.0,Ethnic,FNF Pink & Grey Wedding Collection Sari,Women Apparel Saree Sarees Grey Fall 2012.0 Ethnic FNF Pink & Grey Wedding Collection Sari
15528,15528.jpg,http://assets.myntassets.com/v1/images/style/properties/cd16e955e4b6b3f9d7089c15652a3f00_images.jpg,Men,Apparel,Topwear,Tshirts,Black,Fall,2011.0,Casual,Puma Men Scribble Black Tshirts,Men Apparel Topwear Tshirts Black Fall 2011.0 Casual Puma Men Scribble Black Tshirts
45258,45258.jpg,http://assets.myntassets.com/v1/images/style/properties/b8024bdd3fc47c2b20bd840f89811979_images.jpg,Men,Accessories,Watches,Watches,Black,Winter,2016.0,Casual,CASIO EDIFICE Men Black Dial Chronograph Watch ED60,Men Accessories Watches Watches Black Winter 2016.0 Casual CASIO EDIFICE Men Black Dial Chronograph Watch ED60
42841,42841.jpg,http://assets.myntassets.com/v1/images/style/properties/97d3bb4a71c9f7da88305ce9144d8576_images.jpg,Women,Accessories,Bags,Handbags,Beige,Summer,2012.0,Casual,French Connection Women Beige Handbag,Women Accessories Bags Handbags Beige Summer 2012.0 Casual French Connection Women Beige Handbag
22198,22198.jpg,http://assets.myntassets.com/v1/images/style/properties/70e74ca34b3b534b19d6b006d5bfad0a_images.jpg,Men,Footwear,Shoes,Casual Shoes,Black,Fall,2012.0,Casual,Timberland Men Black Casual Shoes,Men Footwear Shoes Casual Shoes Black Fall 2012.0 Casual Timberland Men Black Casual Shoes
29570,29570.jpg,http://assets.myntassets.com/v1/images/style/properties/49f884ddf4420d869ad143857d3bc33d_images.jpg,Men,Footwear,Shoes,Casual Shoes,Purple,Summer,2012.0,Casual,Vans Men Classic Slip-On Purple & Black Shoes,Men Footwear Shoes Casual Shoes Purple Summer 2012.0 Casual Vans Men Classic Slip-On Purple & Black Shoes
43993,43993.jpg,http://assets.myntassets.com/v1/images/style/properties/438c41900a80acabb3ef197f0559a9eb_images.jpg,Women,Personal Care,Fragrance,Perfume and Body Mist,Pink,Spring,2017.0,Casual,Police Women Passion Perfume,Women Personal Care Fragrance Perfume and Body Mist Pink Spring 2017.0 Casual Police Women Passion Perfume
6628,6628.jpg,http://assets.myntassets.com/v1/images/style/properties/0707b75d2d44e9cec9d27c944294ddbe_images.jpg,Men,Footwear,Shoes,Sports Shoes,White,Summer,2011.0,Sports,ADIDAS Men's Lowell White Silver Shoe,Men Footwear Shoes Sports Shoes White Summer 2011.0 Sports ADIDAS Men's Lowell White Silver Shoe
54924,54924.jpg,http://assets.myntassets.com/v1/images/style/properties/Do-u-speak-green-Men-Blue-Shorts_40b6775eae62124195817a64d4ae4a93_images.jpg,Men,Apparel,Bottomwear,Shorts,Blue,Summer,2012.0,Casual,Do U Speak Green Men Blue Shorts,Men Apparel Bottomwear Shorts Blue Summer 2012.0 Casual Do U Speak Green Men Blue Shorts
26538,26538.jpg,http://assets.myntassets.com/v1/images/style/properties/6a6ebc47eaf2fe034bcfd94060a285ba_images.jpg,Men,Footwear,Shoes,Casual Shoes,Red,Fall,2012.0,Casual,ID Men Red Shoes,Men Footwear Shoes Casual Shoes Red Fall 2012.0 Casual ID Men Red Shoes
35913,35913.jpg,http://assets.myntassets.com/v1/images/style/properties/73bc7d63943231e4df1c7b7600496a3d_images.jpg,Women,Accessories,Bags,Handbags,Black,Summer,2012.0,Casual,Peperone Women Black & White Handbag,Women Accessories Bags Handbags Black Summer 2012.0 Casual Peperone Women Black & White Handbag
49495,49495.jpg,http://assets.myntassets.com/v1/images/style/properties/Vans-Men-Khaki-Shoes_dcaf7c703e9c0396650529df2b2a8893_images.jpg,Men,Footwear,Shoes,Casual Shoes,Khaki,Summer,2012.0,Casual,Vans Men Khaki Shoes,Men Footwear Shoes Casual Shoes Khaki Summer 2012.0 Casual Vans Men Khaki Shoes
9660,9660.jpg,http://assets.myntassets.com/v1/images/style/properties/0be615f02ae1f1cfe78155555a79007c_images.jpg,Men,Apparel,Topwear,Shirts,Pink,Fall,2011.0,Casual,Indigo Nation Men Reversible Bling Pink Shirts,Men Apparel Topwear Shirts Pink Fall 2011.0 Casual Indigo Nation Men Reversible Bling Pink Shirts
2288,2288.jpg,http://assets.myntassets.com/v1/images/style/properties/135f9aa8141d682fc218393049c70324_images.jpg,Women,Apparel,Topwear,Tshirts,Black,Fall,2010.0,Sports,Nike Women Black T-shirt,Women Apparel Topwear Tshirts Black Fall 2010.0 Sports Nike Women Black T-shirt
23876,23876.jpg,http://assets.myntassets.com/v1/images/style/properties/fcd52c6506b43f3af116a62c2ea81204_images.jpg,Men,Apparel,Topwear,Sweatshirts,Blue,Fall,2011.0,Casual,ADIDAS Men Blue Sweatshirt,Men Apparel Topwear Sweatshirts Blue Fall 2011.0 Casual ADIDAS Men Blue Sweatshirt
18237,18237.jpg,http://assets.myntassets.com/v1/images/style/properties/eba1c1b241555d8afa3f7232ed2c6933_images.jpg,Men,Apparel,Topwear,Tshirts,Red,Fall,2011.0,Casual,Manchester United Men Solid Red Tshirt,Men Apparel Topwear Tshirts Red Fall 2011.0 Casual Manchester United Men Solid Red Tshirt
54118,54118.jpg,http://assets.myntassets.com/v1/images/style/properties/8d6fd53f28e010658cdf5c14c43d0cb0_images.jpg,Women,Footwear,Shoes,Heels,Black,Winter,2012.0,Casual,Rocia Women Black Flats,Women Footwear Shoes Heels Black Winter 2012.0 Casual Rocia Women Black Flats
2872,2872.jpg,http://assets.myntassets.com/v1/images/style/properties/4d90e05b9e99e203b3ce191439619bcb_images.jpg,Women,Footwear,Shoes,Heels,Brown,Winter,2015.0,Casual,Catwalk Women Leather Flats,Women Footwear Shoes Heels Brown Winter 2015.0 Casual Catwalk Women Leather Flats
49653,49653.jpg,http://assets.myntassets.com/v1/images/style/properties/fe446adf94f9beb301b61bfc75a70bfa_images.jpg,Women,Apparel,Topwear,Tops,Green,Summer,2012.0,Casual,Mineral Women Green Top,Women Apparel Topwear Tops Green Summer 2012.0 Casual Mineral Women Green Top
8574,8574.jpg,http://assets.myntassets.com/v1/images/style/properties/0be6693dafb4261645b22c6e9e7e67f4_images.jpg,Women,Footwear,Sandal,Sandals,Pink,Fall,2011.0,Casual,Crocs Dora Boots Pink Sandals,Women Footwear Sandal Sandals Pink Fall 2011.0 Casual Crocs Dora Boots Pink Sandals
16957,16957.jpg,http://assets.myntassets.com/v1/images/style/properties/Image-Men-Classic-Eyewear-Black-Sunglasses_a37f3b87d0d05062ed063adc7aac78bf_images.jpg,Men,Accessories,Eyewear,Sunglasses,Black,Winter,2016.0,Casual,Image Men Sunglasses,Men Accessories Eyewear Sunglasses Black Winter 2016.0 Casual Image Men Sunglasses
19123,19123.jpg,http://assets.myntassets.com/v1/images/style/properties/69482728a521cbd2ba571e36016d5f63_images.jpg,Men,Footwear,Flip Flops,Flip Flops,Silver,Fall,2011.0,Casual,Lotto Men XL Water Man Silver Slippers,Men Footwear Flip Flops Flip Flops Silver Fall 2011.0 Casual Lotto Men XL Water Man Silver Slippers
13419,13419.jpg,http://assets.myntassets.com/v1/images/style/properties/8d7f0bbb0bdefcbcc692bcdf4a6400ee_images.jpg,Men,Apparel,Topwear,Tshirts,Pink,Summer,2011.0,Casual,United Colors of Benetton Men Solid Pink Polo T-shirts,Men Apparel Topwear Tshirts Pink Summer 2011.0 Casual United Colors of Benetton Men Solid Pink Polo T-shirts
17885,17885.jpg,http://assets.myntassets.com/v1/images/style/properties/c5c095c0e09eb200aa8d57457c53ec07_images.jpg,Men,Apparel,Innerwear,Innerwear Vests,Grey,Summer,2016.0,Casual,Levis Men Comfort Style Grey Innerwear Vest,Men Apparel Innerwear Innerwear Vests Grey Summer 2016.0 Casual Levis Men Comfort Style Grey Innerwear Vest
43369,43369.jpg,http://assets.myntassets.com/v1/images/style/properties/647838a2e988ab55b76c9aa9ddd15ad7_images.jpg,Men,Footwear,Flip Flops,Flip Flops,Black,Summer,2013.0,Casual,Reebok Men Black Possession Flip Flops,Men Footwear Flip Flops Flip Flops Black Summer 2013.0 Casual Reebok Men Black Possession Flip Flops
48781,48781.jpg,http://assets.myntassets.com/v1/images/style/properties/aff52e6e6bc208923a493612e8f6a3e7_images.jpg,Women,Accessories,Jewellery,Pendant,Silver,Summer,2012.0,Casual,Lucera Women Silver Pendant,Women Accessories Jewellery Pendant Silver Summer 2012.0 Casual Lucera Women Silver Pendant
44970,44970.jpg,http://assets.myntassets.com/v1/images/style/properties/80c170d3a8e46c81f22ecebd1f772d32_images.jpg,Men,Accessories,Watches,Watches,White,Winter,2016.0,Casual,Maxima Men White Dial Analog Chronograph Watch,Men Accessories Watches Watches White Winter 2016.0 Casual Maxima Men White Dial Analog Chronograph Watch
56489,56489.jpg,http://assets.myntassets.com/v1/images/style/properties/Streetwear-Ash-Nail-Polish--31_21d33100dbf0e4b8bb0b33a980de469b_images.jpg,Women,Personal Care,Nails,Nail Polish,Bronze,Spring,2017.0,,Streetwear Ash Nail Polish # 31,Women Personal Care Nails Nail Polish Bronze Spring 2017.0  Streetwear Ash Nail Polish # 31
39524,39524.jpg,http://assets.myntassets.com/v1/images/style/properties/1847a81fa1d237bfbae1e797dff55909_images.jpg,Unisex,Accessories,Bags,Laptop Bag,Orange,Summer,2012.0,Casual,Peter England Unisex Orange Sleeve Bag,Unisex Accessories Bags Laptop Bag Orange Summer 2012.0 Casual Peter England Unisex Orange Sleeve Bag
33822,33822.jpg,http://assets.myntassets.com/v1/images/style/properties/52ad8ae288ba080d88a116b3c70305ec_images.jpg,Men,Footwear,Shoes,Sports Shoes,White,Summer,2012.0,Sports,Puma Men Axis White & Grey Sports Shoes,Men Footwear Shoes Sports Shoes White Summer 2012.0 Sports Puma Men Axis White & Grey Sports Shoes
58513,58513.jpg,http://assets.myntassets.com/v1/images/style/properties/Tonga-Women-Maroon-Top_e5cc855ba59e5640817434d45f9c088d_images.jpg,Women,Apparel,Topwear,Tops,Off White,Summer,2012.0,Casual,Tonga Women Maroon Top,Women Apparel Topwear Tops Off White Summer 2012.0 Casual Tonga Women Maroon Top
25947,25947.jpg,http://assets.myntassets.com/v1/images/style/properties/aeb9132a29d8844aca73a4544d8135c5_images.jpg,Women,Accessories,Scarves,Scarves,Brown,Summer,2012.0,Casual,Femella Women Brown Scarf,Women Accessories Scarves Scarves Brown Summer 2012.0 Casual Femella Women Brown Scarf
52029,52029.jpg,http://assets.myntassets.com/v1/images/style/properties/cbc319393da4e3d0eb140d3c8a045d2c_images.jpg,Unisex,Apparel,Topwear,Rain Jacket,Coffee Brown,Summer,2012.0,,Just Natural Unisex Charcoal Rain Jacket,Unisex Apparel Topwear Rain Jacket Coffee Brown Summer 2012.0  Just Natural Unisex Charcoal Rain Jacket
5865,5865.jpg,http://assets.myntassets.com/v1/images/style/properties/2d986dbf9e5f64e3ab8471120c557db4_images.jpg,Men,Apparel,Topwear,Tshirts,Black,Summer,2011.0,Casual,ADIDAS Men's Twelve Faster T-shirt,Men Apparel Topwear Tshirts Black Summer 2011.0 Casual ADIDAS Men's Twelve Faster T-shirt
39716,39716.jpg,http://assets.myntassets.com/v1/images/style/properties/c5b0d7c1f0308be020655bc10ca16427_images.jpg,Women,Apparel,Dress,Dresses,Blue,Summer,2012.0,Casual,Arrow Woman Women Blue Dress,Women Apparel Dress Dresses Blue Summer 2012.0 Casual Arrow Woman Women Blue Dress
25349,25349.jpg,http://assets.myntassets.com/v1/images/style/properties/07f0136ab41d3167b3d1e8b84cfc5107_images.jpg,Men,Apparel,Innerwear,Briefs,Red,Summer,2016.0,Casual,Levis Men Red Brief,Men Apparel Innerwear Briefs Red Summer 2016.0 Casual Levis Men Red Brief
11940,11940.jpg,http://assets.myntassets.com/v1/images/style/properties/b23f1e70aec0102c360fb9dfdc476023_images.jpg,Men,Footwear,Sandal,Sandals,Black,Summer,2011.0,Casual,Ganuchi Men Casual Black Sandals,Men Footwear Sandal Sandals Black Summer 2011.0 Casual Ganuchi Men Casual Black Sandals
55802,55802.jpg,http://assets.myntassets.com/v1/images/style/properties/SDL-by-Sweet-Dreams-Women-White-Pyjama-Set_debea45adf6bdb5816030e5d05b53d2f_images.jpg,Women,Apparel,Loungewear and Nightwear,Night suits,White,Summer,2017.0,Casual,SDL by Sweet Dreams Women Green Printed Night Suit S11-3124,Women Apparel Loungewear and Nightwear Night suits White Summer 2017.0 Casual SDL by Sweet Dreams Women Green Printed Night Suit S11-3124
29584,29584.jpg,http://assets.myntassets.com/v1/images/style/properties/7a1bc7d255671c7f4b85f1b1b35e945b_images.jpg,Men,Apparel,Topwear,Tshirts,Black,Summer,2012.0,Casual,Indigo Nation Men Printed Black T-shirt,Men Apparel Topwear Tshirts Black Summer 2012.0 Casual Indigo Nation Men Printed Black T-shirt
43967,43967.jpg,http://assets.myntassets.com/v1/images/style/properties/2965814bbf6d6a14e720c712941b323c_images.jpg,Women,Personal Care,Fragrance,Perfume and Body Mist,Red,Spring,2017.0,Casual,DKNY Women Red Delicious Perfume,Women Personal Care Fragrance Perfume and Body Mist Red Spring 2017.0 Casual DKNY Women Red Delicious Perfume
28456,28456.jpg,http://assets.myntassets.com/v1/images/style/properties/c3a37f190933411b11c0fa488bc8bc4d_images.jpg,Women,Apparel,Bottomwear,Skirts,Blue,Summer,2012.0,Sports,Urban Yoga Women Blue Skirt With Leggings,Women Apparel Bottomwear Skirts Blue Summer 2012.0 Sports Urban Yoga Women Blue Skirt With Leggings
34009,34009.jpg,http://assets.myntassets.com/v1/images/style/properties/dce310e4c15223a6c964631190263284_images.jpg,Girls,Apparel,Topwear,Tops,Black,Summer,2012.0,Casual,Gini and Jony Girls Black Top,Girls Apparel Topwear Tops Black Summer 2012.0 Casual Gini and Jony Girls Black Top
19311,19311.jpg,http://assets.myntassets.com/v1/images/style/properties/ac5a2fb9462db16f4cf5fc0f3616a9e6_images.jpg,Men,Footwear,Shoes,Casual Shoes,White,Fall,2011.0,Casual,Nike Men Air Rift MTR White Casual Shoe,Men Footwear Shoes Casual Shoes White Fall 2011.0 Casual Nike Men Air Rift MTR White Casual Shoe
42089,42089.jpg,http://assets.myntassets.com/v1/images/style/properties/5059a8f382c53105f1bdce6780543934_images.jpg,Men,Footwear,Shoes,Sports Shoes,White,Summer,2012.0,Sports,ADIDAS Men White Corona Sports Shoes,Men Footwear Shoes Sports Shoes White Summer 2012.0 Sports ADIDAS Men White Corona Sports Shoes
22950,22950.jpg,http://assets.myntassets.com/v1/images/style/properties/1de1449cc15d68bc4e53fac49a1e0e18_images.jpg,Unisex,Accessories,Watches,Watches,Black,Winter,2016.0,Casual,Fastrack Unisex Black Dial Watch 9915PP13,Unisex Accessories Watches Watches Black Winter 2016.0 Casual Fastrack Unisex Black Dial Watch 9915PP13
49461,49461.jpg,http://assets.myntassets.com/v1/images/style/properties/Vans-Men-Blue-Casual-Shoes_f9ad04b071e06c34a04e2c0a047d58a1_images.jpg,Men,Footwear,Shoes,Casual Shoes,Blue,Summer,2012.0,Casual,Vans Men Blue Era Scilla Plaid Shoes,Men Footwear Shoes Casual Shoes Blue Summer 2012.0 Casual Vans Men Blue Era Scilla Plaid Shoes
8746,8746.jpg,http://assets.myntassets.com/v1/images/style/properties/Crocs-Kids-Navy-Blue-Clogs_dd0334757683ef726ca116cc7b8b6012_images.jpg,Unisex,Footwear,Flip Flops,Flip Flops,Navy Blue,Summer,2015.0,Casual,Crocs Kids Navy Blue Clogs,Unisex Footwear Flip Flops Flip Flops Navy Blue Summer 2015.0 Casual Crocs Kids Navy Blue Clogs
9694,9694.jpg,http://assets.myntassets.com/v1/images/style/properties/9b9622c9c440e59a67c876cf07706f3c_images.jpg,Men,Apparel,Topwear,Tshirts,White,Fall,2011.0,Casual,Classic Polo Men Vulcan White Polo Tshirts,Men Apparel Topwear Tshirts White Fall 2011.0 Casual Classic Polo Men Vulcan White Polo Tshirts
23882,23882.jpg,http://assets.myntassets.com/v1/images/style/properties/498da65eeee9a23f2049449258384d55_images.jpg,Men,Footwear,Shoes,Sports Shoes,Grey,Fall,2011.0,Sports,Fila Men Destiny Grey Sports Shoes,Men Footwear Shoes Sports Shoes Grey Fall 2011.0 Sports Fila Men Destiny Grey Sports Shoes
34835,34835.jpg,http://assets.myntassets.com/v1/images/style/properties/c0abfa74fe61af6ba9e5f4936f45e6c7_images.jpg,Men,Footwear,Shoes,Sports Shoes,Blue,Summer,2012.0,Sports,ADIDAS Men Blue Chill Sports Shoes,Men Footwear Shoes Sports Shoes Blue Summer 2012.0 Sports ADIDAS Men Blue Chill Sports Shoes
15984,15984.jpg,http://assets.myntassets.com/v1/images/style/properties/1049df82b306da238c324c6c7031b135_images.jpg,Men,Apparel,Topwear,Shirts,Yellow,Fall,2011.0,Casual,Turtle Check Men Yellow Shirt,Men Apparel Topwear Shirts Yellow Fall 2011.0 Casual Turtle Check Men Yellow Shirt
41268,41268.jpg,http://assets.myntassets.com/v1/images/style/properties/7cc4a01bf1667b6954fb9d44bfdda095_images.jpg,Men,Accessories,Wallets,Wallets,Black,Summer,2012.0,Casual,Arrow Men Black Wallet,Men Accessories Wallets Wallets Black Summer 2012.0 Casual Arrow Men Black Wallet
11518,11518.jpg,http://assets.myntassets.com/v1/images/style/properties/cea14ca6ae7273963babfa80798aa61c_images.jpg,Women,Footwear,Shoes,Heels,Grey,Winter,2015.0,Casual,Catwalk Women Gun Metal Grey Heels,Women Footwear Shoes Heels Grey Winter 2015.0 Casual Catwalk Women Gun Metal Grey Heels
14856,14856.jpg,http://assets.myntassets.com/v1/images/style/properties/22ab917e5ff62a05d1d932daf35cf158_images.jpg,Women,Accessories,Wallets,Wallets,Beige,Summer,2011.0,Casual,United Colors of Benetton Women Solid Beige Wallets,Women Accessories Wallets Wallets Beige Summer 2011.0 Casual United Colors of Benetton Women Solid Beige Wallets
33648,33648.jpg,http://assets.myntassets.com/v1/images/style/properties/42344fe581af7a4c62d2a39ceb57be24_images.jpg,Men,Footwear,Sandal,Sandals,Brown,Summer,2012.0,Casual,Lotto Men Ridge Brown Sandals,Men Footwear Sandal Sandals Brown Summer 2012.0 Casual Lotto Men Ridge Brown Sandals
59297,59297.jpg,http://assets.myntassets.com/v1/images/style/properties/US-Polo-Assn-Men-White---Navy-Blue-Shirt_233bed1565b9ac72f62fb685a2223f3c_images.jpg,Men,Apparel,Topwear,Shirts,White,Fall,2012.0,Casual,U.S. Polo Assn. Men White & Navy Blue Shirt,Men Apparel Topwear Shirts White Fall 2012.0 Casual U.S. Polo Assn. Men White & Navy Blue Shirt
28032,28032.jpg,http://assets.myntassets.com/v1/images/style/properties/e5b0ca8a3d69ff5f0d6e2d9303705eb9_images.jpg,Men,Apparel,Innerwear,Briefs,White,Summer,2016.0,Casual,Jockey ELANCE Men Bikini White Brief 1005,Men Apparel Innerwear Briefs White Summer 2016.0 Casual Jockey ELANCE Men Bikini White Brief 1005
27846,27846.jpg,http://assets.myntassets.com/v1/images/style/properties/a2826334fe816ee0e95ce93b8aabc90d_images.jpg,Women,Apparel,Topwear,Blazers,Charcoal,Summer,2012.0,Formal,Scullers For Her Charcoal Blazer,Women Apparel Topwear Blazers Charcoal Summer 2012.0 Formal Scullers For Her Charcoal Blazer
26994,26994.jpg,http://assets.myntassets.com/v1/images/style/properties/Jealous-21-Women-Black-Jeans_6c38590b2ec56b444a760aa56a8ef7e9_images.jpg,Women,Apparel,Bottomwear,Jeans,Black,Summer,2012.0,Casual,Jealous 21 Women Black Jeans,Women Apparel Bottomwear Jeans Black Summer 2012.0 Casual Jealous 21 Women Black Jeans
49839,49839.jpg,http://assets.myntassets.com/v1/images/style/properties/3101e6784596ba83c3fb728bcf5b6187_images.jpg,Women,Footwear,Flip Flops,Flip Flops,Red,Winter,2012.0,Casual,iPanema Women Red Flip Flops,Women Footwear Flip Flops Flip Flops Red Winter 2012.0 Casual iPanema Women Red Flip Flops
31923,31923.jpg,http://assets.myntassets.com/v1/images/style/properties/21c45000f209a31a74ed47f9ec9ac87e_images.jpg,Women,Accessories,Bags,Handbags,Blue,Summer,2012.0,Casual,Fabindia Women Blue Silk Sling Bag,Women Accessories Bags Handbags Blue Summer 2012.0 Casual Fabindia Women Blue Silk Sling Bag
2618,2618.jpg,http://assets.myntassets.com/v1/images/style/properties/1133e704c0d02e19ac7b09685788aa40_images.jpg,Women,Footwear,Shoes,Flats,Silver,Spring,2010.0,Casual,Carlton London Women Silver Wedge Sandal,Women Footwear Shoes Flats Silver Spring 2010.0 Casual Carlton London Women Silver Wedge Sandal
54588,54588.jpg,http://assets.myntassets.com/v1/images/style/properties/Sushilas-Women-Printed-Green-Kurta_c9347616597dbcbe6eca805e1677c269_images.jpg,Women,Apparel,Topwear,Kurtas,Green,Summer,2012.0,Ethnic,Sushilas Women Printed Green Kurta,Women Apparel Topwear Kurtas Green Summer 2012.0 Ethnic Sushilas Women Printed Green Kurta
49005,49005.jpg,http://assets.myntassets.com/v1/images/style/properties/Lucera-Women-Silver-Ring_dccb8dafadde1c4759acfb940fcb42e9_images.jpg,Women,Accessories,Jewellery,Ring,Silver,Summer,2012.0,Casual,Lucera Women Silver Ring,Women Accessories Jewellery Ring Silver Summer 2012.0 Casual Lucera Women Silver Ring
8322,8322.jpg,http://assets.myntassets.com/v1/images/style/properties/117451d5bf32c9ec341a6dfd0c28121a_images.jpg,Boys,Apparel,Topwear,Tshirts,Blue,Fall,2011.0,Casual,Doodle Boy's Route 66 Biker Blue Teen Kidswear,Boys Apparel Topwear Tshirts Blue Fall 2011.0 Casual Doodle Boy's Route 66 Biker Blue Teen Kidswear
13841,13841.jpg,http://assets.myntassets.com/v1/images/style/properties/f9f0f53a996cd6df9e48e4e685e25047_images.jpg,Unisex,Accessories,Watches,Watches,White,Winter,2016.0,Casual,ADIDAS Unisex Three Small Dials White Watches,Unisex Accessories Watches Watches White Winter 2016.0 Casual ADIDAS Unisex Three Small Dials White Watches
28200,28200.jpg,http://assets.myntassets.com/v1/images/style/properties/Ray-Ban-Men-Active-Lifestyle-Copper-Sunglassesb7761297ec669a622453f898fce8759f_images.jpg,Men,Accessories,Eyewear,Sunglasses,Copper,Winter,2016.0,Casual,Ray-Ban Men Active Lifestyle Copper Sunglasses,Men Accessories Eyewear Sunglasses Copper Winter 2016.0 Casual Ray-Ban Men Active Lifestyle Copper Sunglasses
12993,12993.jpg,http://assets.myntassets.com/v1/images/style/properties/6bb0dda205ff23b2b1fda526a3c74374_images.jpg,Unisex,Footwear,Shoes,Sports Shoes,Black,Fall,2011.0,Sports,ADIDAS Kids Adispeed Black Sports Shoes,Unisex Footwear Shoes Sports Shoes Black Fall 2011.0 Sports ADIDAS Kids Adispeed Black Sports Shoes
7158,7158.jpg,http://assets.myntassets.com/v1/images/style/properties/9b2dc2cfc35d37aee2f4d46532384605_images.jpg,Men,Apparel,Topwear,Shirts,Green,Fall,2011.0,Casual,Scullers Men  Green Check Shirt,Men Apparel Topwear Shirts Green Fall 2011.0 Casual Scullers Men  Green Check Shirt
18495,18495.jpg,http://assets.myntassets.com/v1/images/style/properties/c78acc78b83e4f2e014215d2a302f04b_images.jpg,Men,Footwear,Sandal,Sandals,White,Fall,2011.0,Casual,Puma Men Fashion Cat White Slipper,Men Footwear Sandal Sandals White Fall 2011.0 Casual Puma Men Fashion Cat White Slipper
8110,8110.jpg,http://assets.myntassets.com/v1/images/style/properties/112edfec7e1965c0f64ad9eb51cac579_images.jpg,Men,Accessories,Watches,Watches,Black,Winter,2016.0,Casual,Fastrack Men Economy 2 Analg Black Watch,Men Accessories Watches Watches Black Winter 2016.0 Casual Fastrack Men Economy 2 Analg Black Watch
19547,19547.jpg,http://assets.myntassets.com/v1/images/style/properties/2641289161a53042c64ced38cadb099b_images.jpg,Men,Apparel,Topwear,Sweatshirts,Blue,Fall,2011.0,Casual,United Colors of Benetton Men Solid Blue Sweatshirt,Men Apparel Topwear Sweatshirts Blue Fall 2011.0 Casual United Colors of Benetton Men Solid Blue Sweatshirt
7964,7964.jpg,http://assets.myntassets.com/v1/images/style/properties/59433decf845a0c856d3879435d95560_images.jpg,Men,Apparel,Topwear,Tshirts,Black,Fall,2011.0,Sports,Puma Men's Large Logo Graphic Black T-shirt,Men Apparel Topwear Tshirts Black Fall 2011.0 Sports Puma Men's Large Logo Graphic Black T-shirt
36934,36934.jpg,http://assets.myntassets.com/v1/images/style/properties/b0d3dcd6aaa7274486236fa267ef8cb5_images.jpg,Women,Personal Care,Fragrance,Perfume and Body Mist,Gold,Spring,2017.0,Casual,Giorgio Armani Women Idole Perfume,Women Personal Care Fragrance Perfume and Body Mist Gold Spring 2017.0 Casual Giorgio Armani Women Idole Perfume
39140,39140.jpg,http://assets.myntassets.com/v1/images/style/properties/4d16721ce6d31a02786fa271a40dbc86_images.jpg,Women,Apparel,Apparel Set,Kurta Sets,Black,Summer,2012.0,Ethnic,Aneri Women Black & Maroon Salwar Suit,Women Apparel Apparel Set Kurta Sets Black Summer 2012.0 Ethnic Aneri Women Black & Maroon Salwar Suit
20851,20851.jpg,http://assets.myntassets.com/v1/images/style/properties/ee617574380de80bee9cce9ec585e8be_images.jpg,Women,Accessories,Bags,Clutches,Red,Winter,2015.0,Casual,Spice Art Women Ribbon Embroidery Red Clutch,Women Accessories Bags Clutches Red Winter 2015.0 Casual Spice Art Women Ribbon Embroidery Red Clutch
41866,41866.jpg,http://assets.myntassets.com/v1/images/style/properties/7adfef9d7001cdcb9a58822c0c8b615f_images.jpg,Men,Footwear,Sandal,Sandals,Beige,Fall,2015.0,Casual,Estd. 1977 Men Beige & Green Sandals,Men Footwear Sandal Sandals Beige Fall 2015.0 Casual Estd. 1977 Men Beige & Green Sandals
58177,58177.jpg,http://assets.myntassets.com/v1/images/style/properties/Rocky-S-Women-Brown-Handbag_5b44f798c0d6b84b00ae5a6316d931af_images.jpg,Women,Accessories,Bags,Handbags,Brown,Summer,2012.0,Casual,Rocky S Women Brown Handbag,Women Accessories Bags Handbags Brown Summer 2012.0 Casual Rocky S Women Brown Handbag
44528,44528.jpg,http://assets.myntassets.com/v1/images/style/properties/5fdccf41dafc022f36adea9a7df6751c_images.jpg,Men,Footwear,Sandal,Sandals,Black,Summer,2012.0,Casual,Coolers Men Black Sandals,Men Footwear Sandal Sandals Black Summer 2012.0 Casual Coolers Men Black Sandals
16392,16392.jpg,http://assets.myntassets.com/v1/images/style/properties/9584fab8cde60a77e797973020e5c91d_images.jpg,Men,Apparel,Topwear,Shirts,Red,Fall,2011.0,Casual,Levis Men Check Red Shirts,Men Apparel Topwear Shirts Red Fall 2011.0 Casual Levis Men Check Red Shirts
51455,51455.jpg,http://assets.myntassets.com/v1/images/style/properties/28d91b2c102e5742714c7f706a73eeb4_images.jpg,Women,Apparel,Topwear,Shrug,Pink,Summer,2012.0,Casual,Tonga Women Pink Printed Shrug,Women Apparel Topwear Shrug Pink Summer 2012.0 Casual Tonga Women Pink Printed Shrug
50587,50587.jpg,http://assets.myntassets.com/v1/images/style/properties/9bd108a473fd6a01005be56f7f0a3807_images.jpg,Men,Apparel,Innerwear,Briefs,Grey,Summer,2016.0,Casual,Chromozome Men Grey Briefs,Men Apparel Innerwear Briefs Grey Summer 2016.0 Casual Chromozome Men Grey Briefs
17240,17240.jpg,http://assets.myntassets.com/v1/images/style/properties/7648ed40d904bf77502b84894f9cb980_images.jpg,Men,Apparel,Topwear,Tshirts,Black,Fall,2011.0,Casual,U.S. Polo Assn. Men Stripes Black  Polo Tshirt,Men Apparel Topwear Tshirts Black Fall 2011.0 Casual U.S. Polo Assn. Men Stripes Black  Polo Tshirt
47530,47530.jpg,http://assets.myntassets.com/v1/images/style/properties/daadf44edb9420bbd0d335702cf6e095_images.jpg,Women,Footwear,Shoes,Flats,Copper,Winter,2012.0,Casual,Portia Women Copper-Toned & Brown Sandals,Women Footwear Shoes Flats Copper Winter 2012.0 Casual Portia Women Copper-Toned & Brown Sandals
6617,6617.jpg,http://assets.myntassets.com/v1/images/style/properties/5c0c7cee1d5905a18f6a8d4821ae21aa_images.jpg,Men,Apparel,Topwear,Shirts,Black,Summer,2011.0,Casual,Spykar Men Black and white Check Shirt,Men Apparel Topwear Shirts Black Summer 2011.0 Casual Spykar Men Black and white Check Shirt
12732,12732.jpg,http://assets.myntassets.com/v1/images/style/properties/6c411e5ff01a791860ac0807b719cf28_images.jpg,Unisex,Accessories,Bags,Backpacks,Black,Fall,2011.0,Sports,Nike Unisex Swoosh Black Backpack,Unisex Accessories Bags Backpacks Black Fall 2011.0 Sports Nike Unisex Swoosh Black Backpack
3365,3365.jpg,http://assets.myntassets.com/v1/images/style/properties/477a546e340e50d1c7d4fb252a146692_images.jpg,Men,Apparel,Topwear,Tshirts,Black,Summer,2011.0,Casual,Myntra Men's Brain Black T-shirt,Men Apparel Topwear Tshirts Black Summer 2011.0 Casual Myntra Men's Brain Black T-shirt
42042,42042.jpg,http://assets.myntassets.com/v1/images/style/properties/16a858c7c58d665ba030df2f9f326086_images.jpg,Men,Footwear,Shoes,Sports Shoes,White,Summer,2012.0,Sports,Nike Men Air Relentless 2 MSL White Sports Shoes,Men Footwear Shoes Sports Shoes White Summer 2012.0 Sports Nike Men Air Relentless 2 MSL White Sports Shoes
23849,23849.jpg,http://assets.myntassets.com/v1/images/style/properties/aca469db7fbac91473fc2a810461889d_images.jpg,Men,Footwear,Shoes,Casual Shoes,Black,Fall,2011.0,Casual,ADIDAS Men Black Anzo Breeze Casual Shoes,Men Footwear Shoes Casual Shoes Black Fall 2011.0 Casual ADIDAS Men Black Anzo Breeze Casual Shoes
43190,43190.jpg,http://assets.myntassets.com/v1/images/style/properties/1c5acff37ece119c5adfe594c2b4bdcd_images.jpg,Women,Accessories,Watches,Watches,White,Winter,2016.0,Casual,Fastrack Women White Dial Watch,Women Accessories Watches Watches White Winter 2016.0 Casual Fastrack Women White Dial Watch
48578,48578.jpg,http://assets.myntassets.com/v1/images/style/properties/551485ddc5fa42d1734898e3b32e72c0_images.jpg,Men,Accessories,Jewellery,Bracelet,Steel,Summer,2012.0,Casual,Revv Men Steel Bracelet,Men Accessories Jewellery Bracelet Steel Summer 2012.0 Casual Revv Men Steel Bracelet
30462,30462.jpg,http://assets.myntassets.com/v1/images/style/properties/cef99b09020adbc2a0d7e5f9889ce9c4_images.jpg,Women,Apparel,Innerwear,Bra,Black,Summer,2014.0,Casual,Lovable Women All Day Long Black Bra,Women Apparel Innerwear Bra Black Summer 2014.0 Casual Lovable Women All Day Long Black Bra
18208,18208.jpg,http://assets.myntassets.com/v1/images/style/properties/4d0de24d6538a8507059625949e34878_images.jpg,Men,Accessories,Headwear,Caps,White,Fall,2011.0,Casual,Manchester United Men Solid White Cap,Men Accessories Headwear Caps White Fall 2011.0 Casual Manchester United Men Solid White Cap
54127,54127.jpg,http://assets.myntassets.com/v1/images/style/properties/50c7dd932d347768b05766e5dd231355_images.jpg,Women,Footwear,Shoes,Heels,Black,Winter,2012.0,Casual,Rocia Women Black Heels,Women Footwear Shoes Heels Black Winter 2012.0 Casual Rocia Women Black Heels
10065,10065.jpg,http://assets.myntassets.com/v1/images/style/properties/ef754e63472dece06abfa6d6c1266d91_images.jpg,Men,Apparel,Topwear,Tshirts,Yellow,Fall,2011.0,Casual,Puma Men ducati logo tee Yellow Tshirts,Men Apparel Topwear Tshirts Yellow Fall 2011.0 Casual Puma Men ducati logo tee Yellow Tshirts
24250,24250.jpg,http://assets.myntassets.com/v1/images/style/properties/ff82e800185f09437bdd38606dbd4ec6_images.jpg,Men,Footwear,Shoes,Casual Shoes,White,Fall,2012.0,Casual,Numero Uno Men White Casual Shoes,Men Footwear Shoes Casual Shoes White Fall 2012.0 Casual Numero Uno Men White Casual Shoes
32335,32335.jpg,http://assets.myntassets.com/v1/images/style/properties/Q-Q-Men-Silver-Dial-Watch_9bc915bdcff17ce2aa1168cf3a27654e_images.jpg,Men,Accessories,Watches,Watches,Silver,Winter,2016.0,Casual,Q&Q Men Silver-Toned Dial Analogue Watch Q252J404Y,Men Accessories Watches Watches Silver Winter 2016.0 Casual Q&Q Men Silver-Toned Dial Analogue Watch Q252J404Y
25382,25382.jpg,http://assets.myntassets.com/v1/images/style/properties/Levis-Men-White-Innerwear-Vest_ead823677896c7f737a55a7750d809c7_images.jpg,Men,Apparel,Innerwear,Innerwear Vests,White,Summer,2016.0,Casual,Levis Men White Innerwear Vest,Men Apparel Innerwear Innerwear Vests White Summer 2016.0 Casual Levis Men White Innerwear Vest
56670,56670.jpg,http://assets.myntassets.com/v1/images/style/properties/Maxima-Men-Black-Dial-Watch_c427a05e5f1d545b2b03ad86b4960427_images.jpg,Men,Accessories,Watches,Watches,Black,Winter,2016.0,Casual,Maxima Men Black Dial Watch,Men Accessories Watches Watches Black Winter 2016.0 Casual Maxima Men Black Dial Watch
5092,5092.jpg,http://assets.myntassets.com/v1/images/style/properties/f9622342fedb746c6515647f128b94a6_images.jpg,Men,Apparel,Topwear,Tshirts,Purple,Summer,2011.0,Casual,Wrangler Men's Minstrel Shoulder Loop Purple T-shirt,Men Apparel Topwear Tshirts Purple Summer 2011.0 Casual Wrangler Men's Minstrel Shoulder Loop Purple T-shirt
10859,10859.jpg,http://assets.myntassets.com/v1/images/style/properties/cc57b520818a0ada689545d2bdd025d9_images.jpg,Men,Apparel,Topwear,Tshirts,Navy Blue,Fall,2011.0,Casual,Wrangler Men Furious Rides Navy Blue T-Shirts,Men Apparel Topwear Tshirts Navy Blue Fall 2011.0 Casual Wrangler Men Furious Rides Navy Blue T-Shirts
59638,59638.jpg,http://assets.myntassets.com/v1/images/style/properties/FNF-Green-Collection-for-Wedding-Sari_7e6a7f6bba933b0923861ac3b65c9f5e_images.jpg,Women,Apparel,Saree,Sarees,Green,Fall,2012.0,Ethnic,FNF Green Wedding Collection Sari,Women Apparel Saree Sarees Green Fall 2012.0 Ethnic FNF Green Wedding Collection Sari
15517,15517.jpg,http://assets.myntassets.com/v1/images/style/properties/0ea0e6130d5d4c093e0e516f9b43ced6_images.jpg,Men,Footwear,Shoes,Casual Shoes,Red,Fall,2011.0,Casual,Rockport Men LLandro Red Casual Shoes,Men Footwear Shoes Casual Shoes Red Fall 2011.0 Casual Rockport Men LLandro Red Casual Shoes
4140,4140.jpg,http://assets.myntassets.com/v1/images/style/properties/7de650b81e8fd8be54794b6f466f3b8e_images.jpg,Women,Footwear,Shoes,Casual Shoes,Green,Winter,2015.0,Casual,Skechers Women Green Shoe,Women Footwear Shoes Casual Shoes Green Winter 2015.0 Casual Skechers Women Green Shoe
36795,36795.jpg,http://assets.myntassets.com/v1/images/style/properties/1223bc5aa8de555c058dbafa61b4c6cf_images.jpg,Men,Accessories,Watches,Watches,Silver,Winter,2016.0,Casual,Maxima Men Ssteele Silver Dial Watch,Men Accessories Watches Watches Silver Winter 2016.0 Casual Maxima Men Ssteele Silver Dial Watch
40527,40527.jpg,http://assets.myntassets.com/v1/images/style/properties/946643c653dae988057d427e72b4d5f6_images.jpg,Men,Accessories,Watches,Watches,Gold,Winter,2016.0,Casual,Titan Men Gold Dial Watch,Men Accessories Watches Watches Gold Winter 2016.0 Casual Titan Men Gold Dial Watch
10257,10257.jpg,http://assets.myntassets.com/v1/images/style/properties/bbddb8510d402639e0a038bde5ec08bb_images.jpg,Men,Apparel,Bottomwear,Trousers,Black,Fall,2011.0,Formal,John Miller Men Solid Type Black Trousers,Men Apparel Bottomwear Trousers Black Fall 2011.0 Formal John Miller Men Solid Type Black Trousers
24062,24062.jpg,http://assets.myntassets.com/v1/images/style/properties/b24d6360e5f726e86b7db28e2225894b_images.jpg,Men,Apparel,Topwear,Tshirts,Navy Blue,Summer,2012.0,Casual,Locomotive Men Navy Blue Printed T-shirt,Men Apparel Topwear Tshirts Navy Blue Summer 2012.0 Casual Locomotive Men Navy Blue Printed T-shirt
45869,45869.jpg,http://assets.myntassets.com/v1/images/style/properties/f0a2359518806948aa76a37b1c9fe2a9_images.jpg,Men,Accessories,Watches,Watches,Brown,Winter,2016.0,Casual,Maxima Men Brown Dial Watch,Men Accessories Watches Watches Brown Winter 2016.0 Casual Maxima Men Brown Dial Watch
11385,11385.jpg,http://assets.myntassets.com/v1/images/style/properties/c843af98fead5393ecf56934e07ca496_images.jpg,Women,Apparel,Topwear,Sweatshirts,Black,Fall,2011.0,Casual,United Colors Of Benetton Women Light Winter Black Sweatshirts,Women Apparel Topwear Sweatshirts Black Fall 2011.0 Casual United Colors Of Benetton Women Light Winter Black Sweatshirts
53130,53130.jpg,http://assets.myntassets.com/v1/images/style/properties/Catwalk-Women-Brown-Sandals_c094f60d90c695681a6b79cf241777fc_images.jpg,Women,Footwear,Shoes,Flats,Brown,Winter,2015.0,Casual,Catwalk Women Brown Sandals,Women Footwear Shoes Flats Brown Winter 2015.0 Casual Catwalk Women Brown Sandals
44187,44187.jpg,http://assets.myntassets.com/v1/images/style/properties/3db0d3544350b8d72f968ede0af3b0d3_images.jpg,Women,Personal Care,Fragrance,Perfume and Body Mist,White,Spring,2017.0,Casual,Nike Fragrances Women 5th Element Perfume 150 ml,Women Personal Care Fragrance Perfume and Body Mist White Spring 2017.0 Casual Nike Fragrances Women 5th Element Perfume 150 ml
21510,21510.jpg,http://assets.myntassets.com/v1/images/style/properties/97f41f38d2fa5f88fa5322daf7f093f6_images.jpg,Women,Accessories,Bags,Handbags,White,Winter,2015.0,Casual,Kiara Women Graphiti White Handbag,Women Accessories Bags Handbags White Winter 2015.0 Casual Kiara Women Graphiti White Handbag
51667,51667.jpg,http://assets.myntassets.com/v1/images/style/properties/Louis-Philippe-Men-Grey-Sunglasses_1446c537f905743abebac42f5a02f776_images.jpg,Men,Accessories,Eyewear,Sunglasses,Grey,Winter,2016.0,Casual,Louis Philippe Men Grey Sunglasses,Men Accessories Eyewear Sunglasses Grey Winter 2016.0 Casual Louis Philippe Men Grey Sunglasses
22395,22395.jpg,http://assets.myntassets.com/v1/images/style/properties/e01152d30659f4099b46cb0c1fcb918b_images.jpg,Men,Apparel,Topwear,Shirts,Blue,Fall,2011.0,Casual,Mark Taylor Men Striped Blue Shirt,Men Apparel Topwear Shirts Blue Fall 2011.0 Casual Mark Taylor Men Striped Blue Shirt
35322,35322.jpg,http://assets.myntassets.com/v1/images/style/properties/f21ff0021d5d5095ed087314e548ea24_images.jpg,Women,Accessories,Jewellery,Earrings,Silver,Winter,2016.0,Ethnic,Fabindia Women Anusuya Silver Earrings,Women Accessories Jewellery Earrings Silver Winter 2016.0 Ethnic Fabindia Women Anusuya Silver Earrings
6425,6425.jpg,http://assets.myntassets.com/v1/images/style/properties/ef0e264ebd347265da9fcf1bdff4b2f5_images.jpg,Unisex,Footwear,Shoes,Casual Shoes,Black,Summer,2011.0,Casual,Lotto Unisex Canvas Black Check Shoe,Unisex Footwear Shoes Casual Shoes Black Summer 2011.0 Casual Lotto Unisex Canvas Black Check Shoe
18806,18806.jpg,http://assets.myntassets.com/v1/images/style/properties/f8a2854d9f97f9fde7b768dd3648198d_images.jpg,Men,Accessories,Belts,Belts,Tan,Summer,2011.0,Casual,Peter England Men Casual Tan Belt,Men Accessories Belts Belts Tan Summer 2011.0 Casual Peter England Men Casual Tan Belt
23247,23247.jpg,http://assets.myntassets.com/v1/images/style/properties/0201105e4604bc784525d9cf0e972c40_images.jpg,Men,Footwear,Shoes,Formal Shoes,Black,Fall,2011.0,Formal,Arrow Men Formal Black Shoe,Men Footwear Shoes Formal Shoes Black Fall 2011.0 Formal Arrow Men Formal Black Shoe
17072,17072.jpg,http://assets.myntassets.com/v1/images/style/properties/3f475c2e490c2e2c653f10aa5a4a4506_images.jpg,Women,Accessories,Belts,Belts,Grey,Winter,2015.0,Casual,Lino Perros Women Weaved  Grey Belt,Women Accessories Belts Belts Grey Winter 2015.0 Casual Lino Perros Women Weaved  Grey Belt
31782,31782.jpg,http://assets.myntassets.com/v1/images/style/properties/5b427e7381af213df2d54a17cd193aea_images.jpg,Women,Apparel,Topwear,Tops,Blue,Summer,2012.0,Casual,Lee Women Paula Blue Top,Women Apparel Topwear Tops Blue Summer 2012.0 Casual Lee Women Paula Blue Top
42270,42270.jpg,http://assets.myntassets.com/v1/images/style/properties/ea497c53bbc69cb510e3f7b2fe4a7abb_images.jpg,Unisex,Footwear,Shoes,Casual Shoes,Black,Summer,2012.0,Casual,Vans Unisex Black & Grey Classic Shoes,Unisex Footwear Shoes Casual Shoes Black Summer 2012.0 Casual Vans Unisex Black & Grey Classic Shoes
12500,12500.jpg,http://assets.myntassets.com/v1/images/style/properties/47e0bf9f4a04bd6f5901c0f4fc65e54d_images.jpg,Men,Apparel,Topwear,Shirts,Black,Fall,2011.0,Casual,United Colors of Benetton Men Short Black Shirts,Men Apparel Topwear Shirts Black Fall 2011.0 Casual United Colors of Benetton Men Short Black Shirts
26735,26735.jpg,http://assets.myntassets.com/v1/images/style/properties/4f56561974db43db763f18a06caedbd0_images.jpg,Men,Personal Care,Fragrance,Deodorant,Black,Spring,2017.0,Casual,Reebok Men Pack of 2 Pirates of the Caribbean Deos,Men Personal Care Fragrance Deodorant Black Spring 2017.0 Casual Reebok Men Pack of 2 Pirates of the Caribbean Deos
30650,30650.jpg,http://assets.myntassets.com/v1/images/style/properties/75c8932f3b5a274c73e3c94f95540d7b_images.jpg,Men,Apparel,Topwear,Tshirts,Black,Summer,2012.0,Casual,Nike Men Printed Black T-shirt,Men Apparel Topwear Tshirts Black Summer 2012.0 Casual Nike Men Printed Black T-shirt
56026,56026.jpg,http://assets.myntassets.com/v1/images/style/properties/ColorBar-Soft-Touch-Mousse-Lipstick-025_9acb45fa8b3bc6021e8ef261642e9de1_images.jpg,Women,Personal Care,Lips,Lipstick,Brown,Spring,2017.0,Casual,Colorbar Soft Touch Mousse Lipstick 025,Women Personal Care Lips Lipstick Brown Spring 2017.0 Casual Colorbar Soft Touch Mousse Lipstick 025
21948,21948.jpg,http://assets.myntassets.com/v1/images/style/properties/bf2a4f36c9cc6b2fb51c5e7bad341681_images.jpg,Women,Accessories,Bags,Handbags,Brown,Winter,2015.0,Casual,Murcia Women Casual Brown Handbag,Women Accessories Bags Handbags Brown Winter 2015.0 Casual Murcia Women Casual Brown Handbag
32563,32563.jpg,http://assets.myntassets.com/v1/images/style/properties/ONLY-Women-directoire-blue-Trousers_9ad40a06ae4b8c071f84e12599c1c9b7_images.jpg,Women,Apparel,Bottomwear,Trousers,Blue,Summer,2012.0,Casual,ONLY Women directoire blue Trousers,Women Apparel Bottomwear Trousers Blue Summer 2012.0 Casual ONLY Women directoire blue Trousers
58980,58980.jpg,http://assets.myntassets.com/v1/images/style/properties/Colour-me-Women-Flowers-Deo_bbdd019aace399d86a7f5c4ba11f6881_images.jpg,Women,Personal Care,Fragrance,Deodorant,Pink,Spring,2017.0,Casual,Colour me Women Flowers Deo,Women Personal Care Fragrance Deodorant Pink Spring 2017.0 Casual Colour me Women Flowers Deo
40143,40143.jpg,http://assets.myntassets.com/v1/images/style/properties/fc3c1b46906d5c148c45f532d0b3ffb5_images.jpg,Girls,Apparel,Topwear,Tops,Blue,Summer,2012.0,Casual,Gini and Jony Girls Pretty Blossom Blue Top,Girls Apparel Topwear Tops Blue Summer 2012.0 Casual Gini and Jony Girls Pretty Blossom Blue Top
10633,10633.jpg,http://assets.myntassets.com/v1/images/style/properties/b195b911f558c0232e22849d1ca73193_images.jpg,Men,Footwear,Shoes,Formal Shoes,Brown,Fall,2011.0,Formal,Carlton London Men Formal Brown Formal Shoes,Men Footwear Shoes Formal Shoes Brown Fall 2011.0 Formal Carlton London Men Formal Brown Formal Shoes
24406,24406.jpg,http://assets.myntassets.com/v1/images/style/properties/cc658745ce38f9e09bec039a997155a9_images.jpg,Women,Apparel,Topwear,Kurtas,Red,Summer,2012.0,Ethnic,Vishudh Women Red Printed Kurta,Women Apparel Topwear Kurtas Red Summer 2012.0 Ethnic Vishudh Women Red Printed Kurta
4716,4716.jpg,http://assets.myntassets.com/v1/images/style/properties/d63e1260ab9823cd64cbe4336a5bb94d_images.jpg,Unisex,Accessories,Watches,Watches,Black,Winter,2016.0,Sports,ADIDAS Unisex Response ST Analogue Black Watch,Unisex Accessories Watches Watches Black Winter 2016.0 Sports ADIDAS Unisex Response ST Analogue Black Watch
21174,21174.jpg,http://assets.myntassets.com/v1/images/style/properties/5a76ef8930d8bd543d8f7e6f5383d390_images.jpg,Women,Apparel,Topwear,Tops,Beige,Fall,2011.0,Casual,s.Oliver Women Stripes Beige Top,Women Apparel Topwear Tops Beige Fall 2011.0 Casual s.Oliver Women Stripes Beige Top
15341,15341.jpg,http://assets.myntassets.com/v1/images/style/properties/f105cf31753c2cbdf23e8722dc83a019_images.jpg,Women,Apparel,Bottomwear,Shorts,Pink,Fall,2011.0,Sports,Nike Women Solid Pink Shorts,Women Apparel Bottomwear Shorts Pink Fall 2011.0 Sports Nike Women Solid Pink Shorts
52486,52486.jpg,http://assets.myntassets.com/v1/images/style/properties/Red-Rose-Maroon-Bra_c75c0ad76e53ba58736e6f8fd21d07b0_images.jpg,Women,Apparel,Innerwear,Camisoles,Maroon,Winter,2015.0,Casual,Red Rose Maroon Camisole,Women Apparel Innerwear Camisoles Maroon Winter 2015.0 Casual Red Rose Maroon Camisole
53554,53554.jpg,http://assets.myntassets.com/v1/images/style/properties/Probase-Men-Yellow-Boxers_80cada245724ee958e0c5721d51cfab7_images.jpg,Men,Apparel,Innerwear,Boxers,Multi,Summer,2016.0,Casual,Probase Multicoloured Printed Boxers,Men Apparel Innerwear Boxers Multi Summer 2016.0 Casual Probase Multicoloured Printed Boxers
14293,14293.jpg,http://assets.myntassets.com/v1/images/style/properties/8e4099bc672a376b156e1fe903fd5e16_images.jpg,Men,Apparel,Topwear,Tshirts,Blue,Fall,2011.0,Casual,Classic Polo Men Stripes Blue Tshirts,Men Apparel Topwear Tshirts Blue Fall 2011.0 Casual Classic Polo Men Stripes Blue Tshirts
47366,47366.jpg,http://assets.myntassets.com/v1/images/style/properties/895bed5b7e643c97fb880515cea0c930_images.jpg,Women,Accessories,Bags,Handbags,Blue,Summer,2012.0,Casual,Baggit Women Blue Bag,Women Accessories Bags Handbags Blue Summer 2012.0 Casual Baggit Women Blue Bag
6041,6041.jpg,http://assets.myntassets.com/v1/images/style/properties/b54b7d7f19b9dbb54c85c584719c46ef_images.jpg,Men,Apparel,Topwear,Tshirts,Navy Blue,Summer,2011.0,Casual,UCB Men's Polo Neck With Lion Logo Navy Blue T-shirt,Men Apparel Topwear Tshirts Navy Blue Summer 2011.0 Casual UCB Men's Polo Neck With Lion Logo Navy Blue T-shirt
23623,23623.jpg,http://assets.myntassets.com/v1/images/style/properties/ef9685293a987f515492addd034006bf_images.jpg,Girls,Apparel,Topwear,Tops,Pink,Fall,2011.0,Casual,Doodle Kids Girls Pink I love Shopping Top,Girls Apparel Topwear Tops Pink Fall 2011.0 Casual Doodle Kids Girls Pink I love Shopping Top
17416,17416.jpg,http://assets.myntassets.com/v1/images/style/properties/1279efc8b61fb461a804f0c1f82f276b_images.jpg,Men,Footwear,Shoes,Sports Shoes,Black,Fall,2011.0,Sports,Lotto Men Atlantica Black Sports Shoe,Men Footwear Shoes Sports Shoes Black Fall 2011.0 Sports Lotto Men Atlantica Black Sports Shoe
9835,9835.jpg,http://assets.myntassets.com/v1/images/style/properties/e2604389938f13f2cc1a772bba320a45_images.jpg,Women,Apparel,Topwear,Tshirts,Grey,Fall,2011.0,Casual,Little Miss Women Printed Grey T-shirt,Women Apparel Topwear Tshirts Grey Fall 2011.0 Casual Little Miss Women Printed Grey T-shirt
29319,29319.jpg,http://assets.myntassets.com/v1/images/style/properties/d0817a4778047d75a9d4f32e78b9b1fd_images.jpg,Unisex,Accessories,Bags,Backpacks,Red,Summer,2012.0,Casual,ADIDAS Unisex Chicago Bulls Red Backpack,Unisex Accessories Bags Backpacks Red Summer 2012.0 Casual ADIDAS Unisex Chicago Bulls Red Backpack
7193,7193.jpg,http://assets.myntassets.com/v1/images/style/properties/054b93509e888e996ba7b12b554870e3_images.jpg,Women,Apparel,Bottomwear,Jeans,Black,Fall,2011.0,Casual,Jealous 21 Women Black Jegging,Women Apparel Bottomwear Jeans Black Fall 2011.0 Casual Jealous 21 Women Black Jegging
12958,12958.jpg,http://assets.myntassets.com/v1/images/style/properties/9c0d1badace8d2eb9680232648e94d85_images.jpg,Men,Footwear,Shoes,Sports Shoes,Black,Fall,2011.0,Sports,ADIDAS Men Sports Black Sports Shoes,Men Footwear Shoes Sports Shoes Black Fall 2011.0 Sports ADIDAS Men Sports Black Sports Shoes
27283,27283.jpg,http://assets.myntassets.com/v1/images/style/properties/1dea61d01ec84aed63dcbb32adda717a_images.jpg,Women,Apparel,Topwear,Kurtas,Magenta,Fall,2011.0,Ethnic,Mother Earth Women Magenta Kurta,Women Apparel Topwear Kurtas Magenta Fall 2011.0 Ethnic Mother Earth Women Magenta Kurta
30234,30234.jpg,http://assets.myntassets.com/v1/images/style/properties/7b99e89eac30c7d4d78d54c8cc67e35a_images.jpg,Men,Footwear,Flip Flops,Flip Flops,Black,Summer,2012.0,Casual,Numero Uno Men Black Flip Flops,Men Footwear Flip Flops Flip Flops Black Summer 2012.0 Casual Numero Uno Men Black Flip Flops
9009,9009.jpg,http://assets.myntassets.com/v1/images/style/properties/b11805dfd1077ea3a4538fba3ffed149_images.jpg,Women,Accessories,Bags,Handbags,Brown,Winter,2015.0,Casual,Murcia Women Snake Print Bag Brown Handbags,Women Accessories Bags Handbags Brown Winter 2015.0 Casual Murcia Women Snake Print Bag Brown Handbags
3533,3533.jpg,http://assets.myntassets.com/v1/images/style/properties/c6a6fbe4d75e40529b7be5427d095142_images.jpg,Men,Apparel,Topwear,Tshirts,Navy Blue,Summer,2011.0,Casual,Myntra Men's If You Don't Like Navy Blue T-shirt,Men Apparel Topwear Tshirts Navy Blue Summer 2011.0 Casual Myntra Men's If You Don't Like Navy Blue T-shirt
42614,42614.jpg,http://assets.myntassets.com/v1/images/style/properties/4067d54c1f9caba707a51d665ef0e38e_images.jpg,Women,Accessories,Jewellery,Jewellery Set,Gold,Winter,2016.0,Casual,Estelle Women Earrings & Pendant Set,Women Accessories Jewellery Jewellery Set Gold Winter 2016.0 Casual Estelle Women Earrings & Pendant Set
12164,12164.jpg,http://assets.myntassets.com/v1/images/style/properties/88540c74d7d507c9371c5d9f37125ce1_images.jpg,Women,Apparel,Topwear,Dupatta,Orange,Fall,2011.0,Ethnic,Aurelia Women Voile Orange Dupatta,Women Apparel Topwear Dupatta Orange Fall 2011.0 Ethnic Aurelia Women Voile Orange Dupatta
26351,26351.jpg,http://assets.myntassets.com/v1/images/style/properties/a002d0eed07e5e2c140da41e8db2ddf7_images.jpg,Women,Accessories,Watches,Watches,White,Winter,2016.0,Casual,DKNY Women White Dial Watch NY8472,Women Accessories Watches Watches White Winter 2016.0 Casual DKNY Women White Dial Watch NY8472
17624,17624.jpg,http://assets.myntassets.com/v1/images/style/properties/98252134c6398e50aeebd873e6eafceb_images.jpg,Men,Apparel,Bottomwear,Track Pants,Navy Blue,Fall,2011.0,Sports,ADIDAS Men Solid Navy Blue Track Pant,Men Apparel Bottomwear Track Pants Navy Blue Fall 2011.0 Sports ADIDAS Men Solid Navy Blue Track Pant
47154,47154.jpg,http://assets.myntassets.com/v1/images/style/properties/5158808a5bdd60c8c8af6999f8481160_images.jpg,Girls,Apparel,Bottomwear,Capris,Black,Summer,2012.0,Casual,Gini and Jony Girls Black Capris,Girls Apparel Bottomwear Capris Black Summer 2012.0 Casual Gini and Jony Girls Black Capris
35574,35574.jpg,http://assets.myntassets.com/v1/images/style/properties/9c1df994bfd66e4485b82d0e74066d98_images.jpg,Men,Footwear,Flip Flops,Flip Flops,Red,Summer,2013.0,Casual,Gliders Men Esquire Red Flip Flops,Men Footwear Flip Flops Flip Flops Red Summer 2013.0 Casual Gliders Men Esquire Red Flip Flops
46086,46086.jpg,http://assets.myntassets.com/v1/images/style/properties/97b4da7324d9f9b3a6f507333141faae_images.jpg,Women,Footwear,Shoes,Sports Shoes,Lavender,Summer,2012.0,Sports,ADIDAS Women Lavender Hagkok Sports Shoes,Women Footwear Shoes Sports Shoes Lavender Summer 2012.0 Sports ADIDAS Women Lavender Hagkok Sports Shoes
51031,51031.jpg,http://assets.myntassets.com/v1/images/style/properties/493409fb23791fa2cb220289e92affd7_images.jpg,Women,Apparel,Innerwear,Bra,White,Summer,2017.0,Casual,Enamor White Bra,Women Apparel Innerwear Bra White Summer 2017.0 Casual Enamor White Bra
13284,13284.jpg,http://assets.myntassets.com/v1/images/style/properties/1d2eaf1491e0bf4906165ab1eaff3ad1_images.jpg,Men,Apparel,Bottomwear,Shorts,Black,Fall,2011.0,Casual,Gini and Jony Kids Boys Solid Black Shorts,Men Apparel Bottomwear Shorts Black Fall 2011.0 Casual Gini and Jony Kids Boys Solid Black Shorts
54543,54543.jpg,http://assets.myntassets.com/v1/images/style/properties/F-Sports-Men-White-Outlander-Sports-Shoes_b600b7c68b5e9dd8b56dcd8732ce0fda_images.jpg,Men,Footwear,Shoes,Sports Shoes,White,Fall,2012.0,Casual,F Sports Men White Outlander Sports Shoes,Men Footwear Shoes Sports Shoes White Fall 2012.0 Casual F Sports Men White Outlander Sports Shoes
55491,55491.jpg,http://assets.myntassets.com/v1/images/style/properties/Revlon-Gold-Dust-Poussiere-Doree-Colorburst-Lip-Gloss-024_ed41da69ac3f9c1c17cb6517a999b749_images.jpg,Women,Personal Care,Lips,Lip Gloss,Brown,Spring,2017.0,Casual,Revlon Gold Dust Poussiere Doree Colorburst Lip Gloss 024,Women Personal Care Lips Lip Gloss Brown Spring 2017.0 Casual Revlon Gold Dust Poussiere Doree Colorburst Lip Gloss 024
26163,26163.jpg,http://assets.myntassets.com/v1/images/style/properties/987d4390421e951dafe4bfdaba57f5fd_images.jpg,Men,Apparel,Bottomwear,Trousers,Grey,Summer,2012.0,Formal,John Miller Men Dark Grey Trousers,Men Apparel Bottomwear Trousers Grey Summer 2012.0 Formal John Miller Men Dark Grey Trousers
3701,3701.jpg,http://assets.myntassets.com/v1/images/style/properties/906c588711dcf840a61168758f463664_images.jpg,Women,Apparel,Topwear,Tshirts,Black,Summer,2011.0,Casual,Tantra Women Flower Heart Black Long T-shirt,Women Apparel Topwear Tshirts Black Summer 2011.0 Casual Tantra Women Flower Heart Black Long T-shirt
29917,29917.jpg,http://assets.myntassets.com/v1/images/style/properties/Police-Men-Steel-Dial-Watch_51e58f90f98b042641c9b54f09b54fd6_images.jpg,Men,Accessories,Watches,Watches,White,Winter,2016.0,Casual,Police Men White Dial Watch PL12698JS,Men Accessories Watches Watches White Winter 2016.0 Casual Police Men White Dial Watch PL12698JS
42426,42426.jpg,http://assets.myntassets.com/v1/images/style/properties/2e25195b2eaba31b89a991f2e0dbd532_images.jpg,Women,Apparel,Topwear,Kurtas,Sea Green,Summer,2012.0,Ethnic,Aurelia Women Sea Green Kurta,Women Apparel Topwear Kurtas Sea Green Summer 2012.0 Ethnic Aurelia Women Sea Green Kurta
32751,32751.jpg,http://assets.myntassets.com/v1/images/style/properties/ea051d39d65bfdcba994e6cd49061bd7_images.jpg,Men,Footwear,Shoes,Casual Shoes,Black,Summer,2012.0,Casual,FILA Men Liga II Black Shoes,Men Footwear Shoes Casual Shoes Black Summer 2012.0 Casual FILA Men Liga II Black Shoes
56214,56214.jpg,http://assets.myntassets.com/v1/images/style/properties/Estelle-Earrings_7271511bf974f34b0c0e80431617e034_images.jpg,Women,Accessories,Jewellery,Earrings,Gold,Winter,2016.0,Casual,Estelle Women Gold Earrings,Women Accessories Jewellery Earrings Gold Winter 2016.0 Casual Estelle Women Gold Earrings
10401,10401.jpg,http://assets.myntassets.com/v1/images/style/properties/144954d20ce2e31fe6953f3e249e9a68_images.jpg,Women,Apparel,Topwear,Tops,Purple,Fall,2011.0,Casual,Jealous 21 Women Uaine Purple Tops,Women Apparel Topwear Tops Purple Fall 2011.0 Casual Jealous 21 Women Uaine Purple Tops
40371,40371.jpg,http://assets.myntassets.com/v1/images/style/properties/a6ea6713bae041ef4f62d3612586d1ef_images.jpg,Women,Apparel,Bottomwear,Jeans,Navy Blue,Summer,2012.0,Casual,Tokyo Talkies Women Navy Slim Fit Jeans,Women Apparel Bottomwear Jeans Navy Blue Summer 2012.0 Casual Tokyo Talkies Women Navy Slim Fit Jeans
21346,21346.jpg,http://assets.myntassets.com/v1/images/style/properties/e9266175735b50a2f6d100ae2ef44fe6_images.jpg,Men,Accessories,Eyewear,Sunglasses,Gold,Winter,2016.0,Casual,Pal Zileri Men Casual Gold Frame Sunglasses,Men Accessories Eyewear Sunglasses Gold Winter 2016.0 Casual Pal Zileri Men Casual Gold Frame Sunglasses
45603,45603.jpg,http://assets.myntassets.com/v1/images/style/properties/8f3b9f4c5f554e39681567b22985966e_images.jpg,Men,Footwear,Shoes,Formal Shoes,Black,Summer,2012.0,Formal,Arrow Men Black Formal Shoes,Men Footwear Shoes Formal Shoes Black Summer 2012.0 Formal Arrow Men Black Formal Shoes
4524,4524.jpg,http://assets.myntassets.com/v1/images/style/properties/fae0ae76d008674551fbdbb64988ea51_images.jpg,Men,Footwear,Shoes,Sports Shoes,Black,Summer,2011.0,Sports,Puma Men's YugoRun Black White Shoe,Men Footwear Shoes Sports Shoes Black Summer 2011.0 Sports Puma Men's YugoRun Black White Shoe
37223,37223.jpg,http://assets.myntassets.com/v1/images/style/properties/58c4b740c2d2e9b52c6900579c7ff2d2_images.jpg,Women,Apparel,Topwear,Tops,Blue,Summer,2012.0,Casual,United Colors of Benetton Women Blue Top,Women Apparel Topwear Tops Blue Summer 2012.0 Casual United Colors of Benetton Women Blue Top
53766,53766.jpg,http://assets.myntassets.com/v1/images/style/properties/Puma-Men-White-and-Navy-Blue-Stripe-Polo-T-shirt_a81acd98afcadd66fa8ee8531c82ad46_images.jpg,Men,Apparel,Topwear,Tshirts,White,Summer,2012.0,Casual,Puma Men White and Navy Blue T-shirt,Men Apparel Topwear Tshirts White Summer 2012.0 Casual Puma Men White and Navy Blue T-shirt
25520,25520.jpg,http://assets.myntassets.com/v1/images/style/properties/416f7bd57546242fd72a817de0d517e5_images.jpg,Girls,Apparel,Topwear,Tops,White,Fall,2011.0,Casual,Doodle Kids Girls City Chic White Top,Girls Apparel Topwear Tops White Fall 2011.0 Casual Doodle Kids Girls City Chic White Top
32597,32597.jpg,http://assets.myntassets.com/v1/images/style/properties/9d4d7aa206e22813311c0a0406ce02a4_images.jpg,Women,Apparel,Topwear,Tops,Black,Summer,2012.0,Casual,ONLY Women Black Top,Women Apparel Topwear Tops Black Summer 2012.0 Casual ONLY Women Black Top
58974,58974.jpg,http://assets.myntassets.com/v1/images/style/properties/Colour-me-Men-Gold-Deo_73efa9034af7165f848dcc367558b461_images.jpg,Men,Personal Care,Fragrance,Deodorant,Gold,Spring,2017.0,Casual,Colour me Men Gold Deo,Men Personal Care Fragrance Deodorant Gold Spring 2017.0 Casual Colour me Men Gold Deo
33445,33445.jpg,http://assets.myntassets.com/v1/images/style/properties/6222ae36196ec90b30a683927c219428_images.jpg,Women,Accessories,Wallets,Wallets,Black,Summer,2012.0,Casual,Baggit Women Lamboo Mayur Black Wallet,Women Accessories Wallets Wallets Black Summer 2012.0 Casual Baggit Women Lamboo Mayur Black Wallet
57100,57100.jpg,http://assets.myntassets.com/v1/images/style/properties/Elle-Women-Dark-Pink-Top_ce0e1c18ffc47444dcb28bb7b78ae13f_images.jpg,Women,Apparel,Topwear,Tops,Pink,Summer,2012.0,Casual,Elle Women Dark Pink Top,Women Apparel Topwear Tops Pink Summer 2012.0 Casual Elle Women Dark Pink Top
36137,36137.jpg,http://assets.myntassets.com/v1/images/style/properties/5b0a6dd6aadd4d4ba230ff849b36481b_images.jpg,Women,Footwear,Shoes,Sports Shoes,Pink,Summer,2012.0,Sports,Nike Women Free Run Pink Sports Shoes,Women Footwear Shoes Sports Shoes Pink Summer 2012.0 Sports Nike Women Free Run Pink Sports Shoes
41859,41859.jpg,http://assets.myntassets.com/v1/images/style/properties/2a07ce87fedfca8928f12f3ddf6b7632_images.jpg,Men,Footwear,Sandal,Sandals,Black,Summer,2016.0,Casual,Estd. 1977 Men Black Sandals,Men Footwear Sandal Sandals Black Summer 2016.0 Casual Estd. 1977 Men Black Sandals
21180,21180.jpg,http://assets.myntassets.com/v1/images/style/properties/b057c9e8d5ccc63369807a12f67a39ac_images.jpg,Men,Footwear,Flip Flops,Flip Flops,Black,Summer,2011.0,Casual,ADIDAS Men Adi Cells Black Flip Flops,Men Footwear Flip Flops Flip Flops Black Summer 2011.0 Casual ADIDAS Men Adi Cells Black Flip Flops
39943,39943.jpg,http://assets.myntassets.com/v1/images/style/properties/f2d705addd04fcf5516aef873254441e_images.jpg,Men,Footwear,Shoes,Casual Shoes,Brown,Summer,2013.0,Casual,GAS Men Brown Count Casual Shoes,Men Footwear Shoes Casual Shoes Brown Summer 2013.0 Casual GAS Men Brown Count Casual Shoes
52472,52472.jpg,http://assets.myntassets.com/v1/images/style/properties/Red-Rose-Women-Bath-Robe_b47ef24153050e66fce7429a01204ca9_images.jpg,Women,Apparel,Loungewear and Nightwear,Bath Robe,Pink,Winter,2015.0,Casual,Red Rose Women White & Pink Polka Dot Print Bath Robe,Women Apparel Loungewear and Nightwear Bath Robe Pink Winter 2015.0 Casual Red Rose Women White & Pink Polka Dot Print Bath Robe
58148,58148.jpg,http://assets.myntassets.com/v1/images/style/properties/Puma-Unisex-White-Cap_d397dc3eb9ff8a12d079f08a9b6c430d_images.jpg,Unisex,Accessories,Headwear,Caps,White,Fall,2012.0,Casual,Puma Unisex White Cap,Unisex Accessories Headwear Caps White Fall 2012.0 Casual Puma Unisex White Cap
20052,20052.jpg,http://assets.myntassets.com/v1/images/style/properties/70506325cf800559ba06b15300846ea8_images.jpg,Women,Accessories,Mufflers,Mufflers,Yellow,Fall,2011.0,Casual,United Colors Of Benetton Women Yellow Muffler,Women Accessories Mufflers Mufflers Yellow Fall 2011.0 Casual United Colors Of Benetton Women Yellow Muffler
5630,5630.jpg,http://assets.myntassets.com/v1/images/style/properties/9234f2dacc377d713b7788f670f7bf9d_images.jpg,Women,Footwear,Flip Flops,Flip Flops,Blue,Summer,2011.0,Casual,ADIDAS Women's Adi Groove Blue Flip Flop,Women Footwear Flip Flops Flip Flops Blue Summer 2011.0 Casual ADIDAS Women's Adi Groove Blue Flip Flop
44517,44517.jpg,http://assets.myntassets.com/v1/images/style/properties/Coolers-Men-POKAR-Brown-Flip-Flops_8b247db935e7cfffb8f5a0b8d578f7bf_images.jpg,Men,Footwear,Flip Flops,Flip Flops,Brown,Summer,2013.0,Casual,Coolers Men Brown Pokar Flip Flops,Men Footwear Flip Flops Flip Flops Brown Summer 2013.0 Casual Coolers Men Brown Pokar Flip Flops
47392,47392.jpg,http://assets.myntassets.com/v1/images/style/properties/1041605c3decc95ef96c970da17ad051_images.jpg,Women,Accessories,Bags,Handbags,Beige,Fall,2012.0,Casual,Baggit Women Beige Bag,Women Accessories Bags Handbags Beige Fall 2012.0 Casual Baggit Women Beige Bag
50325,50325.jpg,http://assets.myntassets.com/v1/images/style/properties/Aurelia-Women-Navy-Blue-Kurta_269c51a0aa07f814b0d68df6b37d4113_images.jpg,Women,Apparel,Topwear,Kurtas,Navy Blue,Summer,2012.0,Ethnic,Aurelia Women Navy Blue Kurta,Women Apparel Topwear Kurtas Navy Blue Summer 2012.0 Ethnic Aurelia Women Navy Blue Kurta
8913,8913.jpg,http://assets.myntassets.com/v1/images/style/properties/c7a70ae4f57ca4c605f4fabb82c735fc_images.jpg,Men,Footwear,Shoes,Sports Shoes,White,Fall,2011.0,Sports,Puma Men Cabana Racer Sketch White Sports Shoes,Men Footwear Shoes Sports Shoes White Fall 2011.0 Sports Puma Men Cabana Racer Sketch White Sports Shoes
16530,16530.jpg,http://assets.myntassets.com/v1/images/style/properties/e87ae94ffdf37c089daaad8d451f6995_images.jpg,Men,Apparel,Topwear,Shirts,Red,Fall,2011.0,Casual,Locomotive Men Check Red Shirt,Men Apparel Topwear Shirts Red Fall 2011.0 Casual Locomotive Men Check Red Shirt
22705,22705.jpg,http://assets.myntassets.com/v1/images/style/properties/9f8463e724322e0b47cc9f615acab635_images.jpg,Men,Footwear,Shoes,Casual Shoes,White,Fall,2011.0,Casual,Nike Men White Capri II Casual Shoe,Men Footwear Shoes Casual Shoes White Fall 2011.0 Casual Nike Men White Capri II Casual Shoe
7167,7167.jpg,http://assets.myntassets.com/v1/images/style/properties/11dcaeada4fab2e575c449e922425c5d_images.jpg,Men,Apparel,Topwear,Shirts,Purple,Fall,2011.0,Casual,Scullers Men Scul Purple White Shirt,Men Apparel Topwear Shirts Purple Fall 2011.0 Casual Scullers Men Scul Purple White Shirt
46240,46240.jpg,http://assets.myntassets.com/v1/images/style/properties/3c92594cc9b62cba6a314a9ca9fd1e19_images.jpg,Women,Apparel,Topwear,Tunics,White,Summer,2012.0,Casual,Fusion Beats Women White Printed Tunic,Women Apparel Topwear Tunics White Summer 2012.0 Casual Fusion Beats Women White Printed Tunic
27277,27277.jpg,http://assets.myntassets.com/v1/images/style/properties/a576a21253c4cc6b7c04426389c1c58f_images.jpg,Women,Apparel,Topwear,Kurtas,Green,Fall,2011.0,Ethnic,Mother Earth Women Blue Kurta,Women Apparel Topwear Kurtas Green Fall 2011.0 Ethnic Mother Earth Women Blue Kurta
13042,13042.jpg,http://assets.myntassets.com/v1/images/style/properties/be1fc833328c2708141568e2476abe81_images.jpg,Women,Footwear,Shoes,Flats,Brown,Winter,2012.0,Casual,Inc 5 Women Brown Heels,Women Footwear Shoes Flats Brown Winter 2012.0 Casual Inc 5 Women Brown Heels
6889,6889.jpg,http://assets.myntassets.com/v1/images/style/properties/01c417703d7775105ba346c691f4700b_images.jpg,Women,Apparel,Topwear,Jackets,Cream,Summer,2011.0,Casual,Forever New Women Stone Cream Jacket,Women Apparel Topwear Jackets Cream Summer 2011.0 Casual Forever New Women Stone Cream Jacket
31312,31312.jpg,http://assets.myntassets.com/v1/images/style/properties/8e6291cb947f1d35eb4ebc3c73baf1eb_images.jpg,Women,Apparel,Topwear,Kurtas,Peach,Summer,2012.0,Ethnic,W Women Peach Kurta,Women Apparel Topwear Kurtas Peach Summer 2012.0 Ethnic W Women Peach Kurta
12190,12190.jpg,http://assets.myntassets.com/v1/images/style/properties/2811fe105e63b5795a6442edb85bb6cd_images.jpg,Men,Apparel,Topwear,Shirts,Blue,Fall,2011.0,Casual,Basics Men Blue Slim Fit Checked Shirt,Men Apparel Topwear Shirts Blue Fall 2011.0 Casual Basics Men Blue Slim Fit Checked Shirt
55657,55657.jpg,http://assets.myntassets.com/v1/images/style/properties/Catwalk-Women-Golden-Sandals_5fddd65067f3c7c0224439efc7a99ac8_images.jpg,Women,Footwear,Shoes,Heels,Gold,Winter,2015.0,Casual,Catwalk Women Golden Wedges,Women Footwear Shoes Heels Gold Winter 2015.0 Casual Catwalk Women Golden Wedges
19578,19578.jpg,http://assets.myntassets.com/v1/images/style/properties/97d87b20b1a8810ee10f617a8a7ccc52_images.jpg,Women,Apparel,Topwear,Tops,Purple,Summer,2011.0,Casual,United Colors of Benetton Women Solid Purple Top,Women Apparel Topwear Tops Purple Summer 2011.0 Casual United Colors of Benetton Women Solid Purple Top
27879,27879.jpg,http://assets.myntassets.com/v1/images/style/properties/018b322355f8a44f117488fee256049c_images.jpg,Women,Apparel,Topwear,Tops,Blue,Summer,2012.0,Casual,Scullers For Her Women Blue Top,Women Apparel Topwear Tops Blue Summer 2012.0 Casual Scullers For Her Women Blue Top
34452,34452.jpg,http://assets.myntassets.com/v1/images/style/properties/93455095a8c1bc951c7bd258b600dfa1_images.jpg,Women,Footwear,Shoes,Flats,Copper,Winter,2012.0,Casual,Rocia Women Copper Sandals,Women Footwear Shoes Flats Copper Winter 2012.0 Casual Rocia Women Copper Sandals
6287,6287.jpg,http://assets.myntassets.com/v1/images/style/properties/Classic-Polo-Mens-Swiss-Yellow-T-shirt_e87fa11cdb977d11d3e673a69f4a63db_images.jpg,Men,Apparel,Topwear,Tshirts,Yellow,Summer,2011.0,Casual,Classic Polo Men's Swiss Yellow T-shirt,Men Apparel Topwear Tshirts Yellow Summer 2011.0 Casual Classic Polo Men's Swiss Yellow T-shirt
7355,7355.jpg,http://assets.myntassets.com/v1/images/style/properties/7c9e2e7c405128361af34be207a439a2_images.jpg,Men,Apparel,Topwear,Tshirts,Navy Blue,Fall,2011.0,Casual,Tantra Men's Black Sabbath Navy T-shirt,Men Apparel Topwear Tshirts Navy Blue Fall 2011.0 Casual Tantra Men's Black Sabbath Navy T-shirt
46072,46072.jpg,http://assets.myntassets.com/v1/images/style/properties/749432e06d8d1b969077552ecebd9cd4_images.jpg,Men,Accessories,Belts,Belts,Black,Summer,2012.0,Casual,Lino Perros Men Black Leather Belt,Men Accessories Belts Belts Black Summer 2012.0 Casual Lino Perros Men Black Leather Belt
22537,22537.jpg,http://assets.myntassets.com/v1/images/style/properties/465863ba7b810b5ef6c516fe91c77308_images.jpg,Men,Footwear,Sandal,Sandals,Tan,Summer,2013.0,Casual,Gas Men Eldorado Tan Casual  Sandals,Men Footwear Sandal Sandals Tan Summer 2013.0 Casual Gas Men Eldorado Tan Casual  Sandals
28831,28831.jpg,http://assets.myntassets.com/v1/images/style/properties/9d76cb50cdc99a3519f78164dbc691ae_images.jpg,Women,Apparel,Innerwear,Briefs,Brown,Summer,2017.0,Casual,Enamor Women Pack of 3 Mid-Rise Bikini Brief,Women Apparel Innerwear Briefs Brown Summer 2017.0 Casual Enamor Women Pack of 3 Mid-Rise Bikini Brief
43500,43500.jpg,http://assets.myntassets.com/v1/images/style/properties/9dc3c008c07a5df5b46622ee5d8579de_images.jpg,Men,Apparel,Topwear,Tshirts,White,Summer,2012.0,Casual,French Connection Men White T-shirt,Men Apparel Topwear Tshirts White Summer 2012.0 Casual French Connection Men White T-shirt
2627,2627.jpg,http://assets.myntassets.com/v1/images/style/properties/a2a3d03e64b5041ab052d5a6b10d282a_images.jpg,Women,Footwear,Shoes,Flats,Silver,Fall,2010.0,Casual,Carlton London Women Wedge Silver Sandal,Women Footwear Shoes Flats Silver Fall 2010.0 Casual Carlton London Women Wedge Silver Sandal
27045,27045.jpg,http://assets.myntassets.com/v1/images/style/properties/b548017b7f2a2d8582c75ac1afeeb28b_images.jpg,Women,Accessories,Bags,Clutches,Off White,Summer,2012.0,Casual,Yelloe Off White Fur Zip Clutch,Women Accessories Bags Clutches Off White Summer 2012.0 Casual Yelloe Off White Fur Zip Clutch
13270,13270.jpg,http://assets.myntassets.com/v1/images/style/properties/b590f001fb08f324b17ce869686b27dc_images.jpg,Women,Apparel,Topwear,Tops,White,Fall,2011.0,Casual,Palm Tree Kids Girls Printed White Tops,Women Apparel Topwear Tops White Fall 2011.0 Casual Palm Tree Kids Girls Printed White Tops
18698,18698.jpg,http://assets.myntassets.com/v1/images/style/properties/Hanes-Men-Ultimate-Grey-Brief_0782bb329d30535e2a3bef5657940458_images.jpg,Men,Apparel,Innerwear,Briefs,Grey,Summer,2016.0,Casual,Hanes Men Grey Ultimate Duo Dry Cotton Stretch Bikini Briefs,Men Apparel Innerwear Briefs Grey Summer 2016.0 Casual Hanes Men Grey Ultimate Duo Dry Cotton Stretch Bikini Briefs
55465,55465.jpg,http://assets.myntassets.com/v1/images/style/properties/Revlon-Super-Lusterous-Mad-About-Mauve-Lipstick-304_82c2b163c41babfca78eeb61693c666d_images.jpg,Women,Personal Care,Lips,Lipstick,Red,Spring,2017.0,Casual,Revlon Super Lusterous Lipstick 304,Women Personal Care Lips Lipstick Red Spring 2017.0 Casual Revlon Super Lusterous Lipstick 304
26197,26197.jpg,http://assets.myntassets.com/v1/images/style/properties/ebe4131154706db0b3469237133343e2_images.jpg,Men,Personal Care,Fragrance,Perfume and Body Mist,Green,Spring,2017.0,Casual,Formula 1 Go Men Perfume,Men Personal Care Fragrance Perfume and Body Mist Green Spring 2017.0 Casual Formula 1 Go Men Perfume
31120,31120.jpg,http://assets.myntassets.com/v1/images/style/properties/83f4ab34db71459ba1f80bb8992cf9d5_images.jpg,Girls,Apparel,Topwear,Tops,Pink,Summer,2012.0,Casual,Palm Tree Girls Pink Top,Girls Apparel Topwear Tops Pink Summer 2012.0 Casual Palm Tree Girls Pink Top
25712,25712.jpg,http://assets.myntassets.com/v1/images/style/properties/Adidas-Unisex-Blue-Capf0fdfddb2e26677c8067afe9586c6cba_images.jpg,Unisex,Accessories,Headwear,Caps,Blue,Summer,2012.0,Sports,ADIDAS Unisex Blue Cap,Unisex Accessories Headwear Caps Blue Summer 2012.0 Sports ADIDAS Unisex Blue Cap
11527,11527.jpg,http://assets.myntassets.com/v1/images/style/properties/6c598ee94ff155384130481aec05525e_images.jpg,Men,Apparel,Topwear,Tshirts,Olive,Fall,2011.0,Casual,United Colors of Benetton Men Olive Tshirts,Men Apparel Topwear Tshirts Olive Fall 2011.0 Casual United Colors of Benetton Men Olive Tshirts
14869,14869.jpg,http://assets.myntassets.com/v1/images/style/properties/09fca1f67e3f78b18f76473749d93e59_images.jpg,Men,Accessories,Wallets,Wallets,Black,Summer,2011.0,Casual,United Colors of Benetton Men Solid Black Wallets,Men Accessories Wallets Wallets Black Summer 2011.0 Casual United Colors of Benetton Men Solid Black Wallets
40385,40385.jpg,http://assets.myntassets.com/v1/images/style/properties/9e616458a21ce9d3b0ddf0895b24df0b_images.jpg,Women,Apparel,Topwear,Tops,Yellow,Summer,2012.0,Casual,Tokyo Talkies Women Yellow Top,Women Apparel Topwear Tops Yellow Summer 2012.0 Casual Tokyo Talkies Women Yellow Top
15187,15187.jpg,http://assets.myntassets.com/v1/images/style/properties/10d750eb60726aff0c78cd599a20e0ab_images.jpg,Men,Apparel,Topwear,Tshirts,White,Fall,2011.0,Casual,Arrow Sport Men Solid White Polo Tshirts,Men Apparel Topwear Tshirts White Fall 2011.0 Casual Arrow Sport Men Solid White Polo Tshirts
5402,5402.jpg,http://assets.myntassets.com/v1/images/style/properties/5dfa5ed32e290bbaeedd937ecdaa9a8b_images.jpg,Women,Footwear,Shoes,Sports Shoes,Purple,,2011.0,Sports,Kalenji Ekiden 200 Wn Purple 2011,Women Footwear Shoes Sports Shoes Purple  2011.0 Sports Kalenji Ekiden 200 Wn Purple 2011
44725,44725.jpg,http://assets.myntassets.com/v1/images/style/properties/839c627c80dba9ac4412db3f35a52bb7_images.jpg,Women,Footwear,Flip Flops,Flip Flops,Orange,Summer,2012.0,Casual,Lotto Women Coral Elegant Flip Flops,Women Footwear Flip Flops Flip Flops Orange Summer 2012.0 Casual Lotto Women Coral Elegant Flip Flops
14055,14055.jpg,http://assets.myntassets.com/v1/images/style/properties/6934c2d1bc11313536fd82a1192a1d33_images.jpg,Men,Apparel,Topwear,Shirts,Green,Fall,2011.0,Casual,Flying Machine Men Check Green Shirts,Men Apparel Topwear Shirts Green Fall 2011.0 Casual Flying Machine Men Check Green Shirts
20260,20260.jpg,http://assets.myntassets.com/v1/images/style/properties/7909093ce4f956a24582b330a249d911_images.jpg,Men,Apparel,Topwear,Tshirts,Navy Blue,Fall,2011.0,Casual,Wrangler Men Applique Navy Blue Tshirt,Men Apparel Topwear Tshirts Navy Blue Fall 2011.0 Casual Wrangler Men Applique Navy Blue Tshirt
7731,7731.jpg,http://assets.myntassets.com/v1/images/style/properties/9473ae18face7603f7bdb4b6fda3d8e2_images.jpg,Men,Footwear,Flip Flops,Flip Flops,Grey,Winter,2011.0,Casual,Puma Men's Winglet II Grey Yellow White Flip Flop,Men Footwear Flip Flops Flip Flops Grey Winter 2011.0 Casual Puma Men's Winglet II Grey Yellow White Flip Flop
22153,22153.jpg,http://assets.myntassets.com/v1/images/style/properties/99808c9bdfee6165a0cec81d0219c1a1_images.jpg,Men,Footwear,Sandal,Sandals,Brown,Summer,2011.0,Casual,Lee Cooper Men Brown Casual Sandals,Men Footwear Sandal Sandals Brown Summer 2011.0 Casual Lee Cooper Men Brown Casual Sandals
43958,43958.jpg,http://assets.myntassets.com/v1/images/style/properties/Puma-Men-Olive-Techno-Ind-Sandal_3e7aa0b204f4317a017dfbefe260700b_images.jpg,Men,Footwear,Sandal,Sandals,Olive,Fall,2012.0,Casual,Puma Men Olive Techno Ind Sandal,Men Footwear Sandal Sandals Olive Fall 2012.0 Casual Puma Men Olive Techno Ind Sandal
28469,28469.jpg,http://assets.myntassets.com/v1/images/style/properties/8e3ddd6772fdb8b69c328402aa2baa0c_images.jpg,Women,Apparel,Topwear,Tshirts,Pink,Summer,2012.0,Casual,Urban Yoga Women Printed Pink T-shirt,Women Apparel Topwear Tshirts Pink Summer 2012.0 Casual Urban Yoga Women Printed Pink T-shirt
50573,50573.jpg,http://assets.myntassets.com/v1/images/style/properties/cbcfe2066b676f7852c6282f85dfc43b_images.jpg,Men,Apparel,Innerwear,Trunk,Charcoal,Summer,2016.0,Casual,Chromozome Men Charcoal Trunk Trunks,Men Apparel Innerwear Trunk Charcoal Summer 2016.0 Casual Chromozome Men Charcoal Trunk Trunks
34036,34036.jpg,http://assets.myntassets.com/v1/images/style/properties/17d5cdd77de6f87ee2451b98f3466d88_images.jpg,Boys,Apparel,Topwear,Shirts,Blue,Summer,2012.0,Casual,Palm Tree Boys Check Blue Shirt,Boys Apparel Topwear Shirts Blue Summer 2012.0 Casual Palm Tree Boys Check Blue Shirt
55001,55001.jpg,http://assets.myntassets.com/assets/images/55001/2018/3/9/11520591701090-Lakme-Absolute-Lip-Last-Day-Kiss-Lip-Colour-9831520591701048-1.jpg,Women,Personal Care,Lips,Lipstick,Pink,Spring,2017.0,,Lakme Absolute Lip Last Day Kiss Lip Colour,Women Personal Care Lips Lipstick Pink Spring 2017.0  Lakme Absolute Lip Last Day Kiss Lip Colour
8779,8779.jpg,http://assets.myntassets.com/v1/images/style/properties/f3dc8c5e7e7d7394150506a3f2f417c0_images.jpg,Men,Apparel,Topwear,Shirts,Navy Blue,Fall,2011.0,Casual,Indigo Nation Men Club Satin Hot Stepper Navy Blue Shirt,Men Apparel Topwear Shirts Navy Blue Fall 2011.0 Casual Indigo Nation Men Club Satin Hot Stepper Navy Blue Shirt
3391,3391.jpg,http://assets.myntassets.com/v1/images/style/properties/61d4d060e05c3e4ff1771c5e724d6c16_images.jpg,Women,Accessories,Bags,Handbags,White,Winter,2015.0,Casual,Murcia Women White With Stitch Bag,Women Accessories Bags Handbags White Winter 2015.0 Casual Murcia Women White With Stitch Bag
43164,43164.jpg,http://assets.myntassets.com/v1/images/style/properties/20e55321f145a292edb4cc9776ea1985_images.jpg,Men,Accessories,Watches,Watches,Black,Winter,2016.0,Casual,Fastrack Men Black Watch,Men Accessories Watches Watches Black Winter 2016.0 Casual Fastrack Men Black Watch
2243,2243.jpg,http://assets.myntassets.com/v1/images/style/properties/e1bba450764df5aed92151be769e42d0_images.jpg,Men,Apparel,Topwear,Tshirts,White,Fall,2010.0,Sports,ADIDAS Men Stripe Polo White Polo T-shirt,Men Apparel Topwear Tshirts White Fall 2010.0 Sports ADIDAS Men Stripe Polo White Polo T-shirt
30496,30496.jpg,http://assets.myntassets.com/v1/images/style/properties/Lovable-Women-Fiona-Purple-Bra_82e37d2949af0a30ff61f6f7fc80cadc_images.jpg,Women,Apparel,Innerwear,Bra,Purple,Summer,2014.0,Casual,Lovable Women Fiona Purple Bra,Women Apparel Innerwear Bra Purple Summer 2014.0 Casual Lovable Women Fiona Purple Bra
27421,27421.jpg,http://assets.myntassets.com/assets/images/27421/2015/11/23/11448283185049-Jockey-Women-Blue-Lounge-Pants-3621448283184622-1.jpg,Women,Apparel,Loungewear and Nightwear,Lounge Pants,Blue,Winter,2015.0,Casual,Jockey Women Blue Lounge Pants,Women Apparel Loungewear and Nightwear Lounge Pants Blue Winter 2015.0 Casual Jockey Women Blue Lounge Pants
57756,57756.jpg,http://assets.myntassets.com/v1/images/style/properties/Lotus-Herbals-Neem---Clove-Purifying-Face-Wash_576266f24033ada1522c55008afacea9_images.jpg,Women,Personal Care,Skin Care,Face Wash and Cleanser,Green,Spring,2017.0,Casual,Lotus Herbals Neem & Clove Purifying Face Wash,Women Personal Care Skin Care Face Wash and Cleanser Green Spring 2017.0 Casual Lotus Herbals Neem & Clove Purifying Face Wash
33213,33213.jpg,http://assets.myntassets.com/v1/images/style/properties/cd2a1ae491facf0acf36443998a0c217_images.jpg,Women,Apparel,Topwear,Tops,Magenta,Summer,2012.0,Casual,Sepia Women Printed Magenta Top,Women Apparel Topwear Tops Magenta Summer 2012.0 Casual Sepia Women Printed Magenta Top
39729,39729.jpg,http://assets.myntassets.com/v1/images/style/properties/3d8b78b013627f7e9d738ccec2972480_images.jpg,Women,Apparel,Topwear,Tops,Olive,Summer,2012.0,Casual,Arrow Woman Olive Top,Women Apparel Topwear Tops Olive Summer 2012.0 Casual Arrow Woman Olive Top
25376,25376.jpg,http://assets.myntassets.com/v1/images/style/properties/adc3a5566f4c3e9f3f729ab6f9e44c56_images.jpg,Men,Apparel,Innerwear,Innerwear Vests,Grey,Summer,2016.0,Casual,Levis Men Grey Innerwear T-Shirt,Men Apparel Innerwear Innerwear Vests Grey Summer 2016.0 Casual Levis Men Grey Innerwear T-Shirt
11143,11143.jpg,http://assets.myntassets.com/v1/images/style/properties/62f33289f2a1cbc88d6f8557a2c33638_images.jpg,Men,Apparel,Topwear,Shirts,Black,Fall,2011.0,Casual,Scullers Men Price Catch Black Shirts,Men Apparel Topwear Shirts Black Fall 2011.0 Casual Scullers Men Price Catch Black Shirts
56684,56684.jpg,http://assets.myntassets.com/v1/images/style/properties/Fabindia-Printed-Beige-Sari_b2b862ad19c18dc983c5cf843fe56bcc_images.jpg,Women,Apparel,Saree,Sarees,Beige,Fall,2012.0,Ethnic,Fabindia Beige & Maroon Mull Printed Saree,Women Apparel Saree Sarees Beige Fall 2012.0 Ethnic Fabindia Beige & Maroon Mull Printed Saree
4988,4988.jpg,http://assets.myntassets.com/v1/images/style/properties/e7559ae62df37abf5338b7992aa8c628_images.jpg,Women,Apparel,Dress,Dresses,White,Summer,2011.0,Casual,Gini and Jony Girl's Vanya White Polka Dot Kidswear,Women Apparel Dress Dresses White Summer 2011.0 Casual Gini and Jony Girl's Vanya White Polka Dot Kidswear
44341,44341.jpg,http://assets.myntassets.com/v1/images/style/properties/f202fe30bd9441e163b7fbcfcb53e8c2_images.jpg,Men,Apparel,Topwear,Tshirts,Blue,Summer,2012.0,Casual,Indian Terrain Men Blue T-shirt,Men Apparel Topwear Tshirts Blue Summer 2012.0 Casual Indian Terrain Men Blue T-shirt
14431,14431.jpg,http://assets.myntassets.com/v1/images/style/properties/33fe789a39b0590d649cd052e53b80b6_images.jpg,Women,Footwear,Shoes,Heels,Black,Summer,2012.0,Casual,Enroute Women Casual Black Flats,Women Footwear Shoes Heels Black Summer 2012.0 Casual Enroute Women Casual Black Flats
20604,20604.jpg,http://assets.myntassets.com/v1/images/style/properties/3c67058064553299e3cb62b79fedd1af_images.jpg,Women,Accessories,Bags,Handbags,Brown,Winter,2015.0,Casual,Baggit Women Umbrella Dum Brown Handbag,Women Accessories Bags Handbags Brown Winter 2015.0 Casual Baggit Women Umbrella Dum Brown Handbag
52224,52224.jpg,http://assets.myntassets.com/v1/images/style/properties/Lencia-Grey-Swarovski-Pearl-Necklace_8dca921b0f3b46449bbd5bb25f6f3dbb_images.jpg,Women,Accessories,Jewellery,Necklace and Chains,Silver,Summer,2012.0,Casual,Lencia Grey Swarovski Pearl Necklace,Women Accessories Jewellery Necklace and Chains Silver Summer 2012.0 Casual Lencia Grey Swarovski Pearl Necklace
45293,45293.jpg,http://assets.myntassets.com/v1/image/style/properties/45293/Casio-Women-Red-Dial-Watch_1_cc32a942220788a0b74c5708baff1e74.jpg,Women,Accessories,Watches,Watches,Red,Winter,2016.0,Casual,CASIO SHEEN Women Red Dial Watch SX017,Women Accessories Watches Watches Red Winter 2016.0 Casual CASIO SHEEN Women Red Dial Watch SX017
36761,36761.jpg,http://assets.myntassets.com/v1/images/style/properties/c2f94914c3151fa88bc00b924c9bea22_images.jpg,Men,Accessories,Watches,Watches,Black,Winter,2016.0,Casual,Maxima Men Black Watch,Men Accessories Watches Watches Black Winter 2016.0 Casual Maxima Men Black Watch
33021,33021.jpg,http://assets.myntassets.com/v1/images/style/properties/051884f22b637d9cf40922baecd8ff20_images.jpg,Women,Apparel,Topwear,Kurtas,Cream,Summer,2012.0,Ethnic,Mother Earth Women Printed Cream Kurta,Women Apparel Topwear Kurtas Cream Summer 2012.0 Ethnic Mother Earth Women Printed Cream Kurta
25144,25144.jpg,http://assets.myntassets.com/v1/images/style/properties/460dd2adbff063cc226b7146a811e7dc_images.jpg,Women,Accessories,Bags,Handbags,Orange,Winter,2015.0,Casual,Lino Perros Women Leatherite Orange Handbag,Women Accessories Bags Handbags Orange Winter 2015.0 Casual Lino Perros Women Leatherite Orange Handbag
11371,11371.jpg,http://assets.myntassets.com/v1/images/style/properties/79e693b484848f12265b4dd4a155fae9_images.jpg,Men,Apparel,Topwear,Shirts,Black,Fall,2011.0,Casual,United Colors Of Benetton Men Summer Black Shirts,Men Apparel Topwear Shirts Black Fall 2011.0 Casual United Colors Of Benetton Men Summer Black Shirts
41401,41401.jpg,http://assets.myntassets.com/v1/images/style/properties/907aca262d340d45f49d7d3690fdc953_images.jpg,Women,Apparel,Topwear,Tops,White,Summer,2012.0,Casual,Wrangler Women White Smocked Top,Women Apparel Topwear Tops White Summer 2012.0 Casual Wrangler Women White Smocked Top
14603,14603.jpg,http://assets.myntassets.com/v1/images/style/properties/a82a928bfbfba2e299574580ffa61dc9_images.jpg,Men,Accessories,Socks,Socks,Grey,Summer,2011.0,Casual,United Colors of Benetton Men Pack of 2 Grey Socks,Men Accessories Socks Socks Grey Summer 2011.0 Casual United Colors of Benetton Men Pack of 2 Grey Socks
37481,37481.jpg,http://assets.myntassets.com/v1/images/style/properties/8fa9232495f9cad5e31338c61f615afb_images.jpg,Women,Accessories,Watches,Watches,White,Winter,2016.0,Casual,Esprit Women White Dial Watch,Women Accessories Watches Watches White Winter 2016.0 Casual Esprit Women White Dial Watch
5254,5254.jpg,http://assets.myntassets.com/v1/images/style/properties/8ee197c54df34d4e59d56d847139fe49_images.jpg,Unisex,Accessories,Bags,Duffel Bag,Red,Winter,2015.0,Casual,Wildcraft Unisex Red Duffle Bag,Unisex Accessories Bags Duffel Bag Red Winter 2015.0 Casual Wildcraft Unisex Red Duffle Bag
44173,44173.jpg,http://assets.myntassets.com/v1/images/style/properties/2688bbbcf35b0e739e7d9e5039fd6cbf_images.jpg,Women,Personal Care,Fragrance,Perfume and Body Mist,Pink,Spring,2017.0,Casual,Nike Fragrances Women Trendy Perfume 75ml,Women Personal Care Fragrance Perfume and Body Mist Pink Spring 2017.0 Casual Nike Fragrances Women Trendy Perfume 75ml
25978,25978.jpg,http://assets.myntassets.com/v1/images/style/properties/4a0b8e5cd5f8b9fe8287301280ee204a_images.jpg,Women,Personal Care,Fragrance,Perfume and Body Mist,Pink,Spring,2017.0,Casual,J.Del Pozo Halloween Kiss Sexy Women Perfume,Women Personal Care Fragrance Perfume and Body Mist Pink Spring 2017.0 Casual J.Del Pozo Halloween Kiss Sexy Women Perfume
4386,4386.jpg,http://assets.myntassets.com/v1/images/style/properties/dc7e36dcafbb8aeb71dc2ebbd4427ca7_images.jpg,Men,Apparel,Topwear,Tshirts,Grey,Summer,2011.0,Casual,Wrangler Cowboy Photo T-shirt,Men Apparel Topwear Tshirts Grey Summer 2011.0 Casual Wrangler Cowboy Photo T-shirt
51693,51693.jpg,http://assets.myntassets.com/v1/images/style/properties/Van-Heusen-Unisex-Brown-Sunglasses_2099ffb4f8eb9fd28b80922f653aa42a_images.jpg,Unisex,Accessories,Eyewear,Sunglasses,Brown,Winter,2016.0,Casual,Van Heusen Unisex Brown Sunglasses,Unisex Accessories Eyewear Sunglasses Brown Winter 2016.0 Casual Van Heusen Unisex Brown Sunglasses
16154,16154.jpg,http://assets.myntassets.com/v1/images/style/properties/1e1ddab59626e99f7163c2c8c20743b6_images.jpg,Men,Footwear,Shoes,Formal Shoes,Black,Fall,2011.0,Formal,Enroute Men Leather Black Formal Shoes,Men Footwear Shoes Formal Shoes Black Fall 2011.0 Formal Enroute Men Leather Black Formal Shoes
22361,22361.jpg,http://assets.myntassets.com/v1/images/style/properties/Reebok-Men-Blue-Twist-Sandals_9d151773708628e8efa686c33561b54a_images.jpg,Men,Footwear,Sandal,Sports Sandals,Navy Blue,Summer,2012.0,Casual,Reebok Men Navy Twist Sandals,Men Footwear Sandal Sports Sandals Navy Blue Summer 2012.0 Casual Reebok Men Navy Twist Sandals
29789,29789.jpg,http://assets.myntassets.com/v1/images/style/properties/b5fe34a5c5a88054357f33b0d2b4ce46_images.jpg,Men,Apparel,Topwear,Tshirts,Pink,Summer,2013.0,Casual,Basics Men Pack of 3 T-shirt,Men Apparel Topwear Tshirts Pink Summer 2013.0 Casual Basics Men Pack of 3 T-shirt
19920,19920.jpg,http://assets.myntassets.com/v1/images/style/properties/d0e782df1a7287eb68da5806346605db_images.jpg,Unisex,Accessories,Bags,Backpacks,Black,Winter,2015.0,Casual,Wildcraft Unisex Black Outdoor Backpack,Unisex Accessories Bags Backpacks Black Winter 2015.0 Casual Wildcraft Unisex Black Outdoor Backpack
7503,7503.jpg,http://assets.myntassets.com/v1/images/style/properties/4642a9cf2604998cd7665a76a2bf87c1_images.jpg,Men,Apparel,Topwear,Tshirts,Blue,Summer,2011.0,Sports,Nike Men's As Icon Blue T-shirt,Men Apparel Topwear Tshirts Blue Summer 2011.0 Sports Nike Men's As Icon Blue T-shirt
46624,46624.jpg,http://assets.myntassets.com/v1/images/style/properties/Rasasi-Men-Emotion-Deo-and-Perfume-Set_f2bcc95e69a60ac6b5473ca68bcc5563_images.jpg,Men,Personal Care,Fragrance,Deodorant,Grey,Spring,2017.0,Casual,Rasasi Men Emotion Deo and Perfume Set,Men Personal Care Fragrance Deodorant Grey Spring 2017.0 Casual Rasasi Men Emotion Deo and Perfume Set
34204,34204.jpg,http://assets.myntassets.com/v1/images/style/properties/15324570d805103032f3a593d495aafe_images.jpg,Men,Apparel,Bottomwear,Track Pants,Navy Blue,Fall,2013.0,Casual,Proline Men Navy Track Pants,Men Apparel Bottomwear Track Pants Navy Blue Fall 2013.0 Casual Proline Men Navy Track Pants
17086,17086.jpg,http://assets.myntassets.com/v1/images/style/properties/9cad6be03b1e0b544055e140b526cb94_images.jpg,Women,Accessories,Wallets,Wallets,Orange,Winter,2015.0,Casual,Lino Perros Women Blue Zip Orange Wallet,Women Accessories Wallets Wallets Orange Winter 2015.0 Casual Lino Perros Women Blue Zip Orange Wallet
50741,50741.jpg,http://assets.myntassets.com/v1/images/style/properties/2dba90668d61bd7dd5e25a02d7612ee3_images.jpg,Men,Footwear,Shoes,Casual Shoes,Black,Winter,2018.0,Casual,Red Chief Men Black Shoes,Men Footwear Shoes Casual Shoes Black Winter 2018.0 Casual Red Chief Men Black Shoes
55233,55233.jpg,http://assets.myntassets.com/assets/images/55233/2018/5/3/11525323433330-Lakme-Nine-to-Five-Flawless-Makeup-Shell-Foundation-7251525323433284-1.jpg,Women,Personal Care,Makeup,Foundation and Primer,Skin,Summer,2019.0,Casual,Lakme Nine to Five Flawless Makeup Shell Foundation,Women Personal Care Makeup Foundation and Primer Skin Summer 2019.0 Casual Lakme Nine to Five Flawless Makeup Shell Foundation
13426,13426.jpg,http://assets.myntassets.com/v1/images/style/properties/6723c5b48a019f7940ac913e35240620_images.jpg,Men,Apparel,Topwear,Tshirts,Red,Summer,2011.0,Casual,United Colors of Benetton Men Stripes Red  Polo T-shirts,Men Apparel Topwear Tshirts Red Summer 2011.0 Casual United Colors of Benetton Men Stripes Red  Polo T-shirts
43356,43356.jpg,http://assets.myntassets.com/v1/images/style/properties/ec28a6e80636805d0bf993699b656c88_images.jpg,Women,Footwear,Shoes,Sports Shoes,Charcoal,Summer,2012.0,Sports,Reebok Women Charcoal Grey Fuel Techno Sports Shoes,Women Footwear Shoes Sports Shoes Charcoal Summer 2012.0 Sports Reebok Women Charcoal Grey Fuel Techno Sports Shoes
28207,28207.jpg,http://assets.myntassets.com/v1/images/style/properties/f8b19ba970bf91df7f4c1e263faa331c_images.jpg,Men,Accessories,Eyewear,Sunglasses,Black,Winter,2016.0,Casual,Ray-Ban Men Active Lifestyle Black Sunglasses,Men Accessories Eyewear Sunglasses Black Winter 2016.0 Casual Ray-Ban Men Active Lifestyle Black Sunglasses
13846,13846.jpg,http://assets.myntassets.com/v1/images/style/properties/5f2cc2a725967d426cc03f4a3fbb93c1_images.jpg,Men,Apparel,Topwear,Shirts,Blue,Fall,2011.0,Casual,John Miller Men Stripes Blue Shirts,Men Apparel Topwear Shirts Blue Fall 2011.0 Casual John Miller Men Stripes Blue Shirts
12994,12994.jpg,http://assets.myntassets.com/v1/images/style/properties/39873daedc5a92eef39894b612f5cbaf_images.jpg,Boys,Footwear,Shoes,Sports Shoes,Black,Fall,2011.0,Sports,ADIDAS Kids Boys Duramo Synthetic Black Sports Shoes,Boys Footwear Shoes Sports Shoes Black Fall 2011.0 Sports ADIDAS Kids Boys Duramo Synthetic Black Sports Shoes
46278,46278.jpg,http://assets.myntassets.com/v1/images/style/properties/279197619f868018854ce9bf9b812b87_images.jpg,Women,Apparel,Topwear,Tunics,Red,Summer,2012.0,Casual,109F Women Red & White Striped Tunic,Women Apparel Topwear Tunics Red Summer 2012.0 Casual 109F Women Red & White Striped Tunic
16508,16508.jpg,http://assets.myntassets.com/v1/images/style/properties/6cb6a14583b044dca0a0bd9efc2fc4c7_images.jpg,Men,Apparel,Bottomwear,Jeans,Blue,Fall,2011.0,Casual,Locomotive Men Washed Blue Jeans,Men Apparel Bottomwear Jeans Blue Fall 2011.0 Casual Locomotive Men Washed Blue Jeans
18492,18492.jpg,http://assets.myntassets.com/v1/images/style/properties/b5df5f57f0feda7a42510b6ebedf4f4d_images.jpg,Men,Footwear,Flip Flops,Flip Flops,Blue,Fall,2011.0,Casual,Puma Men Danny Blue Slipper,Men Footwear Flip Flops Flip Flops Blue Fall 2011.0 Casual Puma Men Danny Blue Slipper
19540,19540.jpg,http://assets.myntassets.com/v1/images/style/properties/339f3148805bd725b88cebe54fd52d45_images.jpg,Men,Apparel,Topwear,Sweaters,Blue,Summer,2011.0,Casual,United Colors of Benetton Men Solid Blue Sweater,Men Apparel Topwear Sweaters Blue Summer 2011.0 Casual United Colors of Benetton Men Solid Blue Sweater
7963,7963.jpg,http://assets.myntassets.com/v1/images/style/properties/7f50a98d2319c37ba993f4bd39ec1df9_images.jpg,Men,Apparel,Topwear,Tshirts,White,Fall,2011.0,Sports,Puma Men's Large Logo Graphic White French T-shirt,Men Apparel Topwear Tshirts White Fall 2011.0 Sports Puma Men's Large Logo Graphic White French T-shirt
8117,8117.jpg,http://assets.myntassets.com/v1/images/style/properties/971d32f5f437a3e65d852648dd6bbdad_images.jpg,Men,Accessories,Watches,Watches,Black,Winter,2016.0,Casual,Fastrack Men New Analog Black Navy Watch,Men Accessories Watches Watches Black Winter 2016.0 Casual Fastrack Men New Analog Black Navy Watch
49230,49230.jpg,http://assets.myntassets.com/v1/images/style/properties/Calzini-Men-Pack-of-5-Sports-Socks_3056952ffdf96eaba3df0c68140a951b_images.jpg,Men,Accessories,Socks,Socks,Black,Summer,2016.0,Casual,Calzini Men Pack of 5 Sports Socks,Men Accessories Socks Socks Black Summer 2016.0 Casual Calzini Men Pack of 5 Sports Socks
39147,39147.jpg,http://assets.myntassets.com/v1/images/style/properties/Aneri-Women-Blue-Salwar-Suit_310b83bb9b3c42c1b2a9a0b63e612c78_images.jpg,Women,Apparel,Apparel Set,Kurta Sets,Purple,Fall,2012.0,Ethnic,Aneri Women Purple Salwar Suit,Women Apparel Apparel Set Kurta Sets Purple Fall 2012.0 Ethnic Aneri Women Purple Salwar Suit
36933,36933.jpg,http://assets.myntassets.com/v1/images/style/properties/f98d1337a330597f69db87bdcbe2c3f7_images.jpg,Women,Personal Care,Fragrance,Perfume and Body Mist,Purple,Spring,2017.0,Casual,Bulgari Women Omnia Perfume,Women Personal Care Fragrance Perfume and Body Mist Purple Spring 2017.0 Casual Bulgari Women Omnia Perfume
57138,57138.jpg,http://assets.myntassets.com/v1/images/style/properties/Elle-Women-Brown-Trousers_a7f66d28a9214c62dc8073fa66146018_images.jpg,Women,Apparel,Bottomwear,Trousers,Brown,Summer,2012.0,Casual,Elle Women Brown Trousers,Women Apparel Bottomwear Trousers Brown Summer 2012.0 Casual Elle Women Brown Trousers
20856,20856.jpg,http://assets.myntassets.com/v1/images/style/properties/fc4d12bcdc99ec17c6cbff23ce164f00_images.jpg,Men,Footwear,Shoes,Casual Shoes,Black,Fall,2011.0,Casual,United Colors of Benetton Men Casual Black Shoes,Men Footwear Shoes Casual Shoes Black Fall 2011.0 Casual United Colors of Benetton Men Casual Black Shoes
41861,41861.jpg,http://assets.myntassets.com/v1/images/style/properties/b996cb05ae7c16cabfa4cadc23818247_images.jpg,Men,Footwear,Sandal,Sandals,Black,Summer,2016.0,Casual,Estd. 1977 Men Black Sandals,Men Footwear Sandal Sandals Black Summer 2016.0 Casual Estd. 1977 Men Black Sandals
5608,5608.jpg,http://assets.myntassets.com/v1/images/style/properties/f12bab8f2514a0656f81aa863dd966c3_images.jpg,Men,Footwear,Sandal,Sandals,Black,Summer,2011.0,Casual,ADIDAS Men Kendall Black Navy Floater,Men Footwear Sandal Sandals Black Summer 2011.0 Casual ADIDAS Men Kendall Black Navy Floater
58170,58170.jpg,http://assets.myntassets.com/v1/images/style/properties/Rocky-S-Red-Clutch_6ef925fd1ad1ad8201c607dd14dd5ade_images.jpg,Women,Accessories,Bags,Clutches,Red,Fall,2012.0,Casual,Rocky S Women Red Clutch,Women Accessories Bags Clutches Red Fall 2012.0 Casual Rocky S Women Red Clutch
53598,53598.jpg,http://assets.myntassets.com/v1/images/style/properties/Q-Q-Men-Black-Digital-Watch_a3a296a8c104975d7c8017bc5dd49a52_images.jpg,Men,Free Items,Free Gifts,Free Gifts,Black,Winter,2016.0,Sports,Q&Q Men Black Digital Watch,Men Free Items Free Gifts Free Gifts Black Winter 2016.0 Sports Q&Q Men Black Digital Watch
15983,15983.jpg,http://assets.myntassets.com/v1/images/style/properties/5dca5cfae72251582c7f14ac099212f3_images.jpg,Men,Apparel,Topwear,Shirts,Burgundy,Fall,2011.0,Casual,Turtle Solid Men  Burgundy Shirt,Men Apparel Topwear Shirts Burgundy Fall 2011.0 Casual Turtle Solid Men  Burgundy Shirt
39375,39375.jpg,http://assets.myntassets.com/v1/images/style/properties/Helix-Women-Silver-Dial-Watch_43fa66002d9a709539eb6ff7ed9384ce_images.jpg,Women,Accessories,Watches,Watches,Silver,Winter,2016.0,Casual,Helix Women Silver Dial Watch,Women Accessories Watches Watches Silver Winter 2016.0 Casual Helix Women Silver Dial Watch
14851,14851.jpg,http://assets.myntassets.com/v1/images/style/properties/90a495f259d10b2ff562dc0841721f7d_images.jpg,Women,Accessories,Wallets,Wallets,Coffee Brown,Summer,2011.0,Casual,United Colors of Benetton Women Solid Coffee Brown Wallets,Women Accessories Wallets Wallets Coffee Brown Summer 2011.0 Casual United Colors of Benetton Women Solid Coffee Brown Wallets
59290,59290.jpg,http://assets.myntassets.com/v1/images/style/properties/Titan-Men-Black-Dial-Watch_1b6fb70c7ca8b860eb0f3257b191e129_images.jpg,Men,Accessories,Watches,Watches,Black,Winter,2016.0,Casual,Titan Men Black Dial Watch,Men Accessories Watches Watches Black Winter 2016.0 Casual Titan Men Black Dial Watch
52678,52678.jpg,http://assets.myntassets.com/v1/images/style/properties/Morellato-Men-Black-Watch_75c8db9507b6fbde84d530568ac77b37_images.jpg,Men,Accessories,Watches,Watches,Black,Winter,2016.0,Casual,Morellato Men Black Watch,Men Accessories Watches Watches Black Winter 2016.0 Casual Morellato Men Black Watch
20258,20258.jpg,http://assets.myntassets.com/v1/images/style/properties/bf97cd1840466577838074675a9cbe1f_images.jpg,Men,Apparel,Topwear,Tshirts,Brown,Fall,2011.0,Casual,Wrangler Men Polo Charcoal T-shirt,Men Apparel Topwear Tshirts Brown Fall 2011.0 Casual Wrangler Men Polo Charcoal T-shirt
47198,47198.jpg,http://assets.myntassets.com/v1/images/style/properties/08be9002361c65ffa2e08a8f12464f56_images.jpg,Men,Footwear,Sandal,Sandals,Brown,Summer,2012.0,Casual,Franco Leone Men Brown Sandals,Men Footwear Sandal Sandals Brown Summer 2012.0 Casual Franco Leone Men Brown Sandals
27841,27841.jpg,http://assets.myntassets.com/v1/images/style/properties/8e033a452f0390d83a7c343f07177be0_images.jpg,Men,Accessories,Belts,Belts,White,Summer,2012.0,Casual,Bulchee Men Plain Jeans White Belt,Men Accessories Belts Belts White Summer 2012.0 Casual Bulchee Men Plain Jeans White Belt
28035,28035.jpg,http://assets.myntassets.com/v1/images/style/properties/86767de994125ef8c2482545f20aa370_images.jpg,Men,Apparel,Innerwear,Briefs,Grey Melange,Summer,2016.0,Casual,Jockey ELANCE Men Grey Melange Y Front Briefs 1006,Men Apparel Innerwear Briefs Grey Melange Summer 2016.0 Casual Jockey ELANCE Men Grey Melange Y Front Briefs 1006
31924,31924.jpg,http://assets.myntassets.com/v1/images/style/properties/f2be61ffbdcd20d97ef6aac78a1c3f58_images.jpg,Women,Accessories,Bags,Handbags,Black,Summer,2012.0,Casual,Fabindia Women Black Silk Handbag,Women Accessories Bags Handbags Black Summer 2012.0 Casual Fabindia Women Black Silk Handbag
26993,26993.jpg,http://assets.myntassets.com/v1/images/style/properties/6220c2b37ad0a42be62fb92b1d6c7e14_images.jpg,Women,Apparel,Bottomwear,Jeans,Blue,Summer,2012.0,Casual,Jealous 21 Women Washed Blue Jeans,Women Apparel Bottomwear Jeans Blue Summer 2012.0 Casual Jealous 21 Women Washed Blue Jeans
13248,13248.jpg,http://assets.myntassets.com/v1/images/style/properties/5f064c454ce1578a2a667d28872a0453_images.jpg,Men,Apparel,Bottomwear,Trousers,Brown,Fall,2011.0,Casual,Palm Tree Kids Boy Solid Brown Trousers,Men Apparel Bottomwear Trousers Brown Fall 2011.0 Casual Palm Tree Kids Boy Solid Brown Trousers
43538,43538.jpg,http://assets.myntassets.com/v1/images/style/properties/French-Connection-Women-Blue-Top_1230fe55a5335d7405f43cb5c43b3c90_images.jpg,Women,Apparel,Topwear,Tops,Blue,Summer,2012.0,Casual,French Connection Women Blue Top,Women Apparel Topwear Tops Blue Summer 2012.0 Casual French Connection Women Blue Top
8325,8325.jpg,http://assets.myntassets.com/v1/images/style/properties/e046ebf7dbb7ae5d9dd7980c21d264ac_images.jpg,Boys,Apparel,Topwear,Tshirts,Yellow,Fall,2011.0,Casual,Doodle Boy's Athletic 77 Dept Yellow Teen Kidswear,Boys Apparel Topwear Tshirts Yellow Fall 2011.0 Casual Doodle Boy's Athletic 77 Dept Yellow Teen Kidswear
31118,31118.jpg,http://assets.myntassets.com/v1/images/style/properties/1e3b40d501f5fbbceeab3879db474932_images.jpg,Girls,Apparel,Topwear,Tops,Red,Summer,2012.0,Casual,Gini and Jony Girls Red Top,Girls Apparel Topwear Tops Red Summer 2012.0 Casual Gini and Jony Girls Red Top
19772,19772.jpg,http://assets.myntassets.com/v1/images/style/properties/4ce7d857814ce0fec13e120fe55522c9_images.jpg,Men,Footwear,Shoes,Casual Shoes,Blue,Fall,2011.0,Casual,ADIDAS Men Vigor Blue Casual Shoes,Men Footwear Shoes Casual Shoes Blue Fall 2011.0 Casual ADIDAS Men Vigor Blue Casual Shoes
46876,46876.jpg,http://assets.myntassets.com/v1/images/style/properties/c572452716fa31fb03fa32d43629e335_images.jpg,Men,Accessories,Socks,Socks,Grey,Summer,2012.0,Casual,Lino Perros Men Pack of 2 Socks,Men Accessories Socks Socks Grey Summer 2012.0 Casual Lino Perros Men Pack of 2 Socks
5862,5862.jpg,http://assets.myntassets.com/v1/images/style/properties/9f9f083996862e825eb0ffb32ed9db31_images.jpg,Men,Apparel,Topwear,Tshirts,Black,Summer,2011.0,Casual,ADIDAS Men's Stripe Black T-shirt,Men Apparel Topwear Tshirts Black Summer 2011.0 Casual ADIDAS Men's Stripe Black T-shirt
39711,39711.jpg,http://assets.myntassets.com/v1/images/style/properties/11a62fad1b3fe096677f18cc0e7e75b9_images.jpg,Men,Accessories,Watches,Watches,Black,Winter,2016.0,Casual,ADIDAS Original Men Black Dial Chronograph Watch ADH2641,Men Accessories Watches Watches Black Winter 2016.0 Casual ADIDAS Original Men Black Dial Chronograph Watch ADH2641
14409,14409.jpg,http://assets.myntassets.com/v1/images/style/properties/749afc6258261f28bcd6b94c30f75cba_images.jpg,Women,Footwear,Shoes,Heels,White,Summer,2012.0,Casual,Enroute Women Casual White Heels,Women Footwear Shoes Heels White Summer 2012.0 Casual Enroute Women Casual White Heels
58726,58726.jpg,http://assets.myntassets.com/v1/images/style/properties/Puma-Men-Grey-T-shirt_cf275e8d9abdab9e307d6adbf8fc6d9f_images.jpg,Men,Apparel,Topwear,Tshirts,Grey,Summer,2012.0,Casual,Puma Men Grey T-shirt,Men Apparel Topwear Tshirts Grey Summer 2012.0 Casual Puma Men Grey T-shirt
44379,44379.jpg,http://assets.myntassets.com/v1/images/style/properties/Adidas-Men-Intense-Touch-100-ml-Perfume_97ab5eb6f4451e4af2913edbfde91f54_images.jpg,Men,Personal Care,Fragrance,Perfume and Body Mist,Black,Spring,2017.0,Casual,ADIDAS Men Intense Touch  Perfume,Men Personal Care Fragrance Perfume and Body Mist Black Spring 2017.0 Casual ADIDAS Men Intense Touch  Perfume
11947,11947.jpg,http://assets.myntassets.com/v1/images/style/properties/464879391de4e1a7b881dad3b7bd83a8_images.jpg,Men,Footwear,Sandal,Sandals,Olive,Summer,2012.0,Casual,Ganuchi Men Casual Olive Sandals,Men Footwear Sandal Sandals Olive Summer 2012.0 Casual Ganuchi Men Casual Olive Sandals
36759,36759.jpg,http://assets.myntassets.com/v1/images/style/properties/6addf68b5c1108a0db895cba2157c21f_images.jpg,Men,Accessories,Watches,Watches,White,Winter,2016.0,Casual,Maxima Men White Dial Watch,Men Accessories Watches Watches White Winter 2016.0 Casual Maxima Men White Dial Watch
51499,51499.jpg,http://assets.myntassets.com/v1/images/style/properties/689197cf54631e679c2db7ec742a6e09_images.jpg,Women,Apparel,Bottomwear,Jeans,Blue,Summer,2012.0,Casual,Denizen Women Blue Jeans,Women Apparel Bottomwear Jeans Blue Summer 2012.0 Casual Denizen Women Blue Jeans
29583,29583.jpg,http://assets.myntassets.com/v1/images/style/properties/f8bdfe085e37908f16bd5a9f16660748_images.jpg,Women,Footwear,Shoes,Flats,Silver,Summer,2012.0,Casual,Puma Women Grace Silver Sandals,Women Footwear Shoes Flats Silver Summer 2012.0 Casual Puma Women Grace Silver Sandals
55805,55805.jpg,http://assets.myntassets.com/v1/images/style/properties/SDL-by-Sweet-Dreams-Women-Pink---Black-Pyjama-Set_29ef1a45af8f10f5c12737350c74cfc5_images.jpg,Women,Apparel,Loungewear and Nightwear,Night suits,Pink,Summer,2017.0,Casual,SDL by Sweet Dreams Women Pink & Black Printed Night Suit S11-3134,Women Apparel Loungewear and Nightwear Night suits Pink Summer 2017.0 Casual SDL by Sweet Dreams Women Pink & Black Printed Night Suit S11-3134
7709,7709.jpg,http://assets.myntassets.com/v1/images/style/properties/dc428dc4301332468e7c6f8070c8f06b_images.jpg,Women,Apparel,Bottomwear,Jeans,Black,Fall,2011.0,Casual,Jealous 21 Women's Aaren Black Jegging,Women Apparel Bottomwear Jeans Black Fall 2011.0 Casual Jealous 21 Women's Aaren Black Jegging
28451,28451.jpg,http://assets.myntassets.com/v1/images/style/properties/07555cd5a97cd7ff5492fd344348dfcf_images.jpg,Women,Apparel,Bottomwear,Track Pants,Black,Summer,2012.0,Casual,Urban Yoga Women Black Track Pants,Women Apparel Bottomwear Track Pants Black Summer 2012.0 Casual Urban Yoga Women Black Track Pants
43960,43960.jpg,http://assets.myntassets.com/v1/images/style/properties/b150acdcab19e99002215aa95bffa983_images.jpg,Men,Apparel,Topwear,Shirts,Grey,Summer,2012.0,Formal,Indigo Nation Men Grey Striped Shirt,Men Apparel Topwear Shirts Grey Summer 2012.0 Formal Indigo Nation Men Grey Striped Shirt
8741,8741.jpg,http://assets.myntassets.com/v1/images/style/properties/91351f3c000928d10198c09cfa04611b_images.jpg,Men,Apparel,Topwear,Shirts,Navy Blue,Fall,2011.0,Casual,Indigo Nation Men Checks Shirt Navy Blue Shirts,Men Apparel Topwear Shirts Navy Blue Fall 2011.0 Casual Indigo Nation Men Checks Shirt Navy Blue Shirts
55039,55039.jpg,http://assets.myntassets.com/v1/images/style/properties/Lakme-Absolute-Matte-Merlot-Lipstick-45_bc13569d8288f127c70c917c9c75bb24_images.jpg,Women,Personal Care,Lips,Lipstick,Brown,Spring,2017.0,Casual,Lakme Absolute Matte Merlot Lipstick 45,Women Personal Care Lips Lipstick Brown Spring 2017.0 Casual Lakme Absolute Matte Merlot Lipstick 45
19316,19316.jpg,http://assets.myntassets.com/v1/images/style/properties/300c59d24b13b183d08ceee39e5e3aad_images.jpg,Unisex,Accessories,Bags,Backpacks,Grey,Fall,2011.0,Casual,Nike Unisex Hayward 25M Grey Backpack,Unisex Accessories Bags Backpacks Grey Fall 2011.0 Casual Nike Unisex Hayward 25M Grey Backpack
27419,27419.jpg,http://assets.myntassets.com/v1/images/style/properties/2ebe09ca473dc308c580e25f41fdd66f_images.jpg,Women,Apparel,Loungewear and Nightwear,Lounge Pants,Black,Winter,2015.0,Casual,Jockey Women Black Lounge Pants,Women Apparel Loungewear and Nightwear Lounge Pants Black Winter 2015.0 Casual Jockey Women Black Lounge Pants
34832,34832.jpg,http://assets.myntassets.com/v1/images/style/properties/0eeb810eac77b956c5b62381e1f3010b_images.jpg,Men,Footwear,Shoes,Sports Shoes,White,Summer,2012.0,Sports,ADIDAS Men Sukoi White Sports Shoes,Men Footwear Shoes Sports Shoes White Summer 2012.0 Sports ADIDAS Men Sukoi White Sports Shoes
23885,23885.jpg,http://assets.myntassets.com/v1/images/style/properties/FILA-Men-Sports-Shoes_f76566f76f49de0fdea5bedbe1c7db67_images.jpg,Men,Footwear,Shoes,Sports Shoes,Grey,Winter,2012.0,Sports,Fila Men Grey Hex Sports Shoes,Men Footwear Shoes Sports Shoes Grey Winter 2012.0 Sports Fila Men Grey Hex Sports Shoes
19918,19918.jpg,http://assets.myntassets.com/v1/images/style/properties/567c1373b2efe229d5da57fb9e3eef34_images.jpg,Unisex,Accessories,Bags,Backpacks,Black,Winter,2015.0,Casual,Wildcraft Unisex Black Backpack,Unisex Accessories Bags Backpacks Black Winter 2015.0 Casual Wildcraft Unisex Black Backpack
22359,22359.jpg,http://assets.myntassets.com/v1/images/style/properties/d839e1d71382ca6708416dbf6bfa9054_images.jpg,Men,Apparel,Topwear,Shirts,Blue,Summer,2011.0,Casual,John Players Men Check Blue Shirt,Men Apparel Topwear Shirts Blue Summer 2011.0 Casual John Players Men Check Blue Shirt
19124,19124.jpg,http://assets.myntassets.com/v1/images/style/properties/cd1874ab726cad7a6439f3886af1bd35_images.jpg,Women,Footwear,Flip Flops,Flip Flops,Pink,Fall,2011.0,Casual,Lotto Women XL Kelly Pink Slippers,Women Footwear Flip Flops Flip Flops Pink Fall 2011.0 Casual Lotto Women XL Kelly Pink Slippers
16950,16950.jpg,http://assets.myntassets.com/v1/images/style/properties/Image-Men-Sunglasses_f0ae900da0cad44ab4c6b106005185a1_images.jpg,Men,Accessories,Eyewear,Sunglasses,Brown,Winter,2016.0,Casual,Image Men Sunglasses,Men Accessories Eyewear Sunglasses Brown Winter 2016.0 Casual Image Men Sunglasses
49654,49654.jpg,http://assets.myntassets.com/v1/images/style/properties/4066aebdb467176a1e68e7b5c402130a_images.jpg,Women,Apparel,Bottomwear,Skirts,Grey,Summer,2012.0,Casual,Mineral Women Grey Skirt,Women Apparel Bottomwear Skirts Grey Summer 2012.0 Casual Mineral Women Grey Skirt
48786,48786.jpg,http://assets.myntassets.com/v1/images/style/properties/0454e503672f5f615a92e6c2a424bec6_images.jpg,Women,Accessories,Jewellery,Pendant,Silver,Summer,2013.0,Casual,Lucera Women Silver Pendant,Women Accessories Jewellery Pendant Silver Summer 2013.0 Casual Lucera Women Silver Pendant
2049,2049.jpg,http://assets.myntassets.com/v1/images/style/properties/5b7333bbf40e95f4c57e24d65903288d_images.jpg,Men,Apparel,Topwear,Tshirts,White,Summer,2010.0,Sports,ADIDAS Men's Slim Fit White T-shirt,Men Apparel Topwear Tshirts White Summer 2010.0 Sports ADIDAS Men's Slim Fit White T-shirt
17882,17882.jpg,http://assets.myntassets.com/v1/images/style/properties/1f3bf985f8d74b38a6606f020ea03146_images.jpg,Men,Apparel,Innerwear,Innerwear Vests,White,Summer,2016.0,Casual,Levis Men Comfort Style White Innerwear Vest,Men Apparel Innerwear Innerwear Vests White Summer 2016.0 Casual Levis Men Comfort Style White Innerwear Vest
44977,44977.jpg,http://assets.myntassets.com/v1/images/style/properties/84c52f370e03f1f4b0cc84d51d5022bb_images.jpg,Men,Accessories,Watches,Watches,Silver,Winter,2016.0,Casual,Maxima Men Silver Dial Attivo Watch,Men Accessories Watches Watches Silver Winter 2016.0 Casual Maxima Men Silver Dial Attivo Watch
33019,33019.jpg,http://assets.myntassets.com/v1/images/style/properties/8025d48579dca906daf4b3a72407715b_images.jpg,Women,Apparel,Topwear,Kurtas,Yellow,Summer,2012.0,Ethnic,Mother Earth Women Printed Yellow Kurta,Women Apparel Topwear Kurtas Yellow Summer 2012.0 Ethnic Mother Earth Women Printed Yellow Kurta
41439,41439.jpg,http://assets.myntassets.com/v1/images/style/properties/09edfdb4c1dc1478ea35507b0bdc41ce_images.jpg,Men,Footwear,Shoes,Sports Shoes,Black,Fall,2012.0,Sports,Lee Cooper Men Black Sports Shoes,Men Footwear Shoes Sports Shoes Black Fall 2012.0 Sports Lee Cooper Men Black Sports Shoes
39523,39523.jpg,http://assets.myntassets.com/v1/images/style/properties/2bbf55264e3e2ae8ed8763435341fb9e_images.jpg,Unisex,Accessories,Bags,Trolley Bag,Black,Summer,2012.0,Casual,Peter England Unisex Black One Dayer Black Trolley Bag,Unisex Accessories Bags Trolley Bag Black Summer 2012.0 Casual Peter England Unisex Black One Dayer Black Trolley Bag
52812,52812.jpg,http://assets.myntassets.com/v1/images/style/properties/6b1327e37cd1b6e78b1285ae76dff28a_images.jpg,Men,Accessories,Wallets,Wallets,Black,Summer,2012.0,Casual,JAG Men Black Leather Wallet,Men Accessories Wallets Wallets Black Summer 2012.0 Casual JAG Men Black Leather Wallet
11349,11349.jpg,http://assets.myntassets.com/v1/images/style/properties/cd76a36fca88fe74d1d25ee7fd96881a_images.jpg,Men,Apparel,Bottomwear,Jeans,Blue,Summer,2017.0,Casual,Lee Men Blue Chicago Fit Jeans,Men Apparel Bottomwear Jeans Blue Summer 2017.0 Casual Lee Men Blue Chicago Fit Jeans
24892,24892.jpg,http://assets.myntassets.com/v1/images/style/properties/7806d266865c89cb087a259ab7250e01_images.jpg,Men,Apparel,Topwear,Tshirts,Black,Fall,2011.0,Casual,United Colors of Benetton Men Black T-shirt,Men Apparel Topwear Tshirts Black Fall 2011.0 Casual United Colors of Benetton Men Black T-shirt
58514,58514.jpg,http://assets.myntassets.com/v1/images/style/properties/Tonga-Women-Grey-Top_f73ea340974e7cc7cb4db18f7889cec7_images.jpg,Women,Apparel,Topwear,Tops,Grey,Summer,2012.0,Casual,Tonga Women Grey Top,Women Apparel Topwear Tops Grey Summer 2012.0 Casual Tonga Women Grey Top
33825,33825.jpg,http://assets.myntassets.com/v1/images/style/properties/ab41fd1858b59cd914b435332ed2bffe_images.jpg,Women,Footwear,Shoes,Sports Shoes,Silver,Summer,2012.0,Sports,Puma Women Kuris Silver & Grey Sports Shoes,Women Footwear Shoes Sports Shoes Silver Summer 2012.0 Sports Puma Women Kuris Silver & Grey Sports Shoes
25940,25940.jpg,http://assets.myntassets.com/v1/images/style/properties/2cd34561dd4ed25df6d9fd070a9e88d9_images.jpg,Women,Accessories,Scarves,Scarves,Yellow,Summer,2012.0,Casual,Femella Women Yellow & Blue Scarf,Women Accessories Scarves Scarves Yellow Summer 2012.0 Casual Femella Women Yellow & Blue Scarf
38637,38637.jpg,http://assets.myntassets.com/v1/images/style/properties/048477a26c1da1d6aa87134c253ab97b_images.jpg,Men,Apparel,Topwear,Tshirts,Red,Summer,2012.0,Casual,Nike Men Red Delhi T-shirt,Men Apparel Topwear Tshirts Red Summer 2012.0 Casual Nike Men Red Delhi T-shirt
5896,5896.jpg,http://assets.myntassets.com/v1/images/style/properties/57601ed1977aecafecafbfb1fe49a424_images.jpg,Men,Footwear,Shoes,Casual Shoes,Black,Summer,2011.0,Casual,Puma Men Cavallino Black Shoe,Men Footwear Shoes Casual Shoes Black Summer 2011.0 Casual Puma Men Cavallino Black Shoe
4944,4944.jpg,http://assets.myntassets.com/v1/images/style/properties/a8b30e5a5ba28fc928c0b64cda5811e4_images.jpg,Men,Apparel,Topwear,Shirts,White,Summer,2011.0,Casual,Gini and Jony Boy's Kaleb White Brown Infant Kidswear,Men Apparel Topwear Shirts White Summer 2011.0 Casual Gini and Jony Boy's Kaleb White Brown Infant Kidswear
10861,10861.jpg,http://assets.myntassets.com/v1/images/style/properties/adf22f809f604e821145a616e4766061_images.jpg,Men,Apparel,Topwear,Tshirts,White,Fall,2011.0,Casual,Wrangler Men Dirt Riders White T-Shirts,Men Apparel Topwear Tshirts White Fall 2011.0 Casual Wrangler Men Dirt Riders White T-Shirts
59600,59600.jpg,http://assets.myntassets.com/v1/images/style/properties/FNF-Rust---Green-Collection-for-Wedding-Sari_8a5ee22b73ef48ec683e77ba3b8de5a4_images.jpg,Women,Apparel,Saree,Sarees,Rust,Fall,2012.0,Ethnic,FNF Rust Wedding Collection Sari,Women Apparel Saree Sarees Rust Fall 2012.0 Ethnic FNF Rust Wedding Collection Sari
42846,42846.jpg,http://assets.myntassets.com/v1/images/style/properties/79bf6743e22d6c1a225540a4ab1731a6_images.jpg,Women,Accessories,Bags,Handbags,Multi,Summer,2012.0,Casual,French Connection Women Multi Stripe Hand Bag,Women Accessories Bags Handbags Multi Summer 2012.0 Casual French Connection Women Multi Stripe Hand Bag
35128,35128.jpg,http://assets.myntassets.com/v1/images/style/properties/dc28614f846de2d3dd6d2935f88c4a01_images.jpg,Women,Accessories,Jewellery,Bracelet,Purple,Winter,2012.0,Casual,Allen Solly Woman Purple Bangle,Women Accessories Jewellery Bracelet Purple Winter 2012.0 Casual Allen Solly Woman Purple Bangle
47508,47508.jpg,http://assets.myntassets.com/v1/images/style/properties/ff75150c15d512495e88a438db10884d_images.jpg,Men,Apparel,Innerwear,Briefs,Black,Summer,2016.0,Casual,Facit Men Black Brief,Men Apparel Innerwear Briefs Black Summer 2016.0 Casual Facit Men Black Brief
54923,54923.jpg,http://assets.myntassets.com/v1/images/style/properties/Do-u-speak-Green-Girls-Olive-34-Pant_62311570aeebd7385030de554584a065_images.jpg,Girls,Apparel,Bottomwear,Capris,Olive,Summer,2012.0,Casual,Do u speak Green Girls Olive 3/4 Pant,Girls Apparel Bottomwear Capris Olive Summer 2012.0 Casual Do u speak Green Girls Olive 3/4 Pant
43994,43994.jpg,http://assets.myntassets.com/v1/images/style/properties/5c7d3d8c3d1d6cc0f1cdbe550220bc73_images.jpg,Women,Personal Care,Fragrance,Deodorant,Pink,Spring,2017.0,Casual,Police Women Passion Deo,Women Personal Care Fragrance Deodorant Pink Spring 2017.0 Casual Police Women Passion Deo
17278,17278.jpg,http://assets.myntassets.com/v1/images/style/properties/b6ce9035b4f54b8733940f2f10e2e0d4_images.jpg,Men,Apparel,Topwear,Tshirts,Grey,Fall,2011.0,Casual,U.S. Polo Assn. Men Printed  Steeple Grey Tshirt,Men Apparel Topwear Tshirts Grey Fall 2011.0 Casual U.S. Polo Assn. Men Printed  Steeple Grey Tshirt
31588,31588.jpg,http://assets.myntassets.com/v1/images/style/properties/d6c2a243dd5227d7ae5d10156477c38a_images.jpg,Men,Apparel,Topwear,Tshirts,Maroon,Summer,2012.0,Casual,Mark Taylor Men Printed Maroon T-shirt,Men Apparel Topwear Tshirts Maroon Summer 2012.0 Casual Mark Taylor Men Printed Maroon T-shirt
49492,49492.jpg,http://assets.myntassets.com/v1/images/style/properties/Vans-Men-Maroon---Grey-Era-Shoes_f95fd18a6cf5c1deede9c2a3304cfd2c_images.jpg,Men,Footwear,Shoes,Casual Shoes,Maroon,Summer,2012.0,Casual,Vans Men Maroon & Grey Era Shoes,Men Footwear Shoes Casual Shoes Maroon Summer 2012.0 Casual Vans Men Maroon & Grey Era Shoes
18230,18230.jpg,http://assets.myntassets.com/v1/images/style/properties/4a8e310b6a7184ea58ad3a7dc8590b27_images.jpg,Men,Apparel,Topwear,Tshirts,White,Fall,2011.0,Casual,Manchester United Men Printed White Tshirt,Men Apparel Topwear Tshirts White Fall 2011.0 Casual Manchester United Men Printed White Tshirt
23871,23871.jpg,http://assets.myntassets.com/v1/images/style/properties/be625a96a46f91544eb611751026314f_images.jpg,Men,Apparel,Topwear,Tshirts,Grey,Fall,2011.0,Casual,ADIDAS Men Grey Striped T-shirt,Men Apparel Topwear Tshirts Grey Fall 2011.0 Casual ADIDAS Men Grey Striped T-shirt
9667,9667.jpg,http://assets.myntassets.com/v1/images/style/properties/ceb79e65e6f47c0364f0e4dec3331178_images.jpg,Men,Apparel,Topwear,Shirts,Purple,Fall,2011.0,Casual,Indigo Nation Men Bling Red Black Shirts,Men Apparel Topwear Shirts Purple Fall 2011.0 Casual Indigo Nation Men Bling Red Black Shirts
16198,16198.jpg,http://assets.myntassets.com/v1/images/style/properties/0d44368c0dedf58c07d1ff32ee194abc_images.jpg,Men,Apparel,Bottomwear,Tracksuits,Black,Fall,2011.0,Sports,Puma Men Poly Knitted Black Tracksuit,Men Apparel Bottomwear Tracksuits Black Fall 2011.0 Sports Puma Men Poly Knitted Black Tracksuit
3953,3953.jpg,http://assets.myntassets.com/v1/images/style/properties/812fff8546b72c2f4bea1cf9a0ac0f13_images.jpg,Women,Apparel,Topwear,Tshirts,Red,Summer,2011.0,Casual,Jealous 21 Women's Red Peace T-shirt,Women Apparel Topwear Tshirts Red Summer 2011.0 Casual Jealous 21 Women's Red Peace T-shirt
29745,29745.jpg,http://assets.myntassets.com/v1/images/style/properties/Fossil-Men-Quartz-Chronograph-Watch_575c8fdbe42720059478b19e9dfd5e55_images.jpg,Men,Accessories,Watches,Watches,Black,Winter,2016.0,Casual,Fossil Men Quartz Black Dial Chronograph Watch JR1303,Men Accessories Watches Watches Black Winter 2016.0 Casual Fossil Men Quartz Black Dial Chronograph Watch JR1303
28697,28697.jpg,http://assets.myntassets.com/v1/images/style/properties/7cc9d6974c744535b7343cc863082311_images.jpg,Women,Apparel,Topwear,Kurtas,Black,Summer,2012.0,Ethnic,W Women Printed Black Kurta,Women Apparel Topwear Kurtas Black Summer 2012.0 Ethnic W Women Printed Black Kurta
12538,12538.jpg,http://assets.myntassets.com/v1/images/style/properties/eb3a69a17b6a64c1ad62a00796b91824_images.jpg,Men,Apparel,Bottomwear,Track Pants,Blue,Fall,2011.0,Casual,Puma Men Solid Blue Track Pants,Men Apparel Bottomwear Track Pants Blue Fall 2011.0 Casual Puma Men Solid Blue Track Pants
8587,8587.jpg,http://assets.myntassets.com/v1/images/style/properties/d9497aae4ed436340a1b6764ddc052ce_images.jpg,Men,Apparel,Topwear,Shirts,Red,Fall,2011.0,Casual,Scullers Men Red Check Shirt,Men Apparel Topwear Shirts Red Fall 2011.0 Casual Scullers Men Red Check Shirt
42248,42248.jpg,http://assets.myntassets.com/v1/images/style/properties/e0da05b38a2fe03cace0a8fbddc65006_images.jpg,Women,Apparel,Topwear,Tops,Pink,Summer,2012.0,Casual,Sepia Women Pink Top,Women Apparel Topwear Tops Pink Summer 2012.0 Casual Sepia Women Pink Top
48772,48772.jpg,http://assets.myntassets.com/v1/images/style/properties/33c356143683cffa7582fc7fa85d640f_images.jpg,Women,Accessories,Jewellery,Pendant,Silver,Summer,2013.0,Casual,Lucera Women Silver Pendant,Women Accessories Jewellery Pendant Silver Summer 2013.0 Casual Lucera Women Silver Pendant
17876,17876.jpg,http://assets.myntassets.com/v1/images/style/properties/6ad5930365254d23fcfd8aaabe39d7fd_images.jpg,Men,Apparel,Innerwear,Innerwear Vests,Grey,Summer,2016.0,Casual,Levis Men Comfort Style Grey Innerwear Vest,Men Apparel Innerwear Innerwear Vests Grey Summer 2016.0 Casual Levis Men Comfort Style Grey Innerwear Vest
30668,30668.jpg,http://assets.myntassets.com/v1/images/style/properties/ca1ea916513e30ffbd8d0f3d48460752_images.jpg,Men,Accessories,Eyewear,Sunglasses,Black,Winter,2016.0,Casual,Park Avenue Men Black Sunglasses,Men Accessories Eyewear Sunglasses Black Winter 2016.0 Casual Park Avenue Men Black Sunglasses
9455,9455.jpg,http://assets.myntassets.com/v1/images/style/properties/b51ddd8d00fdcb3261069363d18b6763_images.jpg,Men,Apparel,Topwear,Shirts,Red,Fall,2011.0,Formal,John Miller Men Red Striped Shirt,Men Apparel Topwear Shirts Red Fall 2011.0 Formal John Miller Men Red Striped Shirt
18002,18002.jpg,http://assets.myntassets.com/v1/images/style/properties/c6a98b1107df02d5791d0006235939df_images.jpg,Women,Apparel,Bottomwear,Capris,Black,Summer,2011.0,Sports,Puma Women Essential Skinny Black 3/4 Pant,Women Apparel Bottomwear Capris Black Summer 2011.0 Sports Puma Women Essential Skinny Black 3/4 Pant
44983,44983.jpg,http://assets.myntassets.com/v1/images/style/properties/819aca72eadcdd53e95d1631aae2e701_images.jpg,Women,Accessories,Watches,Watches,Silver,Winter,2016.0,Casual,Maxima Women Silver Dial Watch,Women Accessories Watches Watches Silver Winter 2016.0 Casual Maxima Women Silver Dial Watch
38405,38405.jpg,http://assets.myntassets.com/v1/images/style/properties/059445627a9611d38218864729d5eeb0_images.jpg,Women,Accessories,Belts,Belts,White,Summer,2012.0,Casual,Baggit Women White Capri Taj Belt,Women Accessories Belts Belts White Summer 2012.0 Casual Baggit Women White Capri Taj Belt
53934,53934.jpg,http://assets.myntassets.com/v1/images/style/properties/KIARA-Women-Brown-Handbag_98bb55cffd970f479b59b9e16d0713b6_images.jpg,Women,Accessories,Bags,Handbags,Brown,Summer,2012.0,Casual,Kiara Women Brown Handbag,Women Accessories Bags Handbags Brown Summer 2012.0 Casual Kiara Women Brown Handbag
1638,1638.jpg,http://assets.myntassets.com/v1/images/style/properties/332172e96e45f1a6d5ba979215736176_images.jpg,Unisex,Apparel,Bottomwear,Swimwear,Blue,Fall,2010.0,Sports,Nabaiji Swimming Goggles Blue Black,Unisex Apparel Bottomwear Swimwear Blue Fall 2010.0 Sports Nabaiji Swimming Goggles Blue Black
25188,25188.jpg,http://assets.myntassets.com/v1/images/style/properties/dabc32d2b3e99f80ef908374f84d161c_images.jpg,Women,Accessories,Bags,Handbags,Brown,Winter,2015.0,Casual,Lino Perros Women Leatherite Brown Handbag,Women Accessories Bags Handbags Brown Winter 2015.0 Casual Lino Perros Women Leatherite Brown Handbag
24866,24866.jpg,http://assets.myntassets.com/v1/images/style/properties/048fb21b5cddf5bf4bafb5b507ba9872_images.jpg,Men,Accessories,Belts,Belts,Black,Summer,2012.0,Casual,Reid & Taylor Men Formal Black Belt,Men Accessories Belts Belts Black Summer 2012.0 Casual Reid & Taylor Men Formal Black Belt
53108,53108.jpg,http://assets.myntassets.com/v1/images/style/properties/Fabindia-Silver-Earrings_35496103f164781c2264c2467b46a846_images.jpg,Women,Accessories,Jewellery,Earrings,Silver,Winter,2016.0,Casual,Fabindia Silver Earrings,Women Accessories Jewellery Earrings Silver Winter 2016.0 Casual Fabindia Silver Earrings
21528,21528.jpg,http://assets.myntassets.com/v1/images/style/properties/348a1c79e91c3c74047eecd5dd374957_images.jpg,Women,Accessories,Bags,Handbags,Copper,Winter,2015.0,Casual,Kiara Women Sequins Copper Handbag,Women Accessories Bags Handbags Copper Winter 2015.0 Casual Kiara Women Sequins Copper Handbag
59432,59432.jpg,http://assets.myntassets.com/v1/images/style/properties/Spice-Art-Women-Black-Handbag_2bf4728580599984a2a555db977b9e35_images.jpg,Women,Accessories,Bags,Handbags,Black,Summer,2012.0,Casual,Spice Art Women Black Handbag,Women Accessories Bags Handbags Black Summer 2012.0 Casual Spice Art Women Black Handbag
32903,32903.jpg,http://assets.myntassets.com/v1/images/style/properties/Allen-Solly-Women-Red-Shorts_a99033bbbb95bbf0b9cc2945a99e5f18_images.jpg,Women,Apparel,Bottomwear,Shorts,Red,Summer,2012.0,Casual,Allen Solly Women Red Shorts,Women Apparel Bottomwear Shorts Red Summer 2012.0 Casual Allen Solly Women Red Shorts
6079,6079.jpg,http://assets.myntassets.com/v1/images/style/properties/4ac891da14f596c2e69f75cfb8d1a56a_images.jpg,Men,Apparel,Topwear,Tshirts,Grey,Summer,2011.0,Casual,UCB Men's Johny Collar With Two Tone Grey T-shirt,Men Apparel Topwear Tshirts Grey Summer 2011.0 Casual UCB Men's Johny Collar With Two Tone Grey T-shirt
12960,12960.jpg,http://assets.myntassets.com/v1/images/style/properties/81780f9a8eebc7fb3d57ffffa7f455ae_images.jpg,Men,Footwear,Shoes,Sports Shoes,White,Fall,2011.0,Sports,ADIDAS Men Sports White Sports Shoes,Men Footwear Shoes Sports Shoes White Fall 2011.0 Sports ADIDAS Men Sports White Sports Shoes
29321,29321.jpg,http://assets.myntassets.com/v1/images/style/properties/08ba360a042300fffa932e37235edd6d_images.jpg,Men,Apparel,Topwear,Tshirts,Black,Summer,2012.0,Sports,ADIDAS Men Black Jersey,Men Apparel Topwear Tshirts Black Summer 2012.0 Sports ADIDAS Men Black Jersey
9031,9031.jpg,http://assets.myntassets.com/v1/images/style/properties/c42e34c84003a87f8fc0d5694e82d4c3_images.jpg,Men,Footwear,Shoes,Casual Shoes,Tan,Winter,2011.0,Casual,Buckaroo Men loma Tan Casual Shoes,Men Footwear Shoes Casual Shoes Tan Winter 2011.0 Casual Buckaroo Men loma Tan Casual Shoes
6845,6845.jpg,http://assets.myntassets.com/v1/images/style/properties/faf1d3dd73a661e25ed526e28fd8ea85_images.jpg,Unisex,Accessories,Shoe Accessories,Shoe Laces,Black,Summer,2011.0,Casual,Timberland Unisex Hiker Round Lace Shoe Accessories,Unisex Accessories Shoe Accessories Shoe Laces Black Summer 2011.0 Casual Timberland Unisex Hiker Round Lace Shoe Accessories
18466,18466.jpg,http://assets.myntassets.com/v1/images/style/properties/4d321b82e59d37960f77916416a4d594_images.jpg,Women,Personal Care,Fragrance,Perfume and Body Mist,White,Spring,2017.0,Casual,Reebok Reebounce Women Perfumes,Women Personal Care Fragrance Perfume and Body Mist White Spring 2017.0 Casual Reebok Reebounce Women Perfumes
26369,26369.jpg,http://assets.myntassets.com/v1/images/style/properties/2b2bb303e1b844960d62d84888b226e0_images.jpg,Women,Apparel,Topwear,Shirts,Blue,Summer,2012.0,Casual,Arrow Woman Blue Shirt,Women Apparel Topwear Shirts Blue Summer 2012.0 Casual Arrow Woman Blue Shirt
33489,33489.jpg,http://assets.myntassets.com/v1/images/style/properties/47d964476bfd4b4c30627d74c4f6a94d_images.jpg,Men,Apparel,Topwear,Shirts,Green,Summer,2012.0,Casual,Doodle Kids Boy Check Green Shirt,Men Apparel Topwear Shirts Green Summer 2012.0 Casual Doodle Kids Boy Check Green Shirt
59056,59056.jpg,http://assets.myntassets.com/v1/images/style/properties/Carlton-London-Women-Blue---Cream-Shoes_243d3b1aebc988e696a0ea409daff4bf_images.jpg,Women,Footwear,Shoes,Casual Shoes,Blue,Winter,2012.0,Casual,Carlton London Women Blue & Cream Shoes,Women Footwear Shoes Casual Shoes Blue Winter 2012.0 Casual Carlton London Women Blue & Cream Shoes
15379,15379.jpg,http://assets.myntassets.com/v1/images/style/properties/593368a3e9649a12de803e50fa2ed17a_images.jpg,Men,Footwear,Shoes,Casual Shoes,Black,Summer,2012.0,Casual,Fila Men Lobato Black Casual Shoes,Men Footwear Shoes Casual Shoes Black Summer 2012.0 Casual Fila Men Lobato Black Casual Shoes
45409,45409.jpg,http://assets.myntassets.com/v1/images/style/properties/54af17814bd8787468092abb74e7636a_images.jpg,Women,Footwear,Shoes,Flats,Black,Winter,2012.0,Casual,Rocia Women Black & Brown Sandals,Women Footwear Shoes Flats Black Winter 2012.0 Casual Rocia Women Black & Brown Sandals
56822,56822.jpg,http://assets.myntassets.com/v1/images/style/properties/John-Players-Men-Beige-Shorts_121cc979460c6139c92c31e560abc152_images.jpg,Men,Apparel,Bottomwear,Trousers,Beige,Summer,2012.0,Casual,John Players Men Beige Shorts,Men Apparel Bottomwear Trousers Beige Summer 2012.0 Casual John Players Men Beige Shorts
58184,58184.jpg,http://assets.myntassets.com/v1/images/style/properties/Rocky-S-Women-Beige-Handbag_cf13243aa8a7454917b557edd377d46e_images.jpg,Women,Accessories,Bags,Handbags,Beige,Summer,2012.0,Casual,Rocky S Women Beige Handbag,Women Accessories Bags Handbags Beige Summer 2012.0 Casual Rocky S Women Beige Handbag
40947,40947.jpg,http://assets.myntassets.com/v1/images/style/properties/ecfcc90e4ae597955732adf2680b9fa3_images.jpg,Boys,Apparel,Topwear,Tshirts,Red,Summer,2012.0,Casual,Gini and Jony Boys Core Red T-shirt,Boys Apparel Topwear Tshirts Red Summer 2012.0 Casual Gini and Jony Boys Core Red T-shirt
39381,39381.jpg,http://assets.myntassets.com/v1/images/style/properties/78bf924de236777a9bc6662b076449e4_images.jpg,Men,Apparel,Bottomwear,Jeans,Black,Summer,2012.0,Casual,Peter England Men Party Black Jeans,Men Apparel Bottomwear Jeans Black Summer 2012.0 Casual Peter England Men Party Black Jeans
15977,15977.jpg,http://assets.myntassets.com/v1/images/style/properties/0a031662373e7c27ae1415f5afb76e42_images.jpg,Men,Apparel,Topwear,Shirts,Red,Fall,2011.0,Casual,Turtle Solid Men Red Shirt,Men Apparel Topwear Shirts Red Fall 2011.0 Casual Turtle Solid Men Red Shirt
32769,32769.jpg,http://assets.myntassets.com/v1/images/style/properties/f811ce4aaa2f4c37fc962f2c069f0ee4_images.jpg,Men,Apparel,Topwear,Tshirts,Blue,Spring,2013.0,Casual,Music Men Printed Blue T-shirt,Men Apparel Topwear Tshirts Blue Spring 2013.0 Casual Music Men Printed Blue T-shirt
10439,10439.jpg,http://assets.myntassets.com/v1/images/style/properties/6703b9bc9762e04f4e53afaa0aaecb3d_images.jpg,Men,Apparel,Topwear,Tshirts,Brown,Fall,2011.0,Casual,Flying Machine Men Walnut Brown Tshirts,Men Apparel Topwear Tshirts Brown Fall 2011.0 Casual Flying Machine Men Walnut Brown Tshirts
59264,59264.jpg,http://assets.myntassets.com/v1/images/style/properties/Titan-Women-White-Watch_4f0365e5beb2f39bd6f333064101cb06_images.jpg,Women,Accessories,Watches,Watches,White,Winter,2016.0,Casual,Titan Women White Watch,Women Accessories Watches Watches White Winter 2016.0 Casual Titan Women White Watch
14099,14099.jpg,http://assets.myntassets.com/v1/images/style/properties/1c2d217895f9a1bf02a20b09084491da_images.jpg,Women,Apparel,Topwear,Tops,Pink,Fall,2011.0,Casual,Flying Machine Women Solid Pink Tops,Women Apparel Topwear Tops Pink Fall 2011.0 Casual Flying Machine Women Solid Pink Tops
1852,1852.jpg,http://assets.myntassets.com/v1/images/style/properties/2e95da933ac14a9c46b2629146a5ad51_images.jpg,Men,Apparel,Topwear,Tshirts,Blue,Summer,2011.0,Casual,Inkfruit Men Ride It Or Die T-shirt,Men Apparel Topwear Tshirts Blue Summer 2011.0 Casual Inkfruit Men Ride It Or Die T-shirt
30802,30802.jpg,http://assets.myntassets.com/v1/images/style/properties/51e88043cd7d2b28569c641fdb2fdc4c_images.jpg,Men,Apparel,Topwear,Shirts,Blue,Summer,2012.0,Ethnic,Fabindia Men Blue Shirt,Men Apparel Topwear Shirts Blue Summer 2012.0 Ethnic Fabindia Men Blue Shirt
51009,51009.jpg,http://assets.myntassets.com/v1/images/style/properties/Enamor-Rose-Full-Figure-Bra_d04d8cdbc6cef8399424eb4aa236a47b_images.jpg,Women,Apparel,Innerwear,Bra,Rose,Summer,2017.0,Casual,Enamor Rose Full Figure Bra FF07,Women Apparel Innerwear Bra Rose Summer 2017.0 Casual Enamor Rose Full Figure Bra FF07
29113,29113.jpg,http://assets.myntassets.com/v1/images/style/properties/305e775fce152c8d7ad4334dee5d2cae_images.jpg,Women,Accessories,Socks,Socks,White,Summer,2012.0,Casual,Puma Women Pack of 3 Socks,Women Accessories Socks Socks White Summer 2012.0 Casual Puma Women Pack of 3 Socks
7399,7399.jpg,http://assets.myntassets.com/v1/images/style/properties/f100c2c689ac3bf1ecbf643b1921c001_images.jpg,Men,Footwear,Shoes,Formal Shoes,Black,Winter,2018.0,Formal,Red Tape Men's Black Formal Shoe,Men Footwear Shoes Formal Shoes Black Winter 2018.0 Formal Red Tape Men's Black Formal Shoe
26967,26967.jpg,http://assets.myntassets.com/v1/images/style/properties/85d720a91f528535d65276aabff0ee69_images.jpg,Women,Apparel,Topwear,Tops,Navy Blue,Summer,2012.0,Casual,Jealous 21 Women Check Navy Blue Top,Women Apparel Topwear Tops Navy Blue Summer 2012.0 Casual Jealous 21 Women Check Navy Blue Top
27089,27089.jpg,http://assets.myntassets.com/v1/images/style/properties/fb270d2a6f06ba2d0736b2700ee916eb_images.jpg,Women,Apparel,Topwear,Kurtas,Brown,Summer,2012.0,Ethnic,Aneri Women Jazz Brown Kurta,Women Apparel Topwear Kurtas Brown Summer 2012.0 Ethnic Aneri Women Jazz Brown Kurta
48124,48124.jpg,http://assets.myntassets.com/v1/images/style/properties/6b6891bafdee4f7a91dc6198bb172de1_images.jpg,Women,Accessories,Belts,Belts,Brown,Summer,2012.0,Casual,Fossil Women Brown Huarache Weave Belt,Women Accessories Belts Belts Brown Summer 2012.0 Casual Fossil Women Brown Huarache Weave Belt
9203,9203.jpg,http://assets.myntassets.com/v1/images/style/properties/70ffebcb332030e98e65461076ac2fb0_images.jpg,Men,Footwear,Shoes,Sports Shoes,Black,Fall,2011.0,Sports,Puma Men Axis XT Black Shoes,Men Footwear Shoes Sports Shoes Black Fall 2011.0 Sports Puma Men Axis XT Black Shoes
51835,51835.jpg,http://assets.myntassets.com/v1/images/style/properties/0e1d36b05c6bd99ed90a50af5f4000a7_images.jpg,Women,Apparel,Innerwear,Briefs,Red,Summer,2016.0,Casual,Bwitch Red Lace  Briefs,Women Apparel Innerwear Briefs Red Summer 2016.0 Casual Bwitch Red Lace  Briefs
3739,3739.jpg,http://assets.myntassets.com/v1/images/style/properties/0c4bbbabc7387cf6190f60f42d28782c_images.jpg,Men,Accessories,Headwear,Caps,Blue,Fall,2010.0,Sports,ADIDAS Men Delhi Daredevil Blue Cap,Men Accessories Headwear Caps Blue Fall 2010.0 Sports ADIDAS Men Delhi Daredevil Blue Cap
19786,19786.jpg,http://assets.myntassets.com/v1/images/style/properties/4dcc3b32e48ebb49502a3384edff6ccf_images.jpg,Men,Apparel,Topwear,Tshirts,Navy Blue,Winter,2016.0,Casual,U.S. Polo Assn. Men Solid Navy Blue Tshirt,Men Apparel Topwear Tshirts Navy Blue Winter 2016.0 Casual U.S. Polo Assn. Men Solid Navy Blue Tshirt
44948,44948.jpg,http://assets.myntassets.com/v1/images/style/properties/39cef2982137215d71ed41a558159659_images.jpg,Men,Footwear,Shoes,Sports Shoes,Black,Summer,2012.0,Sports,Puma Men Black Aquil II Sports Shoes,Men Footwear Shoes Sports Shoes Black Summer 2012.0 Sports Puma Men Black Aquil II Sports Shoes
24091,24091.jpg,http://assets.myntassets.com/v1/images/style/properties/cd8e03fcea2341e5cf5dfad3a47734d3_images.jpg,Men,Apparel,Topwear,Tshirts,Navy Blue,Fall,2011.0,Casual,Manchester United Men Navy Blue Striped T-shirt,Men Apparel Topwear Tshirts Navy Blue Fall 2011.0 Casual Manchester United Men Navy Blue Striped T-shirt
57563,57563.jpg,http://assets.myntassets.com/assets/images/57563/2016/11/21/11479705887376-Lotus-Herbals-Pure-Colours-Nutty-Brown-Lipstick-666-2131479705887284-1.jpg,Women,Personal Care,Lips,Lipstick,Brown,Spring,2017.0,,Lotus Herbals Pure Colours Nutty Brown Lipstick 666,Women Personal Care Lips Lipstick Brown Spring 2017.0  Lotus Herbals Pure Colours Nutty Brown Lipstick 666
33026,33026.jpg,http://assets.myntassets.com/v1/images/style/properties/Mother-Earth-Women-Red-Kurta_573ea7192ffd5b39893b3eda44983b1f_images.jpg,Women,Apparel,Topwear,Kurtas,Pink,Fall,2012.0,Ethnic,Mother Earth Women Pink Kurta,Women Apparel Topwear Kurtas Pink Fall 2012.0 Ethnic Mother Earth Women Pink Kurta
41406,41406.jpg,http://assets.myntassets.com/v1/images/style/properties/8801f4359aee713a7036663fd1684d60_images.jpg,Women,Apparel,Topwear,Tshirts,Pink,Summer,2012.0,Casual,Wrangler Women Pink T-shirt,Women Apparel Topwear Tshirts Pink Summer 2012.0 Casual Wrangler Women Pink T-shirt
11376,11376.jpg,http://assets.myntassets.com/v1/images/style/properties/9aeb7516044919916346d95f0a5d2c99_images.jpg,Women,Apparel,Topwear,Tops,Grey,Fall,2011.0,Casual,United Colors Of Benetton Women Light Winter Grey Tops,Women Apparel Topwear Tops Grey Fall 2011.0 Casual United Colors Of Benetton Women Light Winter Grey Tops
25143,25143.jpg,http://assets.myntassets.com/v1/images/style/properties/Lino-Perros-Women-Silver-Clutchd9e16c28cd153b082ef61c4f6765a109_images.jpg,Women,Accessories,Bags,Clutches,Silver,Winter,2015.0,Casual,Lino Perros Women Silver Clutch,Women Accessories Bags Clutches Silver Winter 2015.0 Casual Lino Perros Women Silver Clutch
44174,44174.jpg,http://assets.myntassets.com/v1/images/style/properties/2dd0e7200dcf5daacf75e84254cf44da_images.jpg,Women,Personal Care,Fragrance,Fragrance Gift Set,White,Spring,2017.0,Casual,Nike Fragrances Women Sensual Touch Perfume and Deo Set,Women Personal Care Fragrance Fragrance Gift Set White Spring 2017.0 Casual Nike Fragrances Women Sensual Touch Perfume and Deo Set
5253,5253.jpg,http://assets.myntassets.com/v1/images/style/properties/Wildcraft-Unisex-Black---Grey-Printed-Duffle-Bag-Cum-Backpack_690474057244f1cc1f6c1f546fe244e9_images.jpg,Unisex,Accessories,Bags,Duffel Bag,Grey,Winter,2015.0,Casual,Wildcraft Unisex Black & Grey Duffel Bag,Unisex Accessories Bags Duffel Bag Grey Winter 2015.0 Casual Wildcraft Unisex Black & Grey Duffel Bag
20431,20431.jpg,http://assets.myntassets.com/v1/images/style/properties/a37f66d6f15149ddeeaf17f4cdfd13d3_images.jpg,Women,Accessories,Wallets,Wallets,Brown,Winter,2015.0,Casual,Baggit Women Tijori Viva Brown Wallet,Women Accessories Wallets Wallets Brown Winter 2015.0 Casual Baggit Women Tijori Viva Brown Wallet
14604,14604.jpg,http://assets.myntassets.com/v1/images/style/properties/ddb28ca95c2f393d91fbc1480d4052b8_images.jpg,Men,Accessories,Socks,Socks,Green,Summer,2011.0,Casual,United Colors of Benetton Men Stripes Green Socks,Men Accessories Socks Socks Green Summer 2011.0 Casual United Colors of Benetton Men Stripes Green Socks
4381,4381.jpg,http://assets.myntassets.com/v1/images/style/properties/9af8eb6d150cbf09178137613fb1e594_images.jpg,Men,Apparel,Topwear,Tshirts,Blue,Summer,2011.0,Casual,Superman Men's Silhouette Light Blue T-shirt,Men Apparel Topwear Tshirts Blue Summer 2011.0 Casual Superman Men's Silhouette Light Blue T-shirt
46623,46623.jpg,http://assets.myntassets.com/v1/images/style/properties/8705fb78a89aedee509372dabeb00045_images.jpg,Unisex,Accessories,Bags,Backpacks,Black,Summer,2012.0,Casual,Nike Unisex Ultimatum Max Backpack,Unisex Accessories Bags Backpacks Black Summer 2012.0 Casual Nike Unisex Ultimatum Max Backpack
19927,19927.jpg,http://assets.myntassets.com/v1/images/style/properties/3fa8e7f3bd3eeb217a8cb060d1db2567_images.jpg,Men,Footwear,Sandal,Sandals,Grey,Fall,2011.0,Casual,ADIDAS Men Receptor Grey Sandals,Men Footwear Sandal Sandals Grey Fall 2011.0 Casual ADIDAS Men Receptor Grey Sandals
7504,7504.jpg,http://assets.myntassets.com/v1/images/style/properties/45238d144ec35bc28a35230fb0f7934b_images.jpg,Women,Apparel,Topwear,Tshirts,Pink,Summer,2011.0,Sports,Nike Women's Smash Pink T-shirt,Women Apparel Topwear Tshirts Pink Summer 2011.0 Sports Nike Women's Smash Pink T-shirt
22366,22366.jpg,http://assets.myntassets.com/v1/images/style/properties/b470ee8121b08981d0e1385aaf7b4f46_images.jpg,Men,Apparel,Topwear,Tshirts,White,Fall,2011.0,Casual,Ed Hardy Men New Tiger White T-Shirt,Men Apparel Topwear Tshirts White Fall 2011.0 Casual Ed Hardy Men New Tiger White T-Shirt
3998,3998.jpg,http://assets.myntassets.com/v1/images/style/properties/91352b9549b9c0d570180dd1be12738d_images.jpg,Men,Footwear,Flip Flops,Flip Flops,Black,Summer,2011.0,Casual,Spalding Men's Black and White Graphic Flip Flop,Men Footwear Flip Flops Flip Flops Black Summer 2011.0 Casual Spalding Men's Black and White Graphic Flip Flop
51694,51694.jpg,http://assets.myntassets.com/v1/images/style/properties/Van-Heusen-Unisex-Brown-Sunglasses_c9daa6b4b86307e4a8ce1f4576923e67_images.jpg,Unisex,Accessories,Eyewear,Sunglasses,Brown,Winter,2016.0,Casual,Van Heusen Unisex Sunglasses VH216-C2,Unisex Accessories Eyewear Sunglasses Brown Winter 2016.0 Casual Van Heusen Unisex Sunglasses VH216-C2
16153,16153.jpg,http://assets.myntassets.com/v1/images/style/properties/c80c08ee91ff76e9ef5f3ec53fc6b6a7_images.jpg,Men,Footwear,Shoes,Formal Shoes,Black,Fall,2011.0,Formal,Enroute Men Leather Black Formal Shoes,Men Footwear Shoes Formal Shoes Black Fall 2011.0 Formal Enroute Men Leather Black Formal Shoes
17081,17081.jpg,http://assets.myntassets.com/v1/images/style/properties/8adcbdc72af005d52b053e6dd93ecc2c_images.jpg,Women,Accessories,Wallets,Wallets,Blue,Winter,2015.0,Casual,Lino Perros Women Denim Blue Wallet,Women Accessories Wallets Wallets Blue Winter 2015.0 Casual Lino Perros Women Denim Blue Wallet
50746,50746.jpg,http://assets.myntassets.com/v1/images/style/properties/70545e7653ee98ed7a82d2b13fc2d93b_images.jpg,Men,Footwear,Shoes,Formal Shoes,Black,Winter,2018.0,Formal,Red Chief Men Black Formal Shoes,Men Footwear Shoes Formal Shoes Black Winter 2018.0 Formal Red Chief Men Black Formal Shoes
34203,34203.jpg,http://assets.myntassets.com/v1/images/style/properties/Proline-Men-Grey-Track-Pants_0bfd1e2ecdfb383b0b95593b68ef704d_images.jpg,Men,Apparel,Bottomwear,Track Pants,Charcoal,Winter,2013.0,Casual,Proline Men Charcoal Grey Track Pants,Men Apparel Bottomwear Track Pants Charcoal Winter 2013.0 Casual Proline Men Charcoal Grey Track Pants
55234,55234.jpg,http://assets.myntassets.com/assets/images/55234/2018/5/3/11525323471619-Lakme-9to5-Flawless-Makeup-Marble-Foundation-7751525323471576-1.jpg,Women,Personal Care,Makeup,Foundation and Primer,Skin,Summer,2019.0,Casual,Lakme 9to5 Flawless Makeup Marble Foundation,Women Personal Care Makeup Foundation and Primer Skin Summer 2019.0 Casual Lakme 9to5 Flawless Makeup Marble Foundation
13421,13421.jpg,http://assets.myntassets.com/v1/images/style/properties/783442c36bbe6603d9bd4b370af1bf9f_images.jpg,Men,Apparel,Topwear,Tshirts,Black,Summer,2011.0,Casual,United Colors of Benetton Men Stripes Black Polo T-shirts,Men Apparel Topwear Tshirts Black Summer 2011.0 Casual United Colors of Benetton Men Stripes Black Polo T-shirts
27614,27614.jpg,http://assets.myntassets.com/v1/images/style/properties/40b830e01b25eee921ea6c1ba16f1629_images.jpg,Men,Apparel,Bottomwear,Trousers,Beige,Summer,2012.0,Casual,Scullers Men Beige Trousers,Men Apparel Bottomwear Trousers Beige Summer 2012.0 Casual Scullers Men Beige Trousers
22154,22154.jpg,http://assets.myntassets.com/v1/images/style/properties/8ad35a71d39ef0432055771175ca3adc_images.jpg,Men,Footwear,Shoes,Formal Shoes,Black,Fall,2011.0,Formal,Lee Cooper Men Black Formal Shoes,Men Footwear Shoes Formal Shoes Black Fall 2011.0 Formal Lee Cooper Men Black Formal Shoes
16361,16361.jpg,http://assets.myntassets.com/v1/images/style/properties/9eb242530f597631a641415ccee785eb_images.jpg,Men,Apparel,Topwear,Shirts,Maroon,Fall,2011.0,Formal,Peter England Men Stripes Maroon Shirt,Men Apparel Topwear Shirts Maroon Fall 2011.0 Formal Peter England Men Stripes Maroon Shirt
46411,46411.jpg,http://assets.myntassets.com/v1/images/style/properties/261167465883f9d74752dfbcb912fa60_images.jpg,Men,Apparel,Topwear,Sweatshirts,Black,Summer,2012.0,Casual,ADIDAS Men Black Sweatshirt,Men Apparel Topwear Sweatshirts Black Summer 2012.0 Casual ADIDAS Men Black Sweatshirt
7736,7736.jpg,http://assets.myntassets.com/v1/images/style/properties/Puma-Men-Ferrari-Lifestyle-Red-Cap_48586ae4176104869e154c76a09aace4_images.jpg,Men,Accessories,Headwear,Caps,Red,Fall,2011.0,Casual,Puma Men Ferrari Lifestyle Red Cap,Men Accessories Headwear Caps Red Fall 2011.0 Casual Puma Men Ferrari Lifestyle Red Cap
34031,34031.jpg,http://assets.myntassets.com/v1/images/style/properties/0f5f0082a3413804e4f2adc80d59a3bb_images.jpg,Boys,Apparel,Topwear,Shirts,Blue,Summer,2012.0,Casual,Gini and Jony Boys Check Blue Shirt,Boys Apparel Topwear Shirts Blue Summer 2012.0 Casual Gini and Jony Boys Check Blue Shirt
50574,50574.jpg,http://assets.myntassets.com/v1/images/style/properties/Chromozome-Men-Charcoal-Pack-of-Two-Trunks_eee242524c525aeba025d69edbfac784_images.jpg,Men,Apparel,Innerwear,Trunk,Charcoal,Summer,2016.0,Casual,Chromozome Men Pack of Two Trunks,Men Apparel Innerwear Trunk Charcoal Summer 2016.0 Casual Chromozome Men Pack of Two Trunks
22968,22968.jpg,http://assets.myntassets.com/v1/images/style/properties/768a928ae2726a525ee2a7142b977491_images.jpg,Unisex,Accessories,Bags,Backpacks,Black,Summer,2011.0,Casual,U.S. Polo Assn. Unisex Casual Olive Backpack,Unisex Accessories Bags Backpacks Black Summer 2011.0 Casual U.S. Polo Assn. Unisex Casual Olive Backpack
3396,3396.jpg,http://assets.myntassets.com/v1/images/style/properties/f71789410ce672f1c9c1be939ecd9f7e_images.jpg,Women,Accessories,Bags,Handbags,Blue,Winter,2015.0,Casual,Murcia Women Turquoise Blue Handbag,Women Accessories Bags Handbags Blue Winter 2015.0 Casual Murcia Women Turquoise Blue Handbag
31543,31543.jpg,http://assets.myntassets.com/v1/images/style/properties/4a043d1c950303676ebb777a1f31efde_images.jpg,Men,Apparel,Topwear,Tshirts,Navy Blue,Summer,2012.0,Casual,Classic Polo Men Striped Navy Blue T-shirt,Men Apparel Topwear Tshirts Navy Blue Summer 2012.0 Casual Classic Polo Men Striped Navy Blue T-shirt
55006,55006.jpg,http://assets.myntassets.com/v1/images/style/properties/Lakme-Sheer-Satin-Lip-Gloss-51_a10d5925678851da0b94a7e230f4e6e9_images.jpg,Women,Personal Care,Lips,Lip Gloss,Copper,Spring,2017.0,,Lakme Sheer Satin Lip Gloss 51,Women Personal Care Lips Lip Gloss Copper Spring 2017.0  Lakme Sheer Satin Lip Gloss 51
19329,19329.jpg,http://assets.myntassets.com/v1/images/style/properties/bcb01252e8d12d743d85d0001586fee0_images.jpg,Men,Footwear,Shoes,Casual Shoes,Brown,Fall,2011.0,Casual,Puma Men Standpunkt Brown Casual Shoes,Men Footwear Shoes Casual Shoes Brown Fall 2011.0 Casual Puma Men Standpunkt Brown Casual Shoes
13613,13613.jpg,http://assets.myntassets.com/v1/images/style/properties/edc8bd246a01901b33b58dad2aba1386_images.jpg,Men,Apparel,Innerwear,Innerwear Vests,Red,Summer,2016.0,Casual,Hanes Men Sleeveless V Neck Red Innerwear T-shirt,Men Apparel Innerwear Innerwear Vests Red Summer 2016.0 Casual Hanes Men Sleeveless V Neck Red Innerwear T-shirt
27426,27426.jpg,http://assets.myntassets.com/assets/images/27426/2016/2/8/11454933652080-Jockey-Women-Grey-Melange-Shorts-1291454933651500-1.jpg,Women,Apparel,Bottomwear,Shorts,Grey Melange,Winter,2015.0,Casual,Jockey Women Grey Melange Shorts,Women Apparel Bottomwear Shorts Grey Melange Winter 2015.0 Casual Jockey Women Grey Melange Shorts
2244,2244.jpg,http://assets.myntassets.com/v1/images/style/properties/683aba986f6883e3a5c64fb97c994342_images.jpg,Women,Apparel,Topwear,Tshirts,Black,Fall,2010.0,Casual,ADIDAS Women's Black T-shirt,Women Apparel Topwear Tshirts Black Fall 2010.0 Casual ADIDAS Women's Black T-shirt
43163,43163.jpg,http://assets.myntassets.com/v1/images/style/properties/0eb97e007901b52825760ea05ab73f09_images.jpg,Men,Accessories,Watches,Watches,White,Winter,2016.0,Casual,Fastrack Men White Dial Watch,Men Accessories Watches Watches White Winter 2016.0 Casual Fastrack Men White Dial Watch
33214,33214.jpg,http://assets.myntassets.com/v1/images/style/properties/03ebf01907cd1829a47dd66600543a56_images.jpg,Women,Apparel,Topwear,Tunics,Black,Summer,2012.0,Casual,Sepia Women Printed Black & Green Tunic,Women Apparel Topwear Tunics Black Summer 2012.0 Casual Sepia Women Printed Black & Green Tunic
10096,10096.jpg,http://assets.myntassets.com/v1/images/style/properties/ab539228aaa6b834a99eef6cf339c057_images.jpg,Women,Footwear,Shoes,Sports Shoes,Blue,Fall,2011.0,Sports,Reebok Women Reeflex Run Blue Sports Shoes,Women Footwear Shoes Sports Shoes Blue Fall 2011.0 Sports Reebok Women Reeflex Run Blue Sports Shoes
11144,11144.jpg,http://assets.myntassets.com/v1/images/style/properties/94ff278a731ad83bf42f0b44ebd6e38b_images.jpg,Men,Apparel,Topwear,Shirts,Black,Fall,2011.0,Casual,Scullers Men Price Catch Black Shirts,Men Apparel Topwear Shirts Black Fall 2011.0 Casual Scullers Men Price Catch Black Shirts
25371,25371.jpg,http://assets.myntassets.com/v1/images/style/properties/b6ba990c288d73cee599dedcd27e1098_images.jpg,Men,Apparel,Innerwear,Innerwear Vests,Maroon,Summer,2016.0,Casual,Levis Men Maroon Innerwear Vest,Men Apparel Innerwear Innerwear Vests Maroon Summer 2016.0 Casual Levis Men Maroon Innerwear Vest
20603,20603.jpg,http://assets.myntassets.com/v1/images/style/properties/9598b35f6e2de51542d2c2ef9110f86b_images.jpg,Women,Accessories,Bags,Handbags,Black,Winter,2015.0,Casual,Baggit Women Selection Mayur Black Sling Bag,Women Accessories Bags Handbags Black Winter 2015.0 Casual Baggit Women Selection Mayur Black Sling Bag
58719,58719.jpg,http://assets.myntassets.com/v1/images/style/properties/ALayna-Women-Off-White-Kurta_7bcf85e4b08cb7c1dd41f805d4dfae1d_images.jpg,Women,Apparel,Topwear,Kurtas,Off White,Summer,2012.0,Ethnic,ALayna Women Off White  Kurta,Women Apparel Topwear Kurtas Off White Summer 2012.0 Ethnic ALayna Women Off White  Kurta
11978,11978.jpg,http://assets.myntassets.com/v1/images/style/properties/5c439c0c29672ff85b3aaafb66a43ae8_images.jpg,Men,Footwear,Sandal,Sandals,Navy Blue,Summer,2012.0,Casual,FILA Men Aruba Navy Blue Sandal,Men Footwear Sandal Sandals Navy Blue Summer 2012.0 Casual FILA Men Aruba Navy Blue Sandal
36766,36766.jpg,http://assets.myntassets.com/v1/images/style/properties/244ce269d1bb4273bdf95a427083ef2a_images.jpg,Men,Accessories,Watches,Watches,Black,Winter,2016.0,Casual,Maxima Men Black Watch,Men Accessories Watches Watches Black Winter 2016.0 Casual Maxima Men Black Watch
45294,45294.jpg,http://assets.myntassets.com/assets/images/45294/2016/2/11/11455184679645-Casio-Women-Black-Dial-Watch-6591455184679230-1.jpg,Women,Accessories,Watches,Watches,Black,Winter,2016.0,Casual,CASIO SHEEN Women Black Dial Watch SX041,Women Accessories Watches Watches Black Winter 2016.0 Casual CASIO SHEEN Women Black Dial Watch SX041
52223,52223.jpg,http://assets.myntassets.com/v1/images/style/properties/Lencia-White-Swarovski-Pearl-Necklace_e5da32190af372b0a3a58a27f6616450_images.jpg,Women,Accessories,Jewellery,Necklace and Chains,White,Fall,2012.0,Casual,Lencia White Swarovski Pearl Necklace,Women Accessories Jewellery Necklace and Chains White Fall 2012.0 Casual Lencia White Swarovski Pearl Necklace
34455,34455.jpg,http://assets.myntassets.com/v1/images/style/properties/45f254c1992b0d9a55adf6c7c7f20ed8_images.jpg,Women,Footwear,Shoes,Heels,Black,Spring,2013.0,Formal,Rocia Women Black Shoes,Women Footwear Shoes Heels Black Spring 2013.0 Formal Rocia Women Black Shoes
6280,6280.jpg,http://assets.myntassets.com/v1/images/style/properties/841e642f22d1031b940126b54f3fe2bc_images.jpg,Men,Apparel,Topwear,Tshirts,Pink,Summer,2011.0,Casual,UCB Men's Making Light Pink T-shirt,Men Apparel Topwear Tshirts Pink Summer 2011.0 Casual UCB Men's Making Light Pink T-shirt
46075,46075.jpg,http://assets.myntassets.com/v1/images/style/properties/4384892e6c432bcd6aad44d1e3792437_images.jpg,Men,Accessories,Belts,Belts,Black,Summer,2012.0,Casual,Lino Perros Men Black Leather Belt,Men Accessories Belts Belts Black Summer 2012.0 Casual Lino Perros Men Black Leather Belt
35587,35587.jpg,http://assets.myntassets.com/v1/images/style/properties/Gliders-Men-Brown-Leather-Sandals_95633c99c7d10aa8995f5c3d6920374d_images.jpg,Men,Footwear,Sandal,Sandals,Brown,Summer,2013.0,Casual,Gliders Men Brown Leather Sandals,Men Footwear Sandal Sandals Brown Summer 2013.0 Casual Gliders Men Brown Leather Sandals
7352,7352.jpg,http://assets.myntassets.com/v1/images/style/properties/d4622bdcbde3a2544ce0ba6c4ae4541b_images.jpg,Men,Apparel,Topwear,Tshirts,Purple,Fall,2011.0,Casual,Tantra Men's Whatever Purple T-shirt,Men Apparel Topwear Tshirts Purple Fall 2011.0 Casual Tantra Men's Whatever Purple T-shirt
27042,27042.jpg,http://assets.myntassets.com/v1/images/style/properties/Yelloe-Black-Animal-Print-Clutche15b6d1186ace2eb2a844cf143e0e597_images.jpg,Women,Accessories,Bags,Clutches,Black,Summer,2012.0,Casual,Yelloe Black Animal Print Clutch,Women Accessories Bags Clutches Black Summer 2012.0 Casual Yelloe Black Animal Print Clutch
2620,2620.jpg,http://assets.myntassets.com/v1/images/style/properties/bb406db0fb2f98a1a49538fc1b14c444_images.jpg,Men,Apparel,Topwear,Tshirts,Blue,Fall,2010.0,Sports,Nike Men's Colors Team India T-shirt,Men Apparel Topwear Tshirts Blue Fall 2010.0 Sports Nike Men's Colors Team India T-shirt
43507,43507.jpg,http://assets.myntassets.com/v1/images/style/properties/e12348ff6e8ce788a82060aa7bbd55f6_images.jpg,Men,Apparel,Topwear,Tshirts,Maroon,Summer,2012.0,Casual,French Connection Men Maroon T-shirt,Men Apparel Topwear Tshirts Maroon Summer 2012.0 Casual French Connection Men Maroon T-shirt
28836,28836.jpg,http://assets.myntassets.com/v1/images/style/properties/cf493bdbb43980ef920fbc7b0186defb_images.jpg,Women,Apparel,Topwear,Kurtas,Multi,Summer,2012.0,Ethnic,BIBA Women Printed Multi Coloured Kurta,Women Apparel Topwear Kurtas Multi Summer 2012.0 Ethnic BIBA Women Printed Multi Coloured Kurta
31127,31127.jpg,http://assets.myntassets.com/v1/images/style/properties/1f7c87ee0ac12c35df8c1dd28e2cd692_images.jpg,Girls,Apparel,Dress,Dresses,Black,Summer,2012.0,Casual,Gini and Jony Girls Black Dress,Girls Apparel Dress Dresses Black Summer 2012.0 Casual Gini and Jony Girls Black Dress
26190,26190.jpg,http://assets.myntassets.com/v1/images/style/properties/7a987d9396adbb584aa6ceb2cca10fa0_images.jpg,Men,Personal Care,Fragrance,Perfume and Body Mist,Blue,Spring,2017.0,Casual,4711 Kolnisch Wasser Men Perfume,Men Personal Care Fragrance Perfume and Body Mist Blue Spring 2017.0 Casual 4711 Kolnisch Wasser Men Perfume
55462,55462.jpg,http://assets.myntassets.com/v1/images/style/properties/Revlon-Super-Lustrous-Plum-Baby-Lipstick-313_fa487d6576dd8b154e41518ee55a70e5_images.jpg,Women,Personal Care,Lips,Lipstick,Purple,Spring,2017.0,Casual,Revlon Super Lustrous Plum Baby Lipstick 313,Women Personal Care Lips Lipstick Purple Spring 2017.0 Casual Revlon Super Lustrous Plum Baby Lipstick 313
11520,11520.jpg,http://assets.myntassets.com/v1/images/style/properties/5c145f1074d79ebf9aff413ccfe6e910_images.jpg,Women,Apparel,Bottomwear,Jeans,Black,Fall,2011.0,Casual,United Colors of Benetton Women Denim Black Jeans,Women Apparel Bottomwear Jeans Black Fall 2011.0 Casual United Colors of Benetton Women Denim Black Jeans
25715,25715.jpg,http://assets.myntassets.com/v1/images/style/properties/Adidas-Unisex-Green-Cape37522dbe6fd8d3810a3b39ef9aa6f2e_images.jpg,Unisex,Accessories,Headwear,Caps,Blue,Summer,2012.0,Sports,ADIDAS Unisex Blue Cap,Unisex Accessories Headwear Caps Blue Summer 2012.0 Sports ADIDAS Unisex Blue Cap
41250,41250.jpg,http://assets.myntassets.com/v1/images/style/properties/Arrow-Men-Black---Brown-Reversible-Belt_869df184bfc3eb57e41573e7b3b7c076_images.jpg,Men,Accessories,Belts,Belts,Brown,Summer,2012.0,Formal,Arrow Men Black & Brown Reversible Belt,Men Accessories Belts Belts Brown Summer 2012.0 Formal Arrow Men Black & Brown Reversible Belt
40382,40382.jpg,http://assets.myntassets.com/v1/images/style/properties/ff487d5e2a7f343d35859997db375cab_images.jpg,Women,Apparel,Topwear,Tops,Pink,Summer,2012.0,Casual,Tokyo Talkies Women Pink Top,Women Apparel Topwear Tops Pink Summer 2012.0 Casual Tokyo Talkies Women Pink Top
38298,38298.jpg,http://assets.myntassets.com/v1/images/style/properties/Reid---Taylor-Men-Wallets_96ad37ba32edf59cba28a45efa7d9571_images.jpg,Men,Accessories,Wallets,Wallets,Brown,Summer,2012.0,Casual,Reid & Taylor Men Brown Wallet,Men Accessories Wallets Wallets Brown Summer 2012.0 Casual Reid & Taylor Men Brown Wallet
57335,57335.jpg,http://assets.myntassets.com/v1/images/style/properties/Amante-Women-AmanteWhiteBra-White-Bra_377ee108d4470e931fb1c5bab38ed295_images.jpg,Women,Apparel,Innerwear,Bra,White,Winter,2015.0,Casual,Amante White Bra BCSO01,Women Apparel Innerwear Bra White Winter 2015.0 Casual Amante White Bra BCSO01
52647,52647.jpg,http://assets.myntassets.com/v1/images/style/properties/Modacc-Women-Black-Handbag_bc90660f883df700267dfac2d919b455_images.jpg,Women,Accessories,Bags,Handbags,Black,Summer,2012.0,Casual,Mod'acc Women Black Handbag,Women Accessories Bags Handbags Black Summer 2012.0 Casual Mod'acc Women Black Handbag
20267,20267.jpg,http://assets.myntassets.com/v1/images/style/properties/dedbae54d5a67c52c6b08cb832f50622_images.jpg,Women,Footwear,Shoes,Heels,Black,Winter,2015.0,Casual,Catwalk Women Casual Black Heels,Women Footwear Shoes Heels Black Winter 2015.0 Casual Catwalk Women Casual Black Heels
14052,14052.jpg,http://assets.myntassets.com/v1/images/style/properties/1c40d2b94c58f8037380b197a26f567d_images.jpg,Men,Apparel,Topwear,Shirts,White,Fall,2011.0,Casual,Flying Machine Men Solid White Shirts,Men Apparel Topwear Shirts White Fall 2011.0 Casual Flying Machine Men Solid White Shirts
53795,53795.jpg,http://assets.myntassets.com/v1/images/style/properties/Puma-Men-Black-T-shirt_d019196a9f38dbfea90a6f38649bfef6_images.jpg,Men,Apparel,Topwear,Tshirts,Black,Summer,2012.0,Casual,Puma Men Black T-shirt,Men Apparel Topwear Tshirts Black Summer 2012.0 Casual Puma Men Black T-shirt
44722,44722.jpg,http://assets.myntassets.com/v1/images/style/properties/Lotto-Women-Blue---Red-Disco-Holic-Flip-Flops_0eabb4ca00b0b575b10fa37c8c8bd4a0_images.jpg,Women,Footwear,Flip Flops,Flip Flops,Orange,Summer,2012.0,Casual,Lotto Women Red & Orange Disco Holic Flip Flops,Women Footwear Flip Flops Flip Flops Orange Summer 2012.0 Casual Lotto Women Red & Orange Disco Holic Flip Flops
5405,5405.jpg,http://assets.myntassets.com/v1/images/style/properties/07932c2277eda49d29639f0fe3c4e4c6_images.jpg,Men,Footwear,Shoes,Sports Shoes,White,Fall,2011.0,Sports,Kalenji Ekiden Comfort Prime 2011,Men Footwear Shoes Sports Shoes White Fall 2011.0 Sports Kalenji Ekiden Comfort Prime 2011
39178,39178.jpg,http://assets.myntassets.com/v1/images/style/properties/63db656dc4734d22a042a82d4d2220b4_images.jpg,Women,Apparel,Topwear,Kurtas,Blue,Summer,2012.0,Ethnic,Aneri Women Blue & Brown Printed Kurta,Women Apparel Topwear Kurtas Blue Summer 2012.0 Ethnic Aneri Women Blue & Brown Printed Kurta
32590,32590.jpg,http://assets.myntassets.com/v1/images/style/properties/36fea288ee96091dc00afe5c45ba4805_images.jpg,Women,Apparel,Bottomwear,Shorts,Brown,Summer,2012.0,Casual,ONLY Women Brown Shorts,Women Apparel Bottomwear Shorts Brown Summer 2012.0 Casual ONLY Women Brown Shorts
11712,11712.jpg,http://assets.myntassets.com/v1/images/style/properties/167dfcd0f558d3963d42cb9d98961f95_images.jpg,Men,Apparel,Topwear,Shirts,Blue,Summer,2011.0,Casual,Lee Men Solid Blue Shirts,Men Apparel Topwear Shirts Blue Summer 2011.0 Casual Lee Men Solid Blue Shirts
25527,25527.jpg,http://assets.myntassets.com/v1/images/style/properties/265eaf9a05b99fdb4dbe35b18b471e8d_images.jpg,Women,Apparel,Topwear,Shirts,Green,Summer,2012.0,Casual,Wrangler Women Stella Green Shirt,Women Apparel Topwear Shirts Green Summer 2012.0 Casual Wrangler Women Stella Green Shirt
57107,57107.jpg,http://assets.myntassets.com/v1/images/style/properties/Elle-Women-Green-Essentials-Top_4005e959727a4e1d62466cbac510a810_images.jpg,Women,Apparel,Topwear,Tops,Olive,Summer,2012.0,Casual,Elle Women Green Essentials Top,Women Apparel Topwear Tops Olive Summer 2012.0 Casual Elle Women Green Essentials Top
20869,20869.jpg,http://assets.myntassets.com/v1/images/style/properties/29fd56a0b77043ee672235e0cfd353cc_images.jpg,Men,Footwear,Sandal,Sandals,Brown,Fall,2011.0,Casual,Fila Men Camper Brown Sandals,Men Footwear Sandal Sandals Brown Fall 2011.0 Casual Fila Men Camper Brown Sandals
33442,33442.jpg,http://assets.myntassets.com/v1/images/style/properties/80ffbb3edcd94ef2b348c5e53dc29621_images.jpg,Women,Accessories,Bags,Handbags,Teal,Winter,2016.0,Casual,Baggit Women Rade Doko Teal Handbag,Women Accessories Bags Handbags Teal Winter 2016.0 Casual Baggit Women Rade Doko Teal Handbag
58973,58973.jpg,http://assets.myntassets.com/v1/images/style/properties/Colour-Me-Women-Pink-Perfume_0fce837cf337e245edf7830f2884376d_images.jpg,Women,Personal Care,Fragrance,Perfume and Body Mist,Pink,Spring,2017.0,Casual,Colour Me Women Pink Perfume,Women Personal Care Fragrance Perfume and Body Mist Pink Spring 2017.0 Casual Colour Me Women Pink Perfume
52475,52475.jpg,http://assets.myntassets.com/assets/images/52475/2016/1/4/11451906716090-Red-Rose-Women-White--Red-Polka-Dot-Print-Bath-Robe-8241451906713582-1.jpg,Women,Apparel,Loungewear and Nightwear,Bath Robe,White,Winter,2015.0,,Red Rose White & Red Dot Print Bath Robe,Women Apparel Loungewear and Nightwear Bath Robe White Winter 2015.0  Red Rose White & Red Dot Print Bath Robe
39944,39944.jpg,http://assets.myntassets.com/v1/images/style/properties/a63da69bf6b0a00d95dde7d444f57bc5_images.jpg,Men,Footwear,Shoes,Casual Shoes,Grey,Summer,2013.0,Casual,GAS Men Grey Namib Shoes,Men Footwear Shoes Casual Shoes Grey Summer 2013.0 Casual GAS Men Grey Namib Shoes
21187,21187.jpg,http://assets.myntassets.com/v1/images/style/properties/fc3c2314edb31f522eab09b78ebede00_images.jpg,Men,Footwear,Flip Flops,Flip Flops,Yellow,Summer,2011.0,Casual,ADIDAS Men Plugged In Yellow Flip Flops,Men Footwear Flip Flops Flip Flops Yellow Summer 2011.0 Casual ADIDAS Men Plugged In Yellow Flip Flops
36130,36130.jpg,http://assets.myntassets.com/v1/images/style/properties/ca603a625578f83eebaa222051bb442b_images.jpg,Men,Footwear,Shoes,Casual Shoes,Grey,Summer,2012.0,Casual,Nike Men Dunk High Grey Shoes,Men Footwear Shoes Casual Shoes Grey Summer 2012.0 Casual Nike Men Dunk High Grey Shoes
44510,44510.jpg,http://assets.myntassets.com/v1/images/style/properties/60e3adcc93dac38c1a11aeff00b90822_images.jpg,Unisex,Footwear,Shoes,Casual Shoes,Black,Summer,2012.0,Casual,Converse Unisex Black Shoes,Unisex Footwear Shoes Casual Shoes Black Summer 2012.0 Casual Converse Unisex Black Shoes
20055,20055.jpg,http://assets.myntassets.com/v1/images/style/properties/fa0228df29b9f0e6f46a58f62fed8038_images.jpg,Women,Accessories,Mufflers,Mufflers,Grey,Fall,2011.0,Casual,United Colors Of Benetton Women Grey Muffler,Women Accessories Mufflers Mufflers Grey Fall 2011.0 Casual United Colors Of Benetton Women Grey Muffler
50322,50322.jpg,http://assets.myntassets.com/v1/images/style/properties/Aurelia-Women-Black-Kurta_c4c320f95ca75370cd5968f71c1e94f0_images.jpg,Women,Apparel,Topwear,Kurtas,Black,Summer,2012.0,Ethnic,Aurelia Women Black Kurta,Women Apparel Topwear Kurtas Black Summer 2012.0 Ethnic Aurelia Women Black Kurta
28238,28238.jpg,http://assets.myntassets.com/v1/images/style/properties/9d22cd623d2c887d649df21a6a1758ce_images.jpg,Men,Personal Care,Fragrance,Deodorant,Black,Spring,2017.0,Casual,Park Avenue Men Cruise Deo,Men Personal Care Fragrance Deodorant Black Spring 2017.0 Casual Park Avenue Men Cruise Deo
13879,13879.jpg,http://assets.myntassets.com/v1/images/style/properties/01e181b9f43cdda40a21b6f05e97666c_images.jpg,Men,Apparel,Topwear,Shirts,Red,Fall,2011.0,Casual,Scullers Men Check Red Shirts,Men Apparel Topwear Shirts Red Fall 2011.0 Casual Scullers Men Check Red Shirts
47395,47395.jpg,http://assets.myntassets.com/v1/images/style/properties/83e6f0f11f87f208f15e833fede48f5c_images.jpg,Women,Accessories,Bags,Handbags,Green,Summer,2012.0,Casual,Baggit Women Green Handbag,Women Accessories Bags Handbags Green Summer 2012.0 Casual Baggit Women Green Handbag
46247,46247.jpg,http://assets.myntassets.com/v1/images/style/properties/552349c3a71d91b9f26a26d66dafc5fa_images.jpg,Women,Apparel,Topwear,Tunics,Pink,Summer,2012.0,Casual,Fusion Beats Women Dark Pink Tunic,Women Apparel Topwear Tunics Pink Summer 2012.0 Casual Fusion Beats Women Dark Pink Tunic
7160,7160.jpg,http://assets.myntassets.com/v1/images/style/properties/c50036bd2469e6bceef6f8ac1c34fe8e_images.jpg,Women,Apparel,Topwear,Tunics,Purple,Fall,2011.0,Casual,Scullers For Her Women Fashion Summer Lite Aubergine Tunics,Women Apparel Topwear Tunics Purple Fall 2011.0 Casual Scullers For Her Women Fashion Summer Lite Aubergine Tunics
22702,22702.jpg,http://assets.myntassets.com/v1/images/style/properties/072446b47aeccf5ef6837c6ec38dee0c_images.jpg,Women,Footwear,Shoes,Casual Shoes,Beige,Fall,2011.0,Casual,Nike Women Beige Dunk High Casual Shoes,Women Footwear Shoes Casual Shoes Beige Fall 2011.0 Casual Nike Women Beige Dunk High Casual Shoes
8914,8914.jpg,http://assets.myntassets.com/v1/images/style/properties/b1d9e4498de202e29570bd08090f26a9_images.jpg,Men,Footwear,Shoes,Sports Shoes,White,Fall,2011.0,Sports,Puma Men Future Cat Remix SF White Sports Shoes,Men Footwear Shoes Sports Shoes White Fall 2011.0 Sports Puma Men Future Cat Remix SF White Sports Shoes
16537,16537.jpg,http://assets.myntassets.com/v1/images/style/properties/8680d7b6d8acbf1405c70fb76d61c50d_images.jpg,Men,Accessories,Headwear,Caps,Blue,Fall,2011.0,Casual,Probase Men Check Blue Cap,Men Accessories Headwear Caps Blue Fall 2011.0 Casual Probase Men Check Blue Cap
43735,43735.jpg,http://assets.myntassets.com/v1/images/style/properties/844538a2e29332348d82db7ac9e654f3_images.jpg,Women,Accessories,Jewellery,Bangle,Gold,Summer,2012.0,Ethnic,Royal Diadem Set of 2 Golden Bangles,Women Accessories Jewellery Bangle Gold Summer 2012.0 Ethnic Royal Diadem Set of 2 Golden Bangles
13045,13045.jpg,http://assets.myntassets.com/v1/images/style/properties/32d7552ec969da21fa44144d0feacd1b_images.jpg,Women,Footwear,Shoes,Flats,Maroon,Winter,2012.0,Casual,Inc 5 Women Casual Maroon Sandals,Women Footwear Shoes Flats Maroon Winter 2012.0 Casual Inc 5 Women Casual Maroon Sandals
27270,27270.jpg,http://assets.myntassets.com/v1/images/style/properties/ffd7ff3429c7b21608356a3151f9d3d4_images.jpg,Women,Apparel,Topwear,Kurtas,Maroon,Fall,2011.0,Ethnic,Mother Earth Women Printed Maroon Kurta,Women Apparel Topwear Kurtas Maroon Fall 2011.0 Ethnic Mother Earth Women Printed Maroon Kurta
12197,12197.jpg,http://assets.myntassets.com/v1/images/style/properties/18df81e244e799aeac9f715dd9465b2d_images.jpg,Men,Apparel,Topwear,Tshirts,Orange,Summer,2013.0,Casual,Basics Men Orange Polo T-shirt,Men Apparel Topwear Tshirts Orange Summer 2013.0 Casual Basics Men Orange Polo T-shirt
55650,55650.jpg,http://assets.myntassets.com/v1/images/style/properties/Catwalk-Women-Multi-coloured-Heels_be86b9c7d80ce88c557298beaad57be2_images.jpg,Women,Footwear,Shoes,Heels,Multi,Winter,2015.0,Casual,Catwalk Women Multi-coloured Heels,Women Footwear Shoes Heels Multi Winter 2015.0 Casual Catwalk Women Multi-coloured Heels
31315,31315.jpg,http://assets.myntassets.com/v1/images/style/properties/1b95cb05b0764bd86a680349f5d6fb1f_images.jpg,Women,Apparel,Topwear,Kurtas,Brown,Summer,2012.0,Ethnic,W Women Brown Kurta,Women Apparel Topwear Kurtas Brown Summer 2012.0 Ethnic W Women Brown Kurta
6274,6274.jpg,http://assets.myntassets.com/v1/images/style/properties/UCB-Womens-Crystal-Benetton-Green-T-shirt_b968dc92b9557aa699a993e633f3ec77_images.jpg,Women,Apparel,Topwear,Tshirts,Green,Summer,2011.0,Casual,UCB Women's Crystal Benetton Green T-shirt,Women Apparel Topwear Tshirts Green Summer 2011.0 Casual UCB Women's Crystal Benetton Green T-shirt
47153,47153.jpg,http://assets.myntassets.com/v1/images/style/properties/87321ab7962a30b2e9b01fa16997029c_images.jpg,Girls,Apparel,Bottomwear,Capris,Pink,Summer,2012.0,Casual,Gini and Jony Girls Pink Capris,Girls Apparel Bottomwear Capris Pink Summer 2012.0 Casual Gini and Jony Girls Pink Capris
17623,17623.jpg,http://assets.myntassets.com/v1/images/style/properties/94218ed43f33a3f01c61df343a0260f3_images.jpg,Men,Apparel,Bottomwear,Track Pants,Grey,Fall,2011.0,Sports,ADIDAS Men Solid Grey Track Pant,Men Apparel Bottomwear Track Pants Grey Fall 2011.0 Sports ADIDAS Men Solid Grey Track Pant
48927,48927.jpg,http://assets.myntassets.com/v1/images/style/properties/Lucera-Women-Silver-Ring_f10d9935a0b8f21d6127ff07fb615643_images.jpg,Women,Accessories,Jewellery,Ring,Silver,Summer,2012.0,Casual,Lucera Women Silver Ring,Women Accessories Jewellery Ring Silver Summer 2012.0 Casual Lucera Women Silver Ring
51036,51036.jpg,http://assets.myntassets.com/v1/images/style/properties/071dd59248e30f876b273d0cd2b6ec2b_images.jpg,Women,Apparel,Loungewear and Nightwear,Nightdress,Lime Green,Summer,2017.0,Casual,Enamor Women Lavender Nightdress,Women Apparel Loungewear and Nightwear Nightdress Lime Green Summer 2017.0 Casual Enamor Women Lavender Nightdress
26958,26958.jpg,http://assets.myntassets.com/v1/images/style/properties/Jealous-21-Women-Teal-Shirt_33d3c1ebfd4326101c5d138dbef83c65_images.jpg,Women,Apparel,Topwear,Shirts,Teal,Summer,2012.0,Casual,Jealous 21 Women Teal Shirt,Women Apparel Topwear Shirts Teal Summer 2012.0 Casual Jealous 21 Women Teal Shirt
46081,46081.jpg,http://assets.myntassets.com/v1/images/style/properties/4c6e1b047904fe55b1b3fd4e1f26afea_images.jpg,Men,Footwear,Sandal,Sandals,Navy Blue,Summer,2012.0,Casual,ADIDAS Men Navy Blue Benton Sandals,Men Footwear Sandal Sandals Navy Blue Summer 2012.0 Casual ADIDAS Men Navy Blue Benton Sandals
35573,35573.jpg,http://assets.myntassets.com/v1/images/style/properties/250838b0730b8630f23237809398b114_images.jpg,Men,Footwear,Flip Flops,Flip Flops,Blue,Summer,2013.0,Casual,Gliders Men Esquire Blue Flip Flops,Men Footwear Flip Flops Flip Flops Blue Summer 2013.0 Casual Gliders Men Esquire Blue Flip Flops
13283,13283.jpg,http://assets.myntassets.com/v1/images/style/properties/2558270228d27a0f9c0d6eff4e540c0d_images.jpg,Men,Apparel,Topwear,Shirts,Blue,Fall,2011.0,Casual,Gini and Jony Kids Boys Check Blue Shirts,Men Apparel Topwear Shirts Blue Fall 2011.0 Casual Gini and Jony Kids Boys Check Blue Shirts
54544,54544.jpg,http://assets.myntassets.com/v1/images/style/properties/F-Sports-Men-Black-Pace-Sports-Shoes_564a9fd92f55538cafab82567a7fbce3_images.jpg,Men,Footwear,Shoes,Sports Shoes,Black,Fall,2012.0,Sports,F Sports Men Black Pace Sports Shoes,Men Footwear Shoes Sports Shoes Black Fall 2012.0 Sports F Sports Men Black Pace Sports Shoes
30001,30001.jpg,http://assets.myntassets.com/v1/images/style/properties/Aspen-Women-White-Dial-Watch_afe4ddc9872ccf04a851dd843b7b1203_images.jpg,Women,Accessories,Watches,Watches,White,Winter,2016.0,Casual,Aspen Women White Dial Watch,Women Accessories Watches Watches White Winter 2016.0 Casual Aspen Women White Dial Watch
29910,29910.jpg,http://assets.myntassets.com/v1/images/style/properties/Police-Men-Black-Dial-Watch_a6fcb77e1c453be2e1f5837a29cf258d_images.jpg,Men,Accessories,Watches,Watches,Black,Winter,2016.0,Casual,Police Men Black Dial Watch PL12170JSB,Men Accessories Watches Watches Black Winter 2016.0 Casual Police Men Black Dial Watch PL12170JSB
3706,3706.jpg,http://assets.myntassets.com/v1/images/style/properties/4ef2abf41a4d35aec21fa772bb74adf5_images.jpg,Men,Apparel,Topwear,Tshirts,Grey,Summer,2011.0,Casual,Classic Polo Men's Grey Red & Brown Stripe T-shirt,Men Apparel Topwear Tshirts Grey Summer 2011.0 Casual Classic Polo Men's Grey Red & Brown Stripe T-shirt
26164,26164.jpg,http://assets.myntassets.com/v1/images/style/properties/5b8f4d8f89d556b20cdba75bad71a23e_images.jpg,Men,Apparel,Bottomwear,Trousers,Grey,Summer,2012.0,Formal,John Miller Men Striped Grey Trousers,Men Apparel Bottomwear Trousers Grey Summer 2012.0 Formal John Miller Men Striped Grey Trousers
55496,55496.jpg,http://assets.myntassets.com/v1/images/style/properties/Revlon-Color-Brust-Hot-Pink-Lip-Gloss-10_edeac468abc18e53ae151c9947320d1b_images.jpg,Women,Personal Care,Lips,Lip Gloss,Pink,Spring,2017.0,Casual,Revlon ColorBurst Hot Pink Lip Gloss 10,Women Personal Care Lips Lip Gloss Pink Spring 2017.0 Casual Revlon ColorBurst Hot Pink Lip Gloss 10
56213,56213.jpg,http://assets.myntassets.com/v1/images/style/properties/Estelle-Earrings_1ea09ecbdb3e6808144918ecab70122a_images.jpg,Women,Accessories,Jewellery,Earrings,Gold,Winter,2016.0,Casual,Estelle Women Gold Earrings,Women Accessories Jewellery Earrings Gold Winter 2016.0 Casual Estelle Women Gold Earrings
15948,15948.jpg,http://assets.myntassets.com/v1/images/style/properties/95be55c54f165083eaf611739c261183_images.jpg,Men,Accessories,Ties,Ties,Burgundy,Fall,2011.0,Formal,Turtle Men Stripes Burgundy Ties,Men Accessories Ties Ties Burgundy Fall 2011.0 Formal Turtle Men Stripes Burgundy Ties
40376,40376.jpg,http://assets.myntassets.com/v1/images/style/properties/3fab2ad9e05ab42350a215e39a88e81e_images.jpg,Women,Apparel,Topwear,Tops,Yellow,Summer,2012.0,Casual,Tokyo Talkies Women Yellow Top,Women Apparel Topwear Tops Yellow Summer 2012.0 Casual Tokyo Talkies Women Yellow Top
24633,24633.jpg,http://assets.myntassets.com/v1/images/style/properties/33924b87c12a1b72deb3c8297cf9a72d_images.jpg,Women,Footwear,Flip Flops,Flip Flops,Pink,Fall,2011.0,Casual,ADIDAS Women Polka Pink Flip Flops,Women Footwear Flip Flops Flip Flops Pink Fall 2011.0 Casual ADIDAS Women Polka Pink Flip Flops
10406,10406.jpg,http://assets.myntassets.com/v1/images/style/properties/6e87fe4893ca930227d3491f46947783_images.jpg,Women,Apparel,Dress,Dresses,Grey,Fall,2011.0,Casual,United Colors of Benetton Women Solid Grey Dresses,Women Apparel Dress Dresses Grey Fall 2011.0 Casual United Colors of Benetton Women Solid Grey Dresses
4523,4523.jpg,http://assets.myntassets.com/v1/images/style/properties/0411da3a022ade1d11dfb7affdc6f536_images.jpg,Men,Footwear,Shoes,Sports Shoes,Blue,Summer,2011.0,Sports,Puma Men's Faas Blue White Silver Red Shoe,Men Footwear Shoes Sports Shoes Blue Summer 2011.0 Sports Puma Men's Faas Blue White Silver Red Shoe
45604,45604.jpg,http://assets.myntassets.com/v1/images/style/properties/2b27b053871a6e9325c0f422fe92b67a_images.jpg,Men,Footwear,Shoes,Formal Shoes,Brown,Summer,2012.0,Formal,Arrow Men Brown Formal Shoes,Men Footwear Shoes Formal Shoes Brown Summer 2012.0 Formal Arrow Men Brown Formal Shoes
15174,15174.jpg,http://assets.myntassets.com/v1/images/style/properties/241cb3c033e40196e1c7ce5f21f20ad5_images.jpg,Men,Apparel,Topwear,Tshirts,Yellow,Fall,2013.0,Casual,Arrow Men Yellow Polo T-shirt,Men Apparel Topwear Tshirts Yellow Fall 2013.0 Casual Arrow Men Yellow Polo T-shirt
21341,21341.jpg,http://assets.myntassets.com/v1/images/style/properties/4f0ccca7a9e076bbb478348e321df468_images.jpg,Men,Accessories,Eyewear,Sunglasses,Steel,Winter,2016.0,Casual,Pal Zileri Men Casual Steel Frame Sunglasses,Men Accessories Eyewear Sunglasses Steel Winter 2016.0 Casual Pal Zileri Men Casual Steel Frame Sunglasses
53761,53761.jpg,http://assets.myntassets.com/v1/images/style/properties/Puma-Men-Green-and-Blue-Striped-Polo-T-shirt_a59ed8a1d192b9095cb5904aae3d2783_images.jpg,Men,Apparel,Topwear,Tshirts,Green,Summer,2012.0,Casual,Puma Men Green and Blue T-shirt,Men Apparel Topwear Tshirts Green Summer 2012.0 Casual Puma Men Green and Blue T-shirt
37224,37224.jpg,http://assets.myntassets.com/v1/images/style/properties/7f98a5ed0ace114dd53496079ebf66be_images.jpg,Women,Apparel,Topwear,Shirts,Purple,Summer,2012.0,Casual,United Colors of Benetton Women Purple Shirt,Women Apparel Topwear Shirts Purple Summer 2012.0 Casual United Colors of Benetton Women Purple Shirt
32564,32564.jpg,http://assets.myntassets.com/v1/images/style/properties/ONLY-Women-Orange-Trousers_317f0e045fb28b45820102148bdc4f7b_images.jpg,Women,Apparel,Bottomwear,Trousers,Orange,Summer,2012.0,Casual,ONLY Women Orange Trousers,Women Apparel Bottomwear Trousers Orange Summer 2012.0 Casual ONLY Women Orange Trousers
56021,56021.jpg,http://assets.myntassets.com/assets/images/56021/2018/2/16/11518767275065-Colorbar-Soft-Touch-Venus-Lipstick-034-1191518767275028-1.jpg,Women,Personal Care,Lips,Lipstick,Mauve,Spring,2017.0,Casual,Colorbar Soft Touch Venus Lipstick 034,Women Personal Care Lips Lipstick Mauve Spring 2017.0 Casual Colorbar Soft Touch Venus Lipstick 034
24401,24401.jpg,http://assets.myntassets.com/v1/images/style/properties/15921a3a0cb13a30a920f8bfbef3c7ed_images.jpg,Women,Apparel,Topwear,Kurtas,Brown,Summer,2012.0,Ethnic,Vishudh Women Brown Printed Kurta,Women Apparel Topwear Kurtas Brown Summer 2012.0 Ethnic Vishudh Women Brown Printed Kurta
10634,10634.jpg,http://assets.myntassets.com/v1/images/style/properties/f1d954cfacfc79f32325794d43b6c3a0_images.jpg,Men,Footwear,Shoes,Formal Shoes,Black,Winter,2012.0,Formal,Carlton London Men Black Oxford Wingtip Brogues,Men Footwear Shoes Formal Shoes Black Winter 2012.0 Formal Carlton London Men Black Oxford Wingtip Brogues
40144,40144.jpg,http://assets.myntassets.com/v1/images/style/properties/1397081a5a637d539b0197aae4a6855e_images.jpg,Girls,Apparel,Topwear,Tops,Pink,Summer,2012.0,Casual,Gini and Jony Girls Pretty Blossom Pink Top,Girls Apparel Topwear Tops Pink Summer 2012.0 Casual Gini and Jony Girls Pretty Blossom Pink Top
58987,58987.jpg,http://assets.myntassets.com/v1/images/style/properties/Cavallini-Women-Deo_24f86c03497ca88209bc4639565152ad_images.jpg,Women,Personal Care,Fragrance,Deodorant,Lavender,Spring,2017.0,Casual,Cavallini Women Deo,Women Personal Care Fragrance Deodorant Lavender Spring 2017.0 Casual Cavallini Women Deo
59069,59069.jpg,http://assets.myntassets.com/v1/images/style/properties/Peri-Peri-Women-White-Bra_e94a285c2c2dfc0ab742eda172d0e2c3_images.jpg,Women,Apparel,Innerwear,Bra,White,Summer,2017.0,Casual,Peri Peri Women White Bra,Women Apparel Innerwear Bra White Summer 2017.0 Casual Peri Peri Women White Bra
15346,15346.jpg,http://assets.myntassets.com/v1/images/style/properties/29363780401bc3b628796450214d5266_images.jpg,Men,Apparel,Topwear,Tshirts,Black,Fall,2011.0,Casual,Nike Men Special Edition 3 Star Beed Black Tshirts,Men Apparel Topwear Tshirts Black Fall 2011.0 Casual Nike Men Special Edition 3 Star Beed Black Tshirts
52481,52481.jpg,http://assets.myntassets.com/v1/images/style/properties/Red-Rose-Pink---Black-Nightdress_7135320d1c8d8a91765103eacd79ff19_images.jpg,Women,Apparel,Loungewear and Nightwear,Baby Dolls,Pink,Winter,2015.0,Casual,Red Rose Pink & Black Nightdress,Women Apparel Loungewear and Nightwear Baby Dolls Pink Winter 2015.0 Casual Red Rose Pink & Black Nightdress
21173,21173.jpg,http://assets.myntassets.com/v1/images/style/properties/sOliver-Women-Grey-Shirt_cefde0d6bd0b74888e9d34814be33deb_images.jpg,Women,Apparel,Topwear,Shirts,Grey,Fall,2011.0,Casual,s.Oliver Women Grey Shirt,Women Apparel Topwear Shirts Grey Fall 2011.0 Casual s.Oliver Women Grey Shirt
4711,4711.jpg,http://assets.myntassets.com/v1/images/style/properties/ace210a5d0c0192e586736ceef135dff_images.jpg,Unisex,Accessories,Watches,Watches,Black,Winter,2016.0,Sports,ADIDAS Unisex Toronto Hand Black Watch,Unisex Accessories Watches Watches Black Winter 2016.0 Sports ADIDAS Unisex Toronto Hand Black Watch
40978,40978.jpg,http://assets.myntassets.com/v1/images/style/properties/4fb51b6af9daa7d7e7b37a54ee98d6a8_images.jpg,Boys,Apparel,Topwear,Tshirts,Red,Summer,2012.0,Casual,Gini and Jony Boys United Red T-shirt,Boys Apparel Topwear Tshirts Red Summer 2012.0 Casual Gini and Jony Boys United Red T-shirt
14294,14294.jpg,http://assets.myntassets.com/v1/images/style/properties/aaf0b739cd9003999c599bc0fba283e4_images.jpg,Men,Apparel,Topwear,Tshirts,Black,Fall,2011.0,Casual,Classic Polo Men Stripes Black Tshirts,Men Apparel Topwear Tshirts Black Fall 2011.0 Casual Classic Polo Men Stripes Black Tshirts
17411,17411.jpg,http://assets.myntassets.com/v1/images/style/properties/95dd8b87ceff0247a70579ba850c0164_images.jpg,Men,Footwear,Shoes,Sports Shoes,White,Fall,2011.0,Sports,Lotto Men Basketball Mid White Sports Shoe,Men Footwear Shoes Sports Shoes White Fall 2011.0 Sports Lotto Men Basketball Mid White Sports Shoe
9832,9832.jpg,http://assets.myntassets.com/v1/images/style/properties/b4912a94db18a093e185d9e4c2649edf_images.jpg,Women,Apparel,Topwear,Tshirts,Orange,Fall,2011.0,Casual,Little Miss Women Printed Rust T-shirt,Women Apparel Topwear Tshirts Orange Fall 2011.0 Casual Little Miss Women Printed Rust T-shirt
23624,23624.jpg,http://assets.myntassets.com/v1/images/style/properties/5ab7fb83e0891f3453746c9a073e3ec6_images.jpg,Girls,Apparel,Topwear,Tops,White,Fall,2011.0,Casual,Doodle Kids Girls White I love Shopping Top,Girls Apparel Topwear Tops White Fall 2011.0 Casual Doodle Kids Girls White I love Shopping Top
6046,6046.jpg,http://assets.myntassets.com/v1/images/style/properties/91a4e27feeff9df032dab2f078513732_images.jpg,Men,Apparel,Topwear,Shirts,Green,Summer,2011.0,Casual,UCB Men Logo Chest Green Shirt,Men Apparel Topwear Shirts Green Summer 2011.0 Casual UCB Men Logo Chest Green Shirt
34693,34693.jpg,http://assets.myntassets.com/v1/images/style/properties/c8c6fd3233823726f484da6b7007f016_images.jpg,Girls,Apparel,Bottomwear,Shorts,Pink,Summer,2012.0,Casual,Allen Solly Kids Girls Poplin Pink Shorts,Girls Apparel Bottomwear Shorts Pink Summer 2012.0 Casual Allen Solly Kids Girls Poplin Pink Shorts
47361,47361.jpg,http://assets.myntassets.com/v1/images/style/properties/967bf381f8fa631bae7830f11c6f3aaa_images.jpg,Women,Accessories,Bags,Handbags,Black,Summer,2012.0,Casual,Baggit Women Black Voodoo Gang Handbag,Women Accessories Bags Handbags Black Summer 2012.0 Casual Baggit Women Black Voodoo Gang Handbag
7194,7194.jpg,http://assets.myntassets.com/v1/images/style/properties/2302abf56311dd985dd4f2227f3159e5_images.jpg,Women,Apparel,Topwear,Tops,White,Fall,2011.0,Casual,Jealous 21 Women's BFF Printed White Top,Women Apparel Topwear Tops White Fall 2011.0 Casual Jealous 21 Women's BFF Printed White Top
51204,51204.jpg,http://assets.myntassets.com/v1/images/style/properties/Enamor-Women-Peach-Bra_92f183113d2e2308280712d09ba91658_images.jpg,Women,Apparel,Innerwear,Bra,Peach,Summer,2017.0,Casual,Enamor Women Peach Bra,Women Apparel Innerwear Bra Peach Summer 2017.0 Casual Enamor Women Peach Bra
30233,30233.jpg,http://assets.myntassets.com/v1/images/style/properties/115e53e76402ea9af077f2d5e44a7ea4_images.jpg,Men,Footwear,Shoes,Casual Shoes,White,Summer,2012.0,Casual,Numero Uno Men White Shoes,Men Footwear Shoes Casual Shoes White Summer 2012.0 Casual Numero Uno Men White Shoes
48329,48329.jpg,http://assets.myntassets.com/v1/images/style/properties/4082c1426acb0becf0a683c7632bdefb_images.jpg,Women,Accessories,Bags,Handbags,Purple,Summer,2012.0,Casual,Pitaraa Women Purple Sling Bag,Women Accessories Bags Handbags Purple Summer 2012.0 Casual Pitaraa Women Purple Sling Bag
18459,18459.jpg,http://assets.myntassets.com/v1/images/style/properties/e8b9dff957e93239e3dc85fbb4711eea_images.jpg,Men,Personal Care,Fragrance,Deodorant,White,Spring,2017.0,Casual,David Beckham Intimately Men Deos,Men Personal Care Fragrance Deodorant White Spring 2017.0 Casual David Beckham Intimately Men Deos
27284,27284.jpg,http://assets.myntassets.com/v1/images/style/properties/cf5d17a1ea049fde4d93c31d7a5d3249_images.jpg,Women,Apparel,Topwear,Kurtas,Brown,Fall,2011.0,Ethnic,Mother Earth Women Dark Brown Kurta,Women Apparel Topwear Kurtas Brown Fall 2011.0 Ethnic Mother Earth Women Dark Brown Kurta
12163,12163.jpg,http://assets.myntassets.com/v1/images/style/properties/8c29f66ec78e78081504b6ad73e6af8b_images.jpg,Women,Apparel,Bottomwear,Leggings,Purple,Fall,2011.0,Ethnic,Aurelia Women Solid Purple Leggings,Women Apparel Bottomwear Leggings Purple Fall 2011.0 Ethnic Aurelia Women Solid Purple Leggings
42613,42613.jpg,http://assets.myntassets.com/v1/images/style/properties/19bcac6a0dfadc76e51f433c21353070_images.jpg,Women,Accessories,Jewellery,Jewellery Set,Gold,Winter,2016.0,Casual,Estelle Women Gold Earring & Pendant Set,Women Accessories Jewellery Jewellery Set Gold Winter 2016.0 Casual Estelle Women Gold Earring & Pendant Set
3534,3534.jpg,http://assets.myntassets.com/v1/images/style/properties/2a09216723dc52a345f4b19213147e0d_images.jpg,Women,Apparel,Topwear,Tshirts,Black,Summer,2011.0,Casual,Myntra Women's I Want You Black T-shirt,Women Apparel Topwear Tshirts Black Summer 2011.0 Casual Myntra Women's I Want You Black T-shirt
24065,24065.jpg,http://assets.myntassets.com/v1/images/style/properties/69b55593f043e59513642eeea29a737b_images.jpg,Men,Apparel,Topwear,Shirts,Green,Fall,2011.0,Casual,Locomotive Men Checked Green Shirt,Men Apparel Topwear Shirts Green Fall 2011.0 Casual Locomotive Men Checked Green Shirt
10250,10250.jpg,http://assets.myntassets.com/v1/images/style/properties/65b6116e73b95222a12a01d5460b0e85_images.jpg,Women,Accessories,Bags,Handbags,Brown,Winter,2015.0,Casual,Murcia Women Hahk Brown Handbags,Women Accessories Bags Handbags Brown Winter 2015.0 Casual Murcia Women Hahk Brown Handbags
57597,57597.jpg,http://assets.myntassets.com/v1/images/style/properties/Lotus-Herbals-Moistpetals-Rudy-Pink-Lipstick-140_fa1c58eb5de4afa96296ebd0d17aede2_images.jpg,Women,Personal Care,Lips,Lipstick,Pink,Spring,2017.0,Casual,Lotus Herbals Moistpetals Rudy Pink Lipstick 140,Women Personal Care Lips Lipstick Pink Spring 2017.0 Casual Lotus Herbals Moistpetals Rudy Pink Lipstick 140
40520,40520.jpg,http://assets.myntassets.com/v1/images/style/properties/30bdfec62477379208f3867499e951da_images.jpg,Men,Accessories,Watches,Watches,Cream,Winter,2016.0,Casual,Titan Men Cream Dial Watch,Men Accessories Watches Watches Cream Winter 2016.0 Casual Titan Men Cream Dial Watch
1607,1607.jpg,http://assets.myntassets.com/v1/images/style/properties/b9828d5eb23f75d6cb4ba5a66f292b83_images.jpg,Men,Apparel,Bottomwear,Track Pants,Blue,Fall,2010.0,Sports,Reebok Men trackpant- male Track Pants,Men Apparel Bottomwear Track Pants Blue Fall 2010.0 Sports Reebok Men trackpant- male Track Pants
11382,11382.jpg,http://assets.myntassets.com/v1/images/style/properties/ee72992612c863eb745e67ffdfd710ce_images.jpg,Women,Apparel,Topwear,Tshirts,Grey,Fall,2011.0,Casual,United Colors Of Benetton Women Light Winter Grey T-Shirts,Women Apparel Topwear Tshirts Grey Fall 2011.0 Casual United Colors Of Benetton Women Light Winter Grey T-Shirts
44180,44180.jpg,http://assets.myntassets.com/v1/images/style/properties/d2a8d3e7f53e9eb31a35f84f100b5def_images.jpg,Women,Personal Care,Fragrance,Perfume and Body Mist,White,Spring,2017.0,Casual,Nike Fragrances Women Spicy Love Perfume 150 ml,Women Personal Care Fragrance Perfume and Body Mist White Spring 2017.0 Casual Nike Fragrances Women Spicy Love Perfume 150 ml
37472,37472.jpg,http://assets.myntassets.com/v1/images/style/properties/4a4b697ef1fe5d38b38c85a357e21364_images.jpg,Men,Accessories,Watches,Watches,Grey,Winter,2016.0,Casual,Esprit Men Grey Dial Watch,Men Accessories Watches Watches Grey Winter 2016.0 Casual Esprit Men Grey Dial Watch
53137,53137.jpg,http://assets.myntassets.com/v1/images/style/properties/8e313b831ecb312d445cb49176d23b8f_images.jpg,Women,Footwear,Shoes,Flats,Brown,Winter,2015.0,Casual,Catwalk Women Brown Sandals,Women Footwear Shoes Flats Brown Winter 2015.0 Casual Catwalk Women Brown Sandals
15722,15722.jpg,http://assets.myntassets.com/v1/images/style/properties/9854a566783e31b6172f1deab77281fa_images.jpg,Men,Footwear,Shoes,Sports Shoes,Grey,Fall,2011.0,Sports,Nike Men Lunarswift+ 3 Shield Grey Sports Shoes,Men Footwear Shoes Sports Shoes Grey Fall 2011.0 Sports Nike Men Lunarswift+ 3 Shield Grey Sports Shoes
4375,4375.jpg,http://assets.myntassets.com/v1/images/style/properties/2168c1954a31148429a42e0b4713da75_images.jpg,Men,Apparel,Topwear,Tshirts,Navy Blue,Summer,2011.0,Casual,Marvel Comics Men's Comic Poses Navy T-shirt,Men Apparel Topwear Tshirts Navy Blue Summer 2011.0 Casual Marvel Comics Men's Comic Poses Navy T-shirt
35325,35325.jpg,http://assets.myntassets.com/v1/images/style/properties/45cf3125c4b4d62a70d092642cb20ade_images.jpg,Women,Accessories,Jewellery,Earrings,Silver,Winter,2016.0,Ethnic,Fabindia Women Anusuya Silver Earrings,Women Accessories Jewellery Earrings Silver Winter 2016.0 Ethnic Fabindia Women Anusuya Silver Earrings
22392,22392.jpg,http://assets.myntassets.com/v1/images/style/properties/14a0d59953458f475aefe3feda05a59c_images.jpg,Women,Apparel,Topwear,Tops,White,Fall,2011.0,Casual,ADIDAS Women Whalf Striper White Top,Women Apparel Topwear Tops White Fall 2011.0 Casual ADIDAS Women Whalf Striper White Top
51660,51660.jpg,http://assets.myntassets.com/assets/images/51660/2016/5/20/11463745871517-Fossil-Men-Black-Dial-Watch-AM4384-9531463745871355-1.jpg,Men,Accessories,Watches,Watches,Black,Winter,2016.0,Casual,Fossil Men Black Dial Watch AM4384,Men Accessories Watches Watches Black Winter 2016.0 Casual Fossil Men Black Dial Watch AM4384
17075,17075.jpg,http://assets.myntassets.com/v1/images/style/properties/a3740805ecd4cfcc325c62f31f36ac19_images.jpg,Women,Accessories,Belts,Belts,Navy Blue,Winter,2015.0,Casual,Lino Perros Women Weaved  Navy Blue Belt,Women Accessories Belts Belts Navy Blue Winter 2015.0 Casual Lino Perros Women Weaved  Navy Blue Belt
23240,23240.jpg,http://assets.myntassets.com/v1/images/style/properties/fe55685f6ea6d6adffb2591f2c72135e_images.jpg,Women,Apparel,Topwear,Kurtas,Blue,Fall,2011.0,Ethnic,Aneri Women Ashna Blue Kurta,Women Apparel Topwear Kurtas Blue Fall 2011.0 Ethnic Aneri Women Ashna Blue Kurta
6422,6422.jpg,http://assets.myntassets.com/v1/images/style/properties/a537d39e1561221aed28102099c90c66_images.jpg,Unisex,Footwear,Shoes,Casual Shoes,Black,Summer,2011.0,Casual,Lotto Unisex Canvas Black Grey Shoe,Unisex Footwear Shoes Casual Shoes Black Summer 2011.0 Casual Lotto Unisex Canvas Black Grey Shoe
18801,18801.jpg,http://assets.myntassets.com/v1/images/style/properties/036080ad254438901d32fb0e3c6369e6_images.jpg,Men,Accessories,Belts,Belts,Brown,Summer,2011.0,Casual,Peter England Men Casual Brown Belt,Men Accessories Belts Belts Brown Summer 2011.0 Casual Peter England Men Casual Brown Belt
26732,26732.jpg,http://assets.myntassets.com/v1/images/style/properties/6fb082f65d44f4202ec31a692072c670_images.jpg,Women,Personal Care,Fragrance,Deodorant,Purple,Spring,2017.0,Casual,Reebok Women Reestyle Deo,Women Personal Care Fragrance Deodorant Purple Spring 2017.0 Casual Reebok Women Reestyle Deo
12507,12507.jpg,http://assets.myntassets.com/v1/images/style/properties/b1ff46e8d902c8cf2eb2664e792014a6_images.jpg,Men,Footwear,Shoes,Casual Shoes,Black,Winter,2018.0,Casual,Red Tape Men Casual Black Casual Shoes,Men Footwear Shoes Casual Shoes Black Winter 2018.0 Casual Red Tape Men Casual Black Casual Shoes
31785,31785.jpg,http://assets.myntassets.com/v1/images/style/properties/440c755b5bf8e95bd75d3a8b511f96da_images.jpg,Women,Apparel,Topwear,Tops,Navy Blue,Summer,2012.0,Casual,Lee Women Katie Navy Blue Top,Women Apparel Topwear Tops Navy Blue Summer 2012.0 Casual Lee Women Katie Navy Blue Top
3150,3150.jpg,http://assets.myntassets.com/v1/images/style/properties/f23c4d59eb6ca3cd621c3db690e0c708_images.jpg,Men,Footwear,Shoes,Sports Shoes,Black,Fall,2010.0,Sports,Nike Men's Lunarswift Black Shoe,Men Footwear Shoes Sports Shoes Black Fall 2010.0 Sports Nike Men's Lunarswift Black Shoe
17849,17849.jpg,http://assets.myntassets.com/v1/images/style/properties/6e945cb500ebcec2187d5289389062d4_images.jpg,Women,Apparel,Topwear,Tshirts,Grey,Fall,2011.0,Casual,Flying Machine Women This & That Grey Tshirt,Women Apparel Topwear Tshirts Grey Fall 2011.0 Casual Flying Machine Women This & That Grey Tshirt
29548,29548.jpg,http://assets.myntassets.com/v1/images/style/properties/ea3f97ed1d89b449b782c01da33591b3_images.jpg,Men,Apparel,Topwear,Tshirts,Navy Blue,Summer,2012.0,Casual,Classic Polo Men Printed Navy Blue T-shirt,Men Apparel Topwear Tshirts Navy Blue Summer 2012.0 Casual Classic Polo Men Printed Navy Blue T-shirt
42879,42879.jpg,http://assets.myntassets.com/v1/images/style/properties/6ddb4d4164841bb5cef5b7b7f282d563_images.jpg,Women,Accessories,Bags,Clutches,Black,Summer,2012.0,Casual,French Connection Women Black Buffy Clutch,Women Accessories Bags Clutches Black Summer 2012.0 Casual French Connection Women Black Buffy Clutch
16395,16395.jpg,http://assets.myntassets.com/v1/images/style/properties/c7118251a3a216f7667ba45f8f621ccc_images.jpg,Men,Apparel,Topwear,Shirts,Black,Fall,2011.0,Casual,Levis Men Check Black Shirts,Men Apparel Topwear Shirts Black Fall 2011.0 Casual Levis Men Check Black Shirts
51452,51452.jpg,http://assets.myntassets.com/v1/images/style/properties/1cd4ff69be2545cf4bd12e62f3c68890_images.jpg,Women,Apparel,Topwear,Tops,White,Summer,2012.0,Casual,Tonga Women White & Pink Top,Women Apparel Topwear Tops White Summer 2012.0 Casual Tonga Women White & Pink Top
6610,6610.jpg,http://assets.myntassets.com/v1/images/style/properties/5e64f7d7273ccbd20f45fd27c20f2d5b_images.jpg,Men,Apparel,Topwear,Tshirts,White,Summer,2011.0,Casual,Spykar Men's Stinger Basket Ball Team White Blue Stripes T-shirt,Men Apparel Topwear Tshirts White Summer 2011.0 Casual Spykar Men's Stinger Basket Ball Team White Blue Stripes T-shirt
47537,47537.jpg,http://assets.myntassets.com/v1/images/style/properties/850fe0b3abd042bd9af245d22f884528_images.jpg,Women,Footwear,Shoes,Flats,Brown,Winter,2012.0,Casual,Portia Women Brown Flats,Women Footwear Shoes Flats Brown Winter 2012.0 Casual Portia Women Brown Flats
17247,17247.jpg,http://assets.myntassets.com/v1/images/style/properties/f8d3472a2bd68974dda67781d80156ce_images.jpg,Men,Apparel,Topwear,Tshirts,Blue,Fall,2011.0,Casual,U.S. Polo Assn. Men Stripes Blue Polo Tshirt,Men Apparel Topwear Tshirts Blue Fall 2011.0 Casual U.S. Polo Assn. Men Stripes Blue Polo Tshirt
23072,23072.jpg,http://assets.myntassets.com/v1/images/style/properties/64c62f3e3406deb5326d7bf6f4c417f4_images.jpg,Men,Apparel,Bottomwear,Trousers,Navy Blue,Winter,2014.0,Formal,Arrow Men Navy Blue Solid Trousers,Men Apparel Bottomwear Trousers Navy Blue Winter 2014.0 Formal Arrow Men Navy Blue Solid Trousers
42045,42045.jpg,http://assets.myntassets.com/v1/images/style/properties/bf609f778c0433c073cf4857238104eb_images.jpg,Men,Footwear,Shoes,Casual Shoes,Yellow,Summer,2012.0,Casual,Nike Men Wardour Chukka Yellow Casual Shoes,Men Footwear Shoes Casual Shoes Yellow Summer 2012.0 Casual Nike Men Wardour Chukka Yellow Casual Shoes
3362,3362.jpg,http://assets.myntassets.com/v1/images/style/properties/942600076a8ee0acef2e6ac94bafbc17_images.jpg,Men,Apparel,Topwear,Tshirts,Black,Summer,2011.0,Casual,Myntra Men's Creative designs Black T-shirt,Men Apparel Topwear Tshirts Black Summer 2011.0 Casual Myntra Men's Creative designs Black T-shirt
12735,12735.jpg,http://assets.myntassets.com/v1/images/style/properties/Nike-Unisex-U-Black-Capsaef73c0e1cbf3f01b86867ee3cb01263_images.jpg,Unisex,Accessories,Headwear,Caps,Black,Fall,2011.0,Sports,Nike Unisex U Black Caps,Unisex Accessories Headwear Caps Black Fall 2011.0 Sports Nike Unisex U Black Caps
54120,54120.jpg,http://assets.myntassets.com/v1/images/style/properties/24f753782c9608794f668bb11e121a37_images.jpg,Women,Footwear,Shoes,Flats,Beige,Winter,2012.0,Casual,Rocia Women Beige Flats,Women Footwear Shoes Flats Beige Winter 2012.0 Casual Rocia Women Beige Flats
30465,30465.jpg,http://assets.myntassets.com/v1/images/style/properties/37da655b48ef258563ea85941746348b_images.jpg,Women,Apparel,Innerwear,Bra,Black,Summer,2014.0,Casual,Lovable Women All Day Long Black Bra,Women Apparel Innerwear Bra Black Summer 2014.0 Casual Lovable Women All Day Long Black Bra
9658,9658.jpg,http://assets.myntassets.com/v1/images/style/properties/793eb55fe964506704a09f4113f6fe19_images.jpg,Men,Apparel,Topwear,Shirts,Maroon,Fall,2011.0,Casual,Indigo Nation Men Reversible Bling Maroon Shirt,Men Apparel Topwear Shirts Maroon Fall 2011.0 Casual Indigo Nation Men Reversible Bling Maroon Shirt
43197,43197.jpg,http://assets.myntassets.com/v1/images/style/properties/97dd8facb3d7f56c2c92dc4d29e456ed_images.jpg,Women,Accessories,Watches,Watches,Grey,Winter,2016.0,Casual,Fastrack Women Grey Dial Watch,Women Accessories Watches Watches Grey Winter 2016.0 Casual Fastrack Women Grey Dial Watch
38608,38608.jpg,http://assets.myntassets.com/v1/images/style/properties/bb16165bfc63aacfc18bd93325220359_images.jpg,Men,Apparel,Topwear,Tshirts,Grey,Summer,2012.0,Casual,Nike Men Grey T-shirt,Men Apparel Topwear Tshirts Grey Summer 2012.0 Casual Nike Men Grey T-shirt
24257,24257.jpg,http://assets.myntassets.com/v1/images/style/properties/d0ee2c3d9795f7a1d0f5679e3a6cde55_images.jpg,Men,Footwear,Shoes,Casual Shoes,Navy Blue,Summer,2012.0,Casual,Numero Uno Men Navy Blue Casual Shoes,Men Footwear Shoes Casual Shoes Navy Blue Summer 2012.0 Casual Numero Uno Men Navy Blue Casual Shoes
10062,10062.jpg,http://assets.myntassets.com/v1/images/style/properties/821d377e49f3aa198c1937e9793099a6_images.jpg,Men,Apparel,Topwear,Tshirts,Grey,Fall,2011.0,Casual,Puma Men Puma runhard tee Grey Tshirts,Men Apparel Topwear Tshirts Grey Fall 2011.0 Casual Puma Men Puma runhard tee Grey Tshirts
56677,56677.jpg,http://assets.myntassets.com/v1/images/style/properties/Maxima-Men-White-Dial-Watch_2c70c1ed41ee4cd5fdc723fce9187a94_images.jpg,Men,Accessories,Watches,Watches,White,Winter,2016.0,Casual,Maxima Men White Dial Watch,Men Accessories Watches Watches White Winter 2016.0 Casual Maxima Men White Dial Watch
25385,25385.jpg,http://assets.myntassets.com/v1/images/style/properties/Levis-Men-Navy-Blue-Brief_c16b7fac8aaf798d7c9b9fe48afc1d8a_images.jpg,Men,Apparel,Innerwear,Briefs,Navy Blue,Summer,2016.0,Casual,Levis Men Navy Blue Briefs,Men Apparel Innerwear Briefs Navy Blue Summer 2016.0 Casual Levis Men Navy Blue Briefs
32332,32332.jpg,http://assets.myntassets.com/v1/images/style/properties/Q-Q-Men-Steel-Digital-Watch_e51dddb12b940435f212771f64dfc98b_images.jpg,Men,Accessories,Watches,Watches,Steel,Winter,2016.0,Casual,Q&Q Men Steel Digital Watch,Men Accessories Watches Watches Steel Winter 2016.0 Casual Q&Q Men Steel Digital Watch
5095,5095.jpg,http://assets.myntassets.com/v1/images/style/properties/105c607753deea7b4ae6bc41d51661ee_images.jpg,Men,Apparel,Topwear,Tshirts,Blue,Summer,2011.0,Casual,Wrangler Men's Greensboro Raw Edge Blue T-shirt,Men Apparel Topwear Tshirts Blue Summer 2011.0 Casual Wrangler Men's Greensboro Raw Edge Blue T-shirt
37640,37640.jpg,http://assets.myntassets.com/v1/images/style/properties/150dc3ae68a4b567aad9e604044ff122_images.jpg,Women,Accessories,Bags,Clutches,Red,Summer,2012.0,Casual,Wills Lifestyle Women Red Clutch,Women Accessories Bags Clutches Red Summer 2012.0 Casual Wills Lifestyle Women Red Clutch
4147,4147.jpg,http://assets.myntassets.com/v1/images/style/properties/bcb241296d93b8198038571a64f99b97_images.jpg,Women,Footwear,Shoes,Sports Shoes,White,Summer,2011.0,Sports,Nike Women Glide White Grey Shoe,Women Footwear Shoes Sports Shoes White Summer 2011.0 Sports Nike Women Glide White Grey Shoe
36792,36792.jpg,http://assets.myntassets.com/v1/images/style/properties/9d0dd0e253b33b263398d4bf0e13b4af_images.jpg,Men,Accessories,Watches,Watches,Black,Winter,2016.0,Casual,Maxima Men Black Dial Attivo Watch,Men Accessories Watches Watches Black Winter 2016.0 Casual Maxima Men Black Dial Attivo Watch
45260,45260.jpg,http://assets.myntassets.com/assets/images/45260/2018/3/5/11520251183737-CASIO-G-Shock-Men-Black-Digital-Watch-G001-5601520251183526-1.jpg,Men,Accessories,Watches,Watches,Black,Winter,2016.0,Casual,CASIO G-Shock Men Black Digital Watch DW-5600E-1VDF G001,Men Accessories Watches Watches Black Winter 2016.0 Casual CASIO G-Shock Men Black Digital Watch DW-5600E-1VDF G001
15510,15510.jpg,http://assets.myntassets.com/v1/images/style/properties/659ca18f067f9fb78cc7824eaf1d165e_images.jpg,Men,Footwear,Shoes,Casual Shoes,Charcoal,Fall,2011.0,Casual,Rockport Men CV Toe HI Charcoal Casual Shoes,Men Footwear Shoes Casual Shoes Charcoal Fall 2011.0 Casual Rockport Men CV Toe HI Charcoal Casual Shoes
21725,21725.jpg,http://assets.myntassets.com/v1/images/style/properties/Adidas-Men-Navy-Blue-Sweatshirt_be449d995ae665cbce81fbce0d69ea1e_images.jpg,Men,Apparel,Topwear,Sweatshirts,Navy Blue,Fall,2011.0,Casual,ADIDAS Men Navy Blue Sweatshirt,Men Apparel Topwear Sweatshirts Navy Blue Fall 2011.0 Casual ADIDAS Men Navy Blue Sweatshirt
34038,34038.jpg,http://assets.myntassets.com/v1/images/style/properties/95b4fd12eab9acd511b805a11601c92c_images.jpg,Boys,Apparel,Topwear,Shirts,Red,Summer,2012.0,Casual,Gini and Jony Boys Check Red Shirt,Boys Apparel Topwear Shirts Red Summer 2012.0 Casual Gini and Jony Boys Check Red Shirt
43956,43956.jpg,http://assets.myntassets.com/v1/images/style/properties/ab1244dde780b3a3275ff5ace796ecf3_images.jpg,Women,Footwear,Sandal,Sports Sandals,Purple,Summer,2012.0,Casual,Puma Women Purple Techno Sandals,Women Footwear Sandal Sports Sandals Purple Summer 2012.0 Casual Puma Women Purple Techno Sandals
28467,28467.jpg,http://assets.myntassets.com/v1/images/style/properties/8f19a26145719f3b827d29e1d82dc969_images.jpg,Women,Apparel,Topwear,Tshirts,Rust,Summer,2012.0,Casual,Urban Yoga Women Printed Rust T-shirt,Women Apparel Topwear Tshirts Rust Summer 2012.0 Casual Urban Yoga Women Printed Rust T-shirt
16368,16368.jpg,http://assets.myntassets.com/v1/images/style/properties/9fbf62acb109790ee9cf91bf5594cf5c_images.jpg,Men,Apparel,Bottomwear,Trousers,Charcoal,Fall,2011.0,Formal,Peter England Men Stripes Charcoal Trouser,Men Apparel Bottomwear Trousers Charcoal Fall 2011.0 Formal Peter England Men Stripes Charcoal Trouser
42884,42884.jpg,http://assets.myntassets.com/v1/images/style/properties/French-Connection-Women-Beige-Clutch_41c343d3db1461f9ba4fd8e5e0211906_images.jpg,Women,Accessories,Bags,Clutches,Beige,Summer,2012.0,Casual,French Connection Women Beige Clutch,Women Accessories Bags Clutches Beige Summer 2012.0 Casual French Connection Women Beige Clutch
55833,55833.jpg,http://assets.myntassets.com/assets/images/55833/2019/1/10/b111ce8e-7f66-4319-b753-90a5580f08221547122964116-Colorbar-Glamour-Radiant-Glow-001-6691547122964016-1.jpg,Women,Personal Care,Makeup,Highlighter and Blush,Skin,Spring,2017.0,Casual,Colorbar Glamour Radiant Glow 001,Women Personal Care Makeup Highlighter and Blush Skin Spring 2017.0 Casual Colorbar Glamour Radiant Glow 001
46418,46418.jpg,http://assets.myntassets.com/assets/images/46418/2016/1/11/11452508572308-Timex-Men-Olive-Green-Dial-Watch-DV10-6571452508571875-1.jpg,Men,Accessories,Watches,Watches,Olive,Winter,2016.0,Casual,Timex Men Olive Green Dial Watch DV10,Men Accessories Watches Watches Olive Winter 2016.0 Casual Timex Men Olive Green Dial Watch DV10
48582,48582.jpg,http://assets.myntassets.com/v1/images/style/properties/1e295b7875db19e9378ece6bb0bf23f8_images.jpg,Men,Accessories,Jewellery,Bracelet,Steel,Summer,2012.0,Casual,Revv Men Steel Bracelet,Men Accessories Jewellery Bracelet Steel Summer 2012.0 Casual Revv Men Steel Bracelet
30498,30498.jpg,http://assets.myntassets.com/v1/images/style/properties/d6b11ef3c249b0534ead09f4c42f3f2b_images.jpg,Women,Apparel,Innerwear,Bra,Brown,Summer,2012.0,Casual,Lovable Women Fiona Brown Bra,Women Apparel Innerwear Bra Brown Summer 2012.0 Casual Lovable Women Fiona Brown Bra
8777,8777.jpg,http://assets.myntassets.com/v1/images/style/properties/6b27c58fd2eb926c7f9b9d5efc0c1818_images.jpg,Men,Apparel,Topwear,Shirts,Blue,Fall,2011.0,Casual,Indigo Nation Men Price catch Blue Shirts,Men Apparel Topwear Shirts Blue Fall 2011.0 Casual Indigo Nation Men Price catch Blue Shirts
19320,19320.jpg,http://assets.myntassets.com/v1/images/style/properties/288e3c2cd409935a0e01540f7057859d_images.jpg,Unisex,Accessories,Bags,Backpacks,Pink,Fall,2011.0,Casual,Nike Unisex Classic Turf Pink Backpack,Unisex Accessories Bags Backpacks Pink Fall 2011.0 Casual Nike Unisex Classic Turf Pink Backpack
25378,25378.jpg,http://assets.myntassets.com/v1/images/style/properties/5489e314ba8c88e1641bf549fbf6ad0d_images.jpg,Men,Apparel,Innerwear,Innerwear Vests,Beige,Summer,2016.0,Casual,Levis Men Beige Innerwear T-shirt,Men Apparel Innerwear Innerwear Vests Beige Summer 2016.0 Casual Levis Men Beige Innerwear T-shirt
4986,4986.jpg,http://assets.myntassets.com/v1/images/style/properties/8580e2e688a9ccf9b2bb20e3a89c69cc_images.jpg,Men,Apparel,Topwear,Tshirts,Red,Summer,2011.0,Sports,ADIDAS Men Bayern Munchen Red Jersey,Men Apparel Topwear Tshirts Red Summer 2011.0 Sports ADIDAS Men Bayern Munchen Red Jersey
39727,39727.jpg,http://assets.myntassets.com/v1/images/style/properties/7de446d3e6ec4218c2a71e76aa91ce5a_images.jpg,Women,Apparel,Topwear,Shirts,Blue,Summer,2012.0,Formal,Arrow Woman Blue Shirt,Women Apparel Topwear Shirts Blue Summer 2012.0 Formal Arrow Woman Blue Shirt
57758,57758.jpg,http://assets.myntassets.com/v1/images/style/properties/Lotus-Herbals-Jojobawash-Face-Wash_f4d1e20721e77abd1c7d75e378f09f7b_images.jpg,Women,Personal Care,Skin Care,Face Wash and Cleanser,White,Spring,2017.0,,Lotus Herbals Jojobawash Face Wash,Women Personal Care Skin Care Face Wash and Cleanser White Spring 2017.0  Lotus Herbals Jojobawash Face Wash
5854,5854.jpg,http://assets.myntassets.com/v1/images/style/properties/ff765bacfb935d26ebd72c44547cde93_images.jpg,Women,Accessories,Bags,Handbags,Pink,Summer,2011.0,Casual,ADIDAS Women Pink Handbag,Women Accessories Bags Handbags Pink Summer 2011.0 Casual ADIDAS Women Pink Handbag
11971,11971.jpg,http://assets.myntassets.com/v1/images/style/properties/ab1fe16c66350052ecb0ade9502ebcca_images.jpg,Men,Footwear,Shoes,Sports Shoes,White,Fall,2011.0,Sports,Fila Men Glow White Sports Shoes,Men Footwear Shoes Sports Shoes White Fall 2011.0 Sports Fila Men Glow White Sports Shoes
5068,5068.jpg,http://assets.myntassets.com/v1/images/style/properties/015d474f1a5f2759e4cff6b78ef7bb2d_images.jpg,Men,Accessories,Watches,Watches,Blue,Winter,2016.0,Casual,Being Human Men Grey Dial Blue Strap Watch,Men Accessories Watches Watches Blue Winter 2016.0 Casual Being Human Men Grey Dial Blue Strap Watch
39515,39515.jpg,http://assets.myntassets.com/v1/images/style/properties/c48c9cad79bcb6e7563bbb292192d8c7_images.jpg,Unisex,Accessories,Bags,Laptop Bag,Brown,Summer,2012.0,Casual,Peter England Unisex Brown Laptop Bag,Unisex Accessories Bags Laptop Bag Brown Summer 2012.0 Casual Peter England Unisex Brown Laptop Bag
45893,45893.jpg,http://assets.myntassets.com/v1/images/style/properties/9772297f624ac9384d9b349fe62cdc1d_images.jpg,Men,Accessories,Watches,Watches,Black,Winter,2016.0,Casual,Maxima Ssteele Men Black Dial Watch,Men Accessories Watches Watches Black Winter 2016.0 Casual Maxima Ssteele Men Black Dial Watch
44941,44941.jpg,http://assets.myntassets.com/v1/images/style/properties/851760e82d34ebdc4b38d0dcd399e3f2_images.jpg,Men,Footwear,Shoes,Formal Shoes,Black,Summer,2013.0,Formal,Franco Leone Men Formal Shoes,Men Footwear Shoes Formal Shoes Black Summer 2013.0 Formal Franco Leone Men Formal Shoes
24098,24098.jpg,http://assets.myntassets.com/v1/images/style/properties/3f605d586102ca09379cc592e697610a_images.jpg,Men,Footwear,Sandal,Sandals,Black,Summer,2012.0,Casual,Red Tape Men Black Sandals,Men Footwear Sandal Sandals Black Summer 2012.0 Casual Red Tape Men Black Sandals
4388,4388.jpg,http://assets.myntassets.com/v1/images/style/properties/8fb251ea403fab32952058a73088aeb2_images.jpg,Men,Apparel,Topwear,Tshirts,Green,Summer,2011.0,Casual,DC Comics Lantern Arrow All Over Green T-shirt,Men Apparel Topwear Tshirts Green Summer 2011.0 Casual DC Comics Lantern Arrow All Over Green T-shirt
58522,58522.jpg,http://assets.myntassets.com/v1/images/style/properties/Wildcraft-Unisex-Orange-Chalk-Bag_b52edc6279b3e1f016a8e7d822a0b2d6_images.jpg,Unisex,Accessories,Accessories,Travel Accessory,Rust,Summer,2015.0,Casual,Wildcraft Unisex Rust Orange Travel Pouch,Unisex Accessories Accessories Travel Accessory Rust Summer 2015.0 Casual Wildcraft Unisex Rust Orange Travel Pouch
28655,28655.jpg,http://assets.myntassets.com/v1/images/style/properties/03024db69975ad4be6f33eb928e08f96_images.jpg,Men,Footwear,Shoes,Sports Shoes,White,Summer,2012.0,Sports,Nike Men Zoom Structure White Sports Shoes,Men Footwear Shoes Sports Shoes White Summer 2012.0 Sports Nike Men Zoom Structure White Sports Shoes
2843,2843.jpg,http://assets.myntassets.com/v1/images/style/properties/9972e0224ec65fe016e2703e8576475a_images.jpg,Men,Apparel,Topwear,Tshirts,Pink,Summer,2011.0,Casual,Mr.Men Men's Mr.Mischief Pink T-shirt,Men Apparel Topwear Tshirts Pink Summer 2011.0 Casual Mr.Men Men's Mr.Mischief Pink T-shirt
17088,17088.jpg,http://assets.myntassets.com/v1/images/style/properties/21decd2edae167eecd19870c7e879e3e_images.jpg,Women,Accessories,Wallets,Wallets,Brown,Winter,2015.0,Casual,Lino Perros Women Flower LT.Brown Wallet,Women Accessories Wallets Wallets Brown Winter 2015.0 Casual Lino Perros Women Flower LT.Brown Wallet
3991,3991.jpg,http://assets.myntassets.com/v1/images/style/properties/b102d8273537781b5cc6b28a929c501c_images.jpg,Men,Apparel,Topwear,Tshirts,White,Summer,2011.0,Casual,Mr.Men Men's Wave Rider White T-shirt,Men Apparel Topwear Tshirts White Summer 2011.0 Casual Mr.Men Men's Wave Rider White T-shirt
29787,29787.jpg,http://assets.myntassets.com/v1/images/style/properties/Basics-Men-White-T-shirt_09fac0ea8036d4de33ceec2351630e04_images.jpg,Men,Apparel,Topwear,Tshirts,White,Summer,2013.0,Casual,Basics Men White T-shirt,Men Apparel Topwear Tshirts White Summer 2013.0 Casual Basics Men White T-shirt
9497,9497.jpg,http://assets.myntassets.com/v1/images/style/properties/11371998e15f21cf032b30fdba5e972c_images.jpg,Men,Footwear,Sandal,Sandals,Black,Summer,2011.0,Casual,Decathlon Men Arpenaz Black Sandals,Men Footwear Sandal Sandals Black Summer 2011.0 Casual Decathlon Men Arpenaz Black Sandals
13428,13428.jpg,http://assets.myntassets.com/v1/images/style/properties/121642283d962bd7397e6d615345cb43_images.jpg,Men,Apparel,Topwear,Tshirts,White,Summer,2011.0,Casual,United Colors of Benetton Men Printed White Tshirts,Men Apparel Topwear Tshirts White Summer 2011.0 Casual United Colors of Benetton Men Printed White Tshirts
19112,19112.jpg,http://assets.myntassets.com/v1/images/style/properties/8dc1ff8347d5114e89baee9aeebfa68d_images.jpg,Men,Apparel,Topwear,Tshirts,Grey,Summer,2016.0,Casual,Campbell Men Pack of 3 Solid Tshirts,Men Apparel Topwear Tshirts Grey Summer 2016.0 Casual Campbell Men Pack of 3 Solid Tshirts
16966,16966.jpg,http://assets.myntassets.com/v1/images/style/properties/b4a93449c1fd4666bf2572c3d8d9763d_images.jpg,Men,Footwear,Shoes,Sports Shoes,Black,Fall,2011.0,Sports,Reebok Men Sprintfit Lite Black Sports Shoe,Men Footwear Shoes Sports Shoes Black Fall 2011.0 Sports Reebok Men Sprintfit Lite Black Sports Shoe
49662,49662.jpg,http://assets.myntassets.com/v1/images/style/properties/United-Colors-of-Benetton-Women-Sunglass_49a571ec79bd31b21bebc48eaf89dc47_images.jpg,Women,Accessories,Eyewear,Sunglasses,Black,Winter,2016.0,Casual,United Colors of Benetton Women Sunglass,Women Accessories Eyewear Sunglasses Black Winter 2016.0 Casual United Colors of Benetton Women Sunglass
20860,20860.jpg,http://assets.myntassets.com/v1/images/style/properties/d66a2ecd159e4e9b8f73856bc49cc26c_images.jpg,Women,Accessories,Eyewear,Sunglasses,Black,Winter,2016.0,Casual,United Colors of Benetton Women Casual Sunglasses,Women Accessories Eyewear Sunglasses Black Winter 2016.0 Casual United Colors of Benetton Women Casual Sunglasses
32599,32599.jpg,http://assets.myntassets.com/v1/images/style/properties/6a6896f41351e322a0beb82f444b0251_images.jpg,Women,Apparel,Topwear,Tops,Black,Summer,2012.0,Casual,ONLY Women Black Top,Women Apparel Topwear Tops Black Summer 2012.0 Casual ONLY Women Black Top
39171,39171.jpg,http://assets.myntassets.com/v1/images/style/properties/cfdb8d86d2a58e31cf47ad9106a7cf27_images.jpg,Women,Apparel,Topwear,Kurtas,Pink,Summer,2012.0,Ethnic,Aneri Women Pink & White Kurta,Women Apparel Topwear Kurtas Pink Summer 2012.0 Ethnic Aneri Women Pink & White Kurta
36905,36905.jpg,http://assets.myntassets.com/assets/images/36905/2016/5/20/11463745835251-Fossil-Men-Black-Dial-Watch-ME1113-3451463745835125-1.jpg,Men,Accessories,Watches,Watches,Black,Winter,2016.0,Casual,Fossil Men Black Dial Watch ME1113,Men Accessories Watches Watches Black Winter 2016.0 Casual Fossil Men Black Dial Watch ME1113
57932,57932.jpg,http://assets.myntassets.com/v1/images/style/properties/French-Connection-Men-White-T-shirt_48e05ffbe5d9005728594678420f7a3c_images.jpg,Men,Apparel,Topwear,Tshirts,White,Summer,2012.0,Casual,French Connection Men White T-shirt,Men Apparel Topwear Tshirts White Summer 2012.0 Casual French Connection Men White T-shirt
58146,58146.jpg,http://assets.myntassets.com/v1/images/style/properties/Puma-Unisex-Black-Backpack_93048ae205ab1474008b7a4efd4219b2_images.jpg,Unisex,Accessories,Bags,Backpacks,Black,Summer,2012.0,Casual,Puma Unisex Black Backpack,Unisex Accessories Bags Backpacks Black Summer 2012.0 Casual Puma Unisex Black Backpack
40985,40985.jpg,http://assets.myntassets.com/v1/images/style/properties/9ba6a4c84ec057a0ccd9a1a559b16531_images.jpg,Boys,Apparel,Topwear,Tshirts,White,Summer,2012.0,Casual,Gini and Jony Boys United White T-shirt,Boys Apparel Topwear Tshirts White Summer 2012.0 Casual Gini and Jony Boys United White T-shirt
41857,41857.jpg,http://assets.myntassets.com/v1/images/style/properties/5209f6e3a73471f764528cf56902d50b_images.jpg,Men,Footwear,Sandal,Sandals,Olive,Summer,2012.0,Casual,Bata Men Hummer Grey Sandals,Men Footwear Sandal Sandals Olive Summer 2012.0 Casual Bata Men Hummer Grey Sandals
59094,59094.jpg,http://assets.myntassets.com/v1/images/style/properties/Peri-Peri-Women-Black-Bra_2cf09a3a63a883806f14fa3c351007da_images.jpg,Women,Apparel,Innerwear,Bra,Black,Summer,2017.0,Casual,Peri Peri Women Black Bra,Women Apparel Innerwear Bra Black Summer 2017.0 Casual Peri Peri Women Black Bra
36139,36139.jpg,http://assets.myntassets.com/v1/images/style/properties/0834f6ae67b7891d53e9a0d612a6fe46_images.jpg,Men,Footwear,Shoes,Sports Shoes,Black,Summer,2012.0,Sports,Nike Men The Overplay VII Black Sports Shoes,Men Footwear Shoes Sports Shoes Black Summer 2012.0 Sports Nike Men The Overplay VII Black Sports Shoes
7169,7169.jpg,http://assets.myntassets.com/v1/images/style/properties/b70d4b2a4a1aab207368a75db5327917_images.jpg,Men,Apparel,Topwear,Shirts,Blue,Fall,2011.0,Casual,Scullers Men Scul Navy Blue Shirt,Men Apparel Topwear Shirts Blue Fall 2011.0 Casual Scullers Men Scul Navy Blue Shirt
28231,28231.jpg,http://assets.myntassets.com/v1/images/style/properties/0c378df9234ae3b2cf1b9f45d9fda3e3_images.jpg,Men,Personal Care,Fragrance,Deodorant,Black,Spring,2017.0,Casual,Playboy Men Malibu Deo,Men Personal Care Fragrance Deodorant Black Spring 2017.0 Casual Playboy Men Malibu Deo
13870,13870.jpg,http://assets.myntassets.com/v1/images/style/properties/0295bfcf59cb9a1066e44415b5108461_images.jpg,Men,Apparel,Topwear,Shirts,Beige,Fall,2011.0,Casual,Scullers Men Stripes Beige Shirts,Men Apparel Topwear Shirts Beige Fall 2011.0 Casual Scullers Men Stripes Beige Shirts
19576,19576.jpg,http://assets.myntassets.com/v1/images/style/properties/efa0a68179993f78b8b710b5e27f5554_images.jpg,Women,Apparel,Topwear,Tops,White,Summer,2011.0,Casual,United Colors of Benetton Women White Top,Women Apparel Topwear Tops White Summer 2011.0 Casual United Colors of Benetton Women White Top
7955,7955.jpg,http://assets.myntassets.com/v1/images/style/properties/853a100f5d3d8c1e8ef88b41ca0d2c88_images.jpg,Men,Apparel,Topwear,Tshirts,Grey,Fall,2011.0,Sports,Puma Men's Foundation Grey Polo T-shirt,Men Apparel Topwear Tshirts Grey Fall 2011.0 Sports Puma Men's Foundation Grey Polo T-shirt
8121,8121.jpg,http://assets.myntassets.com/v1/images/style/properties/Fastrack-Men-White-Stiches-Brown-Belts_d65df135bf78b95f729f5e0b4868bd3d_images.jpg,Men,Accessories,Belts,Belts,Brown,Winter,2016.0,Casual,Fastrack Men Brown Belt,Men Accessories Belts Belts Brown Winter 2016.0 Casual Fastrack Men Brown Belt
27279,27279.jpg,http://assets.myntassets.com/v1/images/style/properties/b11b94d5243d093905e5a5b20cfd4880_images.jpg,Women,Apparel,Topwear,Kurtas,Blue,Fall,2011.0,Ethnic,Mother Earth Women Blue Kurta,Women Apparel Topwear Kurtas Blue Fall 2011.0 Ethnic Mother Earth Women Blue Kurta
6887,6887.jpg,http://assets.myntassets.com/v1/images/style/properties/617c3ae8332e7ace12ceaa500bdeddec_images.jpg,Women,Apparel,Topwear,Jackets,Blue,Summer,2011.0,Casual,Forever New Women Indigo Wash Blue Jacket,Women Apparel Topwear Jackets Blue Summer 2011.0 Casual Forever New Women Indigo Wash Blue Jacket
31912,31912.jpg,http://assets.myntassets.com/v1/images/style/properties/d5aff6e7c302aeb65ba08ec3f4a81040_images.jpg,Women,Accessories,Bags,Handbags,Green,Summer,2012.0,Casual,Fabindia Women Green Sling Bag,Women Accessories Bags Handbags Green Summer 2012.0 Casual Fabindia Women Green Sling Bag
49808,49808.jpg,http://assets.myntassets.com/v1/images/style/properties/de79d341584312b09b3af7968b5146f4_images.jpg,Women,Footwear,Flip Flops,Flip Flops,Blue,Winter,2012.0,Casual,iPanema Women Blue Flip Flops,Women Footwear Flip Flops Flip Flops Blue Winter 2012.0 Casual iPanema Women Blue Flip Flops
22539,22539.jpg,http://assets.myntassets.com/v1/images/style/properties/Inc5-Women-Brown-Casual-Sandals_b942bed0e0fe8a1bdebfe77e8d6014db_images.jpg,Women,Footwear,Shoes,Heels,Brown,Winter,2012.0,Casual,Inc.5  Women Grey Flats,Women Footwear Shoes Heels Brown Winter 2012.0 Casual Inc.5  Women Grey Flats
27877,27877.jpg,http://assets.myntassets.com/v1/images/style/properties/06cc852ed1afab724ce3e88089a7e27f_images.jpg,Women,Apparel,Topwear,Shirts,Navy Blue,Summer,2012.0,Casual,Scullers For Her Women Printed Navy Blue Shirt,Women Apparel Topwear Shirts Navy Blue Summer 2012.0 Casual Scullers For Her Women Printed Navy Blue Shirt
6289,6289.jpg,http://assets.myntassets.com/v1/images/style/properties/c8c70971b1f7161865e49623121ba10a_images.jpg,Men,Apparel,Topwear,Tshirts,Brown,Summer,2011.0,Casual,Classic Polo Classic Polo Swiss Brown Tee T-Shirt,Men Apparel Topwear Tshirts Brown Summer 2011.0 Casual Classic Polo Classic Polo Swiss Brown Tee T-Shirt
28003,28003.jpg,http://assets.myntassets.com/v1/images/style/properties/2d9c7cf072865c543cf4405c798bddd3_images.jpg,Men,Apparel,Innerwear,Briefs,White,Summer,2016.0,Casual,Jockey ZONE Men Zone White Brief US18,Men Apparel Innerwear Briefs White Summer 2016.0 Casual Jockey ZONE Men Zone White Brief US18
8313,8313.jpg,http://assets.myntassets.com/v1/images/style/properties/0d5b2f896f80fc803118b823fe79d1c7_images.jpg,Women,Accessories,Bags,Handbags,Black,Winter,2016.0,Casual,Fastrack Women Nylon Black Handbag,Women Accessories Bags Handbags Black Winter 2016.0 Casual Fastrack Women Nylon Black Handbag
49034,49034.jpg,http://assets.myntassets.com/v1/images/style/properties/Lucera-Women-Silver-Ring_5d162856c37b870f1273a8fc1923b5cf_images.jpg,Women,Accessories,Jewellery,Ring,Silver,Summer,2012.0,Casual,Lucera Women Silver Ring,Women Accessories Jewellery Ring Silver Summer 2012.0 Casual Lucera Women Silver Ring
19744,19744.jpg,http://assets.myntassets.com/v1/images/style/properties/9fd9eaba65ab73f9860505d46894efb8_images.jpg,Men,Apparel,Topwear,Jackets,Green,Fall,2011.0,Casual,ADIDAS Originals Men Solid Green Jacket,Men Apparel Topwear Jackets Green Fall 2011.0 Casual ADIDAS Originals Men Solid Green Jacket
26199,26199.jpg,http://assets.myntassets.com/v1/images/style/properties/e63d4b367eeb7bfb99c2b11fa8082e75_images.jpg,Men,Personal Care,Fragrance,Perfume and Body Mist,Black,Spring,2017.0,Casual,Formula 1 Men Power Perfume,Men Personal Care Fragrance Perfume and Body Mist Black Spring 2017.0 Casual Formula 1 Men Power Perfume
47992,47992.jpg,http://assets.myntassets.com/v1/images/style/properties/Helix-Women-Black-Watch_53672b2d26b2cfa4870ab333f98b94b9_images.jpg,Women,Accessories,Watches,Watches,Black,Winter,2016.0,Casual,Helix Women Black Watch,Women Accessories Watches Watches Black Winter 2016.0 Casual Helix Women Black Watch
18696,18696.jpg,http://assets.myntassets.com/v1/images/style/properties/26cb109d81f58b1d89bd221d7111f4cf_images.jpg,Men,Apparel,Innerwear,Briefs,Black,Summer,2016.0,Casual,Hanes Men Black Ultimate Duo Dry Cotton Stretch Bikini Briefs,Men Apparel Innerwear Briefs Black Summer 2016.0 Casual Hanes Men Black Ultimate Duo Dry Cotton Stretch Bikini Briefs
2629,2629.jpg,http://assets.myntassets.com/v1/images/style/properties/3c1282e51eb6c43ff789db59376f9c02_images.jpg,Women,Footwear,Shoes,Flats,Black,Fall,2010.0,Casual,Carlton London Women Four Strapped Black Sandal,Women Footwear Shoes Flats Black Fall 2010.0 Casual Carlton London Women Four Strapped Black Sandal
14867,14867.jpg,http://assets.myntassets.com/v1/images/style/properties/442b28f764a40d8defe99095aca7bcab_images.jpg,Men,Accessories,Wallets,Wallets,Black,Summer,2011.0,Casual,United Colors of Benetton Men Solid Black Wallets,Men Accessories Wallets Wallets Black Summer 2011.0 Casual United Colors of Benetton Men Solid Black Wallets
38291,38291.jpg,http://assets.myntassets.com/v1/images/style/properties/1954feb80a70a495099a1c9b3868cebb_images.jpg,Men,Accessories,Wallets,Wallets,Black,Summer,2012.0,Casual,Reid & Taylor Men Black Wallet,Men Accessories Wallets Wallets Black Summer 2012.0 Casual Reid & Taylor Men Black Wallet
11529,11529.jpg,http://assets.myntassets.com/v1/images/style/properties/adf8000f76b545306c6e284c518a60fc_images.jpg,Men,Apparel,Topwear,Sweaters,Grey,Fall,2011.0,Casual,United Colors Of Benetton Men Heavy Winter Grey Sweaters,Men Apparel Topwear Sweaters Grey Fall 2011.0 Casual United Colors Of Benetton Men Heavy Winter Grey Sweaters
41259,41259.jpg,http://assets.myntassets.com/v1/image/style/properties/41259/Arrow-Men-Brown-Wallet_1_b251de97852a02a341c13ad721d5b8ce.jpg,Men,Accessories,Wallets,Wallets,Brown,Summer,2012.0,Casual,Arrow Men Brown Leather Wallet,Men Accessories Wallets Wallets Brown Summer 2012.0 Casual Arrow Men Brown Leather Wallet
1890,1890.jpg,http://assets.myntassets.com/v1/images/style/properties/f0fbf247458326317521ec367f72a2a7_images.jpg,Men,Apparel,Topwear,Tshirts,Red,Winter,2010.0,Casual,FIFA Mens Essentials Red T-shirt,Men Apparel Topwear Tshirts Red Winter 2010.0 Casual FIFA Mens Essentials Red T-shirt
15189,15189.jpg,http://assets.myntassets.com/v1/images/style/properties/8ecd514f28da61172ad5a38e58079315_images.jpg,Men,Apparel,Topwear,Tshirts,Green,Fall,2011.0,Casual,Arrow Sport Men Solid Green Polo Tshirts,Men Apparel Topwear Tshirts Green Fall 2011.0 Casual Arrow Sport Men Solid Green Polo Tshirts
24408,24408.jpg,http://assets.myntassets.com/v1/images/style/properties/724a329e2ac5bcf1aadfc7fda484cba9_images.jpg,Men,Footwear,Shoes,Sports Shoes,Black,Summer,2012.0,Sports,ADIDAS Men Black Vanquish Sports Shoes,Men Footwear Shoes Sports Shoes Black Summer 2012.0 Sports ADIDAS Men Black Vanquish Sports Shoes
20894,20894.jpg,http://assets.myntassets.com/v1/images/style/properties/6cdbcb8a0c91f6f08a5eca566a30ba9e_images.jpg,Men,Footwear,Shoes,Casual Shoes,Red,Fall,2011.0,Casual,Basics Men Red Casual Shoes,Men Footwear Shoes Casual Shoes Red Fall 2011.0 Casual Basics Men Red Casual Shoes
21946,21946.jpg,http://assets.myntassets.com/v1/images/style/properties/618749890e73cc6094d688ec6fa17287_images.jpg,Women,Accessories,Bags,Handbags,Black,Winter,2015.0,Casual,Murcia Women Casual Black Handbag,Women Accessories Bags Handbags Black Winter 2015.0 Casual Murcia Women Casual Black Handbag
39185,39185.jpg,http://assets.myntassets.com/v1/images/style/properties/2fb9b4426226b19e83c8363be89733e9_images.jpg,Women,Apparel,Topwear,Kurtas,Khaki,Summer,2012.0,Ethnic,Aneri Women Khaki Kurta,Women Apparel Topwear Kurtas Khaki Summer 2012.0 Ethnic Aneri Women Khaki Kurta
56028,56028.jpg,http://assets.myntassets.com/assets/images/56028/2019/1/11/79ad8d1e-ae5d-40a5-99f6-d4b4ac57867e1547190851117-Colorbar-Soft-Touch-Spring-Fling-Lipstick-023-30315471908508-1.jpg,Women,Personal Care,Lips,Lipstick,Maroon,Spring,2017.0,Casual,Colorbar Soft Touch Spring Fling Lipstick 023,Women Personal Care Lips Lipstick Maroon Spring 2017.0 Casual Colorbar Soft Touch Spring Fling Lipstick 023
40971,40971.jpg,http://assets.myntassets.com/v1/images/style/properties/e5b5823706a1c890f4300f30c92f59b2_images.jpg,Men,Footwear,Shoes,Casual Shoes,Brown,Winter,2012.0,Casual,Buckaroo Men Brown Casual Shoes,Men Footwear Shoes Casual Shoes Brown Winter 2012.0 Casual Buckaroo Men Brown Casual Shoes
52488,52488.jpg,http://assets.myntassets.com/v1/images/style/properties/Red-Rose-Red-Bra_64099f0aef908cd3497d33ddb05c43b3_images.jpg,Women,Apparel,Innerwear,Camisoles,Red,Winter,2015.0,Casual,Red Rose Red Camisole,Women Apparel Innerwear Camisoles Red Winter 2015.0 Casual Red Rose Red Camisole
59060,59060.jpg,http://assets.myntassets.com/v1/images/style/properties/Global-Desi-Women-Red-Kurta_df19e6470157467637aa52222a974e2a_images.jpg,Women,Apparel,Topwear,Kurtas,Red,Summer,2012.0,Ethnic,Global Desi Women Multi Coloured Kurta,Women Apparel Topwear Kurtas Red Summer 2012.0 Ethnic Global Desi Women Multi Coloured Kurta
4718,4718.jpg,http://assets.myntassets.com/v1/images/style/properties/1109685531795f17aca2acaba2ab39ad_images.jpg,Girls,Apparel,Topwear,Tshirts,Yellow,Summer,2011.0,Casual,Disney Kids Girl's Summer Fun Fair Yellow Teen Kidswear,Girls Apparel Topwear Tshirts Yellow Summer 2011.0 Casual Disney Kids Girl's Summer Fun Fair Yellow Teen Kidswear
56814,56814.jpg,http://assets.myntassets.com/v1/images/style/properties/Aneri-Women-Multi-Coloured-Tunic_394955836bc5b226b11e9dfcd559c900_images.jpg,Women,Apparel,Topwear,Kurtis,Multi,Summer,2012.0,Ethnic,Aneri Women Multi Coloured Kurti,Women Apparel Topwear Kurtis Multi Summer 2012.0 Ethnic Aneri Women Multi Coloured Kurti
12956,12956.jpg,http://assets.myntassets.com/v1/images/style/properties/3a9f62b28cc78e42ffc030e179f8a438_images.jpg,Men,Footwear,Shoes,Sports Shoes,Blue,Fall,2011.0,Sports,ADIDAS Men Sports Blue Sports Shoes,Men Footwear Shoes Sports Shoes Blue Fall 2011.0 Sports ADIDAS Men Sports Blue Sports Shoes
29317,29317.jpg,http://assets.myntassets.com/v1/images/style/properties/3892cb9dff0774f694ea34308089f19d_images.jpg,Unisex,Accessories,Bags,Backpacks,Blue,Summer,2012.0,Casual,ADIDAS Unisex Blue Backpack,Unisex Accessories Bags Backpacks Blue Summer 2012.0 Casual ADIDAS Unisex Blue Backpack
17418,17418.jpg,http://assets.myntassets.com/v1/images/style/properties/d2c51e11e302a66c19404b878b89258d_images.jpg,Men,Accessories,Watches,Watches,Black,Winter,2016.0,Casual,CASIO ENTICER Men Black Analogue Watch BS112 ,Men Accessories Watches Watches Black Winter 2016.0 Casual CASIO ENTICER Men Black Analogue Watch BS112 
47368,47368.jpg,http://assets.myntassets.com/v1/images/style/properties/Baggit-Women-Brown-Bag_6b49e42c5b0c732f17bf454a6ed25a78_images.jpg,Women,Accessories,Bags,Handbags,Brown,Summer,2015.0,Casual,Baggit Brown Handbag,Women Accessories Bags Handbags Brown Summer 2015.0 Casual Baggit Brown Handbag
13884,13884.jpg,http://assets.myntassets.com/v1/images/style/properties/42a205d41cbc445ed70f474ed4998964_images.jpg,Men,Apparel,Topwear,Shirts,Black,Fall,2011.0,Casual,Scullers Men Check Black Shirts,Men Apparel Topwear Shirts Black Fall 2011.0 Casual Scullers Men Check Black Shirts
19582,19582.jpg,http://assets.myntassets.com/v1/images/style/properties/255daaace4d0099d51f7de22e7cedcbd_images.jpg,Men,Apparel,Topwear,Tshirts,Grey,Summer,2011.0,Casual,United Colors of Benetton Men Printed Grey TShirt,Men Apparel Topwear Tshirts Grey Summer 2011.0 Casual United Colors of Benetton Men Printed Grey TShirt
48320,48320.jpg,http://assets.myntassets.com/v1/images/style/properties/e3d6cb0e7317d4f11dd66f6b88291da9_images.jpg,Women,Accessories,Jewellery,Bracelet,Silver,Winter,2012.0,Casual,Pitaraa Silver Omelette Thin Bracelet,Women Accessories Jewellery Bracelet Silver Winter 2012.0 Casual Pitaraa Silver Omelette Thin Bracelet
9007,9007.jpg,http://assets.myntassets.com/v1/images/style/properties/d09964022188d673f03b5b115c9e47b6_images.jpg,Women,Accessories,Bags,Handbags,Silver,Winter,2015.0,Casual,Murcia Women Silver Black Purse Silver Handbags,Women Accessories Bags Handbags Silver Winter 2015.0 Casual Murcia Women Silver Black Purse Silver Handbags
6873,6873.jpg,http://assets.myntassets.com/v1/images/style/properties/e5da26ddf18c9b985c5609f0baca8048_images.jpg,Women,Apparel,Dress,Dresses,Black,Summer,2011.0,Casual,Forever New Women's Top Black Dress,Women Apparel Dress Dresses Black Summer 2011.0 Casual Forever New Women's Top Black Dress
18450,18450.jpg,http://assets.myntassets.com/v1/images/style/properties/3322c8321e6ac84429057df99b267669_images.jpg,Women,Personal Care,Fragrance,Perfume and Body Mist,White,Spring,2017.0,Casual,Ed Hardy Life Love & Luck by Christian Audigier for Women Perfume,Women Personal Care Fragrance Perfume and Body Mist White Spring 2017.0 Casual Ed Hardy Life Love & Luck by Christian Audigier for Women Perfume
29125,29125.jpg,http://assets.myntassets.com/v1/images/style/properties/9f4e03cbd7c16ee4a0c6c6a8ff166c49_images.jpg,Women,Accessories,Eyewear,Sunglasses,White,Winter,2016.0,Casual,Vogue Women White Sunglasses,Women Accessories Eyewear Sunglasses White Winter 2016.0 Casual Vogue Women White Sunglasses
26951,26951.jpg,http://assets.myntassets.com/v1/images/style/properties/8661e9c00b03eafaf8f718a1ed058c5c_images.jpg,Women,Apparel,Topwear,Tshirts,Teal,Summer,2012.0,Casual,Jealous 21 Women Printed Teal T-shirt,Women Apparel Topwear Tshirts Teal Summer 2012.0 Casual Jealous 21 Women Printed Teal T-shirt
27883,27883.jpg,http://assets.myntassets.com/v1/images/style/properties/678a1d2dfc786e7b0ed966a151d5ca92_images.jpg,Women,Apparel,Topwear,Tshirts,Pink,Summer,2012.0,Casual,Scullers For Her Women Pink Shirt,Women Apparel Topwear Tshirts Pink Summer 2012.0 Casual Scullers For Her Women Pink Shirt
30834,30834.jpg,http://assets.myntassets.com/v1/images/style/properties/Fabindia-Women-Blue-Kurta_d3a2356bf545c420dbe6870bc5834efc_images.jpg,Women,Apparel,Topwear,Kurtas,Blue,Summer,2012.0,Ethnic,Fabindia Women Blue Kurta,Women Apparel Topwear Kurtas Blue Summer 2012.0 Ethnic Fabindia Women Blue Kurta
29919,29919.jpg,http://assets.myntassets.com/v1/images/style/properties/Police-Men-Black-Chronograph-Dial-Watch_3f4a959644fffdb92a258fd14ac4a39b_images.jpg,Men,Accessories,Watches,Watches,Black,Winter,2016.0,Casual,Police Men Black Dial Chronograph Watch PL12699JS-02,Men Accessories Watches Watches Black Winter 2016.0 Casual Police Men Black Dial Chronograph Watch PL12699JS-02
42428,42428.jpg,http://assets.myntassets.com/v1/images/style/properties/2f660848a91c238cbaa44f9f01e65a26_images.jpg,Women,Apparel,Topwear,Kurtas,Brown,Summer,2012.0,Ethnic,Aurelia Women Brown & Orange Kurta,Women Apparel Topwear Kurtas Brown Summer 2012.0 Ethnic Aurelia Women Brown & Orange Kurta
12358,12358.jpg,http://assets.myntassets.com/v1/images/style/properties/61cb9703bb506a0b9671988c015ac432_images.jpg,Men,Apparel,Topwear,Shirts,Cream,Fall,2011.0,Formal,Reid & Taylor Men Solid Cream Shirts,Men Apparel Topwear Shirts Cream Fall 2011.0 Formal Reid & Taylor Men Solid Cream Shirts
48112,48112.jpg,http://assets.myntassets.com/v1/images/style/properties/6e0e3cadb479ef0bcc1e7b328e14fdd7_images.jpg,Women,Accessories,Belts,Belts,Brown,Summer,2012.0,Casual,Fossil Women Brown Belt,Women Accessories Belts Belts Brown Summer 2012.0 Casual Fossil Women Brown Belt
9235,9235.jpg,http://assets.myntassets.com/v1/images/style/properties/1f284f26ca5c625921b49c01b0089ccc_images.jpg,Men,Apparel,Topwear,Shirts,Blue,Fall,2011.0,Formal,Mark Taylor Men Plain Blue Shirts,Men Apparel Topwear Shirts Blue Fall 2011.0 Formal Mark Taylor Men Plain Blue Shirts
14893,14893.jpg,http://assets.myntassets.com/v1/images/style/properties/ce7a82b5bff5ddefe718d8aea080c7d7_images.jpg,Women,Accessories,Accessories,Travel Accessory,Blue,Summer,2011.0,Casual,United Colors of Benetton Women Solid Blue Bags,Women Accessories Accessories Travel Accessory Blue Summer 2011.0 Casual United Colors of Benetton Women Solid Blue Bags
15941,15941.jpg,http://assets.myntassets.com/v1/images/style/properties/c7918d7e238e8a7c735d5f3adfaeb78f_images.jpg,Men,Accessories,Belts,Belts,Black,Fall,2011.0,Casual,Turtle Men Leather Black Belts,Men Accessories Belts Belts Black Fall 2011.0 Casual Turtle Men Leather Black Belts
53768,53768.jpg,http://assets.myntassets.com/v1/images/style/properties/Puma-Men-Blue-T-shirt_b9642574a453cdfbae1f58e468187928_images.jpg,Men,Apparel,Topwear,Tshirts,Blue,Summer,2012.0,Casual,Puma Men Blue T-shirt,Men Apparel Topwear Tshirts Blue Summer 2012.0 Casual Puma Men Blue T-shirt
21348,21348.jpg,http://assets.myntassets.com/v1/images/style/properties/7d9d9ce41e8d57949ccc350e9cd699de_images.jpg,Men,Accessories,Eyewear,Sunglasses,Silver,Winter,2016.0,Casual,Pal Zileri Men Casual Metal Frame Sunglasses,Men Accessories Eyewear Sunglasses Silver Winter 2016.0 Casual Pal Zileri Men Casual Metal Frame Sunglasses
59252,59252.jpg,http://assets.myntassets.com/v1/images/style/properties/Titan-Men-White-Watch_4a096c721912e73a43fff73398626a2a_images.jpg,Men,Accessories,Watches,Watches,White,Winter,2016.0,Casual,Titan Men White Dial Automatic Watch NB9365SL01,Men Accessories Watches Watches White Winter 2016.0 Casual Titan Men White Dial Automatic Watch NB9365SL01
6619,6619.jpg,http://assets.myntassets.com/v1/images/style/properties/2aacd81da075c8d9cb891276bd9dbc9e_images.jpg,Men,Footwear,Shoes,Sports Shoes,White,Summer,2011.0,Sports,ADIDAS Men's Boris White Shoe,Men Footwear Shoes Sports Shoes White Summer 2011.0 Sports ADIDAS Men's Boris White Shoe
54915,54915.jpg,http://assets.myntassets.com/v1/images/style/properties/Do-u-speak-Off-White-Men-T-shirt_61eae1ea7af11b36fa4ed14a9f99f234_images.jpg,Men,Apparel,Topwear,Tshirts,Cream,Summer,2012.0,Casual,Do u speak Cream Men T-shirt,Men Apparel Topwear Tshirts Cream Summer 2012.0 Casual Do u speak Cream Men T-shirt
50589,50589.jpg,http://assets.myntassets.com/v1/images/style/properties/59d86dcc7301f53b5b3e963148ed7f5f_images.jpg,Men,Apparel,Innerwear,Briefs,Navy Blue,Summer,2016.0,Casual,Chromozome Men Navy Blue Briefs,Men Apparel Innerwear Briefs Navy Blue Summer 2016.0 Casual Chromozome Men Navy Blue Briefs
42870,42870.jpg,http://assets.myntassets.com/v1/images/style/properties/65e0186e6f5cc9c636f5a724461328e5_images.jpg,Women,Accessories,Bags,Handbags,Purple,Summer,2012.0,Casual,French Connection Women Purple Handbag,Women Accessories Bags Handbags Purple Summer 2012.0 Casual French Connection Women Purple Handbag
18206,18206.jpg,http://assets.myntassets.com/v1/images/style/properties/ea8233bb58cd14966d58903798d6acbc_images.jpg,Men,Accessories,Headwear,Caps,Black,Fall,2011.0,Casual,Manchester United Men Solid Black Cap,Men Accessories Headwear Caps Black Fall 2011.0 Casual Manchester United Men Solid Black Cap
54129,54129.jpg,http://assets.myntassets.com/v1/images/style/properties/9f2acc54981dd59cff1ff4be9f0cc91f_images.jpg,Women,Footwear,Shoes,Heels,Beige,Winter,2012.0,Casual,Rocia Women Beige Flats,Women Footwear Shoes Heels Beige Winter 2012.0 Casual Rocia Women Beige Flats
23847,23847.jpg,http://assets.myntassets.com/v1/images/style/properties/8b1c19f33a7ab230c7b37aa9e6996f71_images.jpg,Men,Footwear,Shoes,Sports Shoes,White,Fall,2011.0,Sports,ADIDAS Men White Duramo 3 Sports Shoes,Men Footwear Shoes Sports Shoes White Fall 2011.0 Sports ADIDAS Men White Duramo 3 Sports Shoes
48576,48576.jpg,http://assets.myntassets.com/v1/images/style/properties/4ca7b866daa3c0c62dcd4415a70ba01a_images.jpg,Men,Accessories,Jewellery,Bracelet,Steel,Summer,2012.0,Casual,Revv Men Steel Bracelet,Men Accessories Jewellery Bracelet Steel Summer 2012.0 Casual Revv Men Steel Bracelet
9651,9651.jpg,http://assets.myntassets.com/v1/images/style/properties/85a672861b73e66b706c36c53bf17166_images.jpg,Men,Apparel,Topwear,Shirts,Green,Fall,2011.0,Casual,Indigo Nation Men Checks Green Shirts,Men Apparel Topwear Shirts Green Fall 2011.0 Casual Indigo Nation Men Checks Green Shirts
8783,8783.jpg,http://assets.myntassets.com/v1/images/style/properties/c5042fbf31ee45fb5f928c608dc38936_images.jpg,Men,Apparel,Topwear,Shirts,Red,Fall,2011.0,Casual,Indigo Nation Men Bling PC Red Shirt,Men Apparel Topwear Shirts Red Fall 2011.0 Casual Indigo Nation Men Bling PC Red Shirt
4972,4972.jpg,http://assets.myntassets.com/v1/images/style/properties/1444d5d46afd24d8b02cfa41cc402b50_images.jpg,Men,Apparel,Topwear,Shirts,Green,Summer,2011.0,Casual,Gini and Jony Boy's Kangaroo Green White Kidswear,Men Apparel Topwear Shirts Green Summer 2011.0 Casual Gini and Jony Boy's Kangaroo Green White Kidswear
38601,38601.jpg,http://assets.myntassets.com/v1/images/style/properties/3b6ba277e7ff2c5760bd90c3d5c464ac_images.jpg,Men,Apparel,Topwear,Tshirts,Red,Summer,2012.0,Casual,Nike Men Printed Red T-shirt,Men Apparel Topwear Tshirts Red Summer 2012.0 Casual Nike Men Printed Red T-shirt
45269,45269.jpg,http://assets.myntassets.com/assets/images/45269/2018/3/2/11519971005835-Casio-Youth-Digital-Men-Black-Small-Dial-Digital-Watch-I065-W-210-1CVDF-8321519971005729-1.jpg,Men,Accessories,Watches,Watches,Black,Summer,2017.0,Casual,CASIO Youth Series Digital Men Black Small Dial Digital Watch W-210-1CVDF I065,Men Accessories Watches Watches Black Summer 2017.0 Casual CASIO Youth Series Digital Men Black Small Dial Digital Watch W-210-1CVDF I065
11985,11985.jpg,http://assets.myntassets.com/v1/images/style/properties/4bfce78151c396213aa4ce1ad204468b_images.jpg,Men,Footwear,Shoes,Sports Shoes,Black,Fall,2011.0,Sports,Fila Men Glow Black Sports Shoes,Men Footwear Shoes Sports Shoes Black Fall 2011.0 Sports Fila Men Glow Black Sports Shoes
59636,59636.jpg,http://assets.myntassets.com/v1/images/style/properties/FNF-Pink---Green-Collection-For-Wedding-Sari_3ca2c40f68f32302fcc91da027a5ec23_images.jpg,Women,Apparel,Saree,Sarees,Sea Green,Fall,2012.0,Ethnic,FNF Sea Green Collection For Wedding Sari,Women Apparel Saree Sarees Sea Green Fall 2012.0 Ethnic FNF Sea Green Collection For Wedding Sari
15519,15519.jpg,http://assets.myntassets.com/v1/images/style/properties/1d16b7a631810087d206ebcc2af4bcea_images.jpg,Men,Footwear,Flip Flops,Flip Flops,Brown,Fall,2011.0,Casual,Rockport Men Jelba Brown Flip Flops,Men Footwear Flip Flops Flip Flops Brown Fall 2011.0 Casual Rockport Men Jelba Brown Flip Flops
10857,10857.jpg,http://assets.myntassets.com/v1/images/style/properties/0dc1b1d7f865d06c674a7cdd79a0fb02_images.jpg,Men,Apparel,Topwear,Tshirts,White,Fall,2011.0,Casual,Wrangler Men Rider Striper Polo White T-Shirts,Men Apparel Topwear Tshirts White Fall 2011.0 Casual Wrangler Men Rider Striper Polo White T-Shirts
10259,10259.jpg,http://assets.myntassets.com/v1/images/style/properties/f65d3cb6d44062c1d10bbb1fc6662ad6_images.jpg,Men,Apparel,Bottomwear,Trousers,Black,Fall,2011.0,Formal,John Miller Men Reglur Black Trousers,Men Apparel Bottomwear Trousers Black Fall 2011.0 Formal John Miller Men Reglur Black Trousers
53902,53902.jpg,http://assets.myntassets.com/v1/images/style/properties/KIARA-Women-Brown-Handbag_7ea76a5eb5e306eb2139fc4eeb1dd572_images.jpg,Women,Accessories,Bags,Handbags,Brown,Summer,2012.0,Casual,Kiara Women Brown Handbag,Women Accessories Bags Handbags Brown Summer 2012.0 Casual Kiara Women Brown Handbag
38433,38433.jpg,http://assets.myntassets.com/v1/images/style/properties/63db367d013158c0913c1a54006e8318_images.jpg,Women,Accessories,Bags,Mobile Pouch,Green,Summer,2012.0,Casual,Baggit Women Green Mobile Pouch,Women Accessories Bags Mobile Pouch Green Summer 2012.0 Casual Baggit Women Green Mobile Pouch
40529,40529.jpg,http://assets.myntassets.com/v1/images/style/properties/ffc9598b1e94bff82942673c1a3bb641_images.jpg,Women,Accessories,Watches,Watches,White,Winter,2016.0,Casual,Titan Women White Dial Watch,Women Accessories Watches Watches White Winter 2016.0 Casual Titan Women White Dial Watch
59404,59404.jpg,http://assets.myntassets.com/v1/images/style/properties/Tokyo-Talkies-Women-Blue-Top_27a7cfa009105155b58792318967328c_images.jpg,Women,Apparel,Topwear,Tops,Blue,Fall,2012.0,Casual,Tokyo Talkies Women Blue Top,Women Apparel Topwear Tops Blue Fall 2012.0 Casual Tokyo Talkies Women Blue Top
25982,25982.jpg,http://assets.myntassets.com/assets/images/25982/2017/9/16/11505544699779-JDel-Pozo-In-White-Women-Perfume-8581505544700085-1.jpg,Women,Personal Care,Fragrance,Perfume and Body Mist,White,Spring,2017.0,Casual,J. DEL POZO Women In White Perfume 100 ml,Women Personal Care Fragrance Perfume and Body Mist White Spring 2017.0 Casual J. DEL POZO Women In White Perfume 100 ml
44189,44189.jpg,http://assets.myntassets.com/v1/images/style/properties/e3361edd25f563df9fbd726877dd413d_images.jpg,Women,Footwear,Flip Flops,Flip Flops,Pink,Winter,2012.0,Casual,iPanema Women Pink Flip Flops,Women Footwear Flip Flops Flip Flops Pink Winter 2012.0 Casual iPanema Women Pink Flip Flops
24850,24850.jpg,http://assets.myntassets.com/v1/images/style/properties/319fda051993c59afd7733c81f1fe74e_images.jpg,Men,Accessories,Belts,Belts,Brown,Summer,2012.0,Formal,Indigo Nation Men Formal Brown Belts,Men Accessories Belts Belts Brown Summer 2012.0 Formal Indigo Nation Men Formal Brown Belts
23249,23249.jpg,http://assets.myntassets.com/v1/images/style/properties/ae9b19f9e5b20995dd206e0400b2dbce_images.jpg,Men,Footwear,Shoes,Formal Shoes,Black,Fall,2011.0,Formal,Arrow Men Formal Black Shoes,Men Footwear Shoes Formal Shoes Black Fall 2011.0 Formal Arrow Men Formal Black Shoes
18808,18808.jpg,http://assets.myntassets.com/v1/images/style/properties/f738249673da002d005bb3df98aa19ba_images.jpg,Men,Accessories,Belts,Belts,Navy Blue,Summer,2011.0,Casual,Peter England Men Casual Navy Blue Belt,Men Accessories Belts Belts Navy Blue Summer 2011.0 Casual Peter England Men Casual Navy Blue Belt
51669,51669.jpg,http://assets.myntassets.com/v1/image/style/properties/51669/Louis-Philippe-Men-Grey-Sunglasses_1_c75b3dc92d6a6aff6266a8b4aa6b111f.jpg,Men,Accessories,Eyewear,Sunglasses,Silver,Winter,2016.0,Casual,Louis Philippe Men Grey Sunglasses,Men Accessories Eyewear Sunglasses Silver Winter 2016.0 Casual Louis Philippe Men Grey Sunglasses
3965,3965.jpg,http://assets.myntassets.com/v1/images/style/properties/a953166dfe7afbf8aafd557a1136dc46_images.jpg,Women,Apparel,Topwear,Tops,White,Summer,2011.0,Casual,Jealous 21 Women White Sleeveless Top,Women Apparel Topwear Tops White Summer 2011.0 Casual Jealous 21 Women White Sleeveless Top
29773,29773.jpg,http://assets.myntassets.com/v1/images/style/properties/4f71fdaa2c5525b17889355b506f4fcb_images.jpg,Men,Apparel,Topwear,Shirts,Green,Summer,2012.0,Casual,Wrangler Men Green Striped Shirt,Men Apparel Topwear Shirts Green Summer 2012.0 Casual Wrangler Men Green Striped Shirt
48744,48744.jpg,http://assets.myntassets.com/v1/images/style/properties/a4913e2a3323327ef224e634f48a857c_images.jpg,Men,Accessories,Jewellery,Bangle,Steel,Summer,2015.0,Casual,Revv Men Steel Bangle,Men Accessories Jewellery Bangle Steel Summer 2015.0 Casual Revv Men Steel Bangle
17840,17840.jpg,http://assets.myntassets.com/v1/images/style/properties/c481346a8ed1ce44ec54b459af7de08a_images.jpg,Men,Footwear,Shoes,Sports Shoes,Red,Fall,2011.0,Sports,Nike Men Air Quick Handle Red Sports Shoe,Men Footwear Shoes Sports Shoes Red Fall 2011.0 Sports Nike Men Air Quick Handle Red Sports Shoe
9463,9463.jpg,http://assets.myntassets.com/v1/images/style/properties/d072eb974267faa980a5b503b57ffe29_images.jpg,Men,Apparel,Topwear,Shirts,White,Fall,2011.0,Formal,John Miller Men White Shirt,Men Apparel Topwear Shirts White Fall 2011.0 Formal John Miller Men White Shirt
18034,18034.jpg,http://assets.myntassets.com/v1/images/style/properties/24297ac545ea122a3c333be495b7b5cd_images.jpg,Women,Accessories,Bags,Handbags,Beige,Winter,2015.0,Casual,Lino Perros Women Solid Beige Handbag,Women Accessories Bags Handbags Beige Winter 2015.0 Casual Lino Perros Women Solid Beige Handbag
16992,16992.jpg,http://assets.myntassets.com/v1/images/style/properties/cbb9a5395615600720954d56a002755c_images.jpg,Women,Accessories,Belts,Belts,Black,Summer,2011.0,Casual,Puma Women Dizzy  Black Belt,Women Accessories Belts Belts Black Summer 2011.0 Casual Puma Women Dizzy  Black Belt
3159,3159.jpg,http://assets.myntassets.com/v1/images/style/properties/538e095d6e2d1fe70731f5a14c154f2a_images.jpg,Men,Footwear,Shoes,Sports Shoes,White,Fall,2010.0,Sports,Nike Men's Air Max Moto White Blue Shoe,Men Footwear Shoes Sports Shoes White Fall 2010.0 Sports Nike Men's Air Max Moto White Blue Shoe
49696,49696.jpg,http://assets.myntassets.com/v1/images/style/properties/bd05aa349b14554591eae36bb48ac733_images.jpg,Men,Free Items,Free Gifts,Ties,Blue,Summer,2012.0,Formal,Park Avenue Blue Patterned Tie,Men Free Items Free Gifts Ties Blue Summer 2012.0 Formal Park Avenue Blue Patterned Tie
14858,14858.jpg,http://assets.myntassets.com/v1/images/style/properties/a988e2db84a21293fb9597b3a3bc0348_images.jpg,Women,Accessories,Wallets,Wallets,Red,Summer,2011.0,Casual,United Colors of Benetton Women Solid Red Wallets,Women Accessories Wallets Wallets Red Summer 2011.0 Casual United Colors of Benetton Women Solid Red Wallets
33646,33646.jpg,http://assets.myntassets.com/v1/images/style/properties/affe3aa43d16e7d72433a0a2d82cfc9d_images.jpg,Men,Footwear,Sandal,Sandals,Black,Summer,2012.0,Casual,Lotto Men Ridge Black Sandals,Men Footwear Sandal Sandals Black Summer 2012.0 Casual Lotto Men Ridge Black Sandals
57303,57303.jpg,http://assets.myntassets.com/v1/images/style/properties/Rocia-Women-Brown-Sandals_3a40e00dee9152dc562fe36fca7553cc_images.jpg,Women,Footwear,Shoes,Heels,Brown,Winter,2012.0,Casual,Rocia Women Brown Wedges,Women Footwear Shoes Heels Brown Winter 2012.0 Casual Rocia Women Brown Wedges
11516,11516.jpg,http://assets.myntassets.com/v1/images/style/properties/8dfd8801f1cdaa6b3a815f6f97f6dac7_images.jpg,Women,Footwear,Shoes,Heels,Black,Winter,2015.0,Casual,Catwalk Women Lifestyle Black Heels,Women Footwear Shoes Heels Black Winter 2015.0 Casual Catwalk Women Lifestyle Black Heels
41266,41266.jpg,http://assets.myntassets.com/v1/images/style/properties/716d324f6205e0013f19ce90a73cf72e_images.jpg,Men,Accessories,Wallets,Wallets,Brown,Summer,2012.0,Casual,Arrow Men Brown Wallet,Men Accessories Wallets Wallets Brown Summer 2012.0 Casual Arrow Men Brown Wallet
20251,20251.jpg,http://assets.myntassets.com/v1/images/style/properties/2f9629f9059f8124c582c4aca13f64b9_images.jpg,Men,Apparel,Topwear,Tshirts,Grey,Fall,2011.0,Casual,Wrangler Men Heavy Grey Tshirt,Men Apparel Topwear Tshirts Grey Fall 2011.0 Casual Wrangler Men Heavy Grey Tshirt
14064,14064.jpg,http://assets.myntassets.com/v1/images/style/properties/92d24a8ca7434697dd67e7c57bfefade_images.jpg,Men,Apparel,Topwear,Tshirts,Red,Fall,2011.0,Casual,Flying Machine Men Pack of 2 Stripes Red Blue Tshirts,Men Apparel Topwear Tshirts Red Fall 2011.0 Casual Flying Machine Men Pack of 2 Stripes Red Blue Tshirts
44714,44714.jpg,http://assets.myntassets.com/v1/images/style/properties/02d77ac6bf8e51ea28378b0f1bfd7e00_images.jpg,Men,Footwear,Flip Flops,Flip Flops,Maroon,Summer,2012.0,Casual,Lotto Men Maroon Juve Flip Flop,Men Footwear Flip Flops Flip Flops Maroon Summer 2012.0 Casual Lotto Men Maroon Juve Flip Flop
5433,5433.jpg,http://assets.myntassets.com/v1/images/style/properties/d239ef6926e4717a238faba074bb369a_images.jpg,Men,Apparel,Topwear,Tshirts,Red,Summer,2011.0,Casual,Nike Men's Speed Fury Red T-shirt,Men Apparel Topwear Tshirts Red Summer 2011.0 Casual Nike Men's Speed Fury Red T-shirt
52671,52671.jpg,http://assets.myntassets.com/v1/images/style/properties/Morellato-Men-Navy-Blue-Watch_4ad3b02c33059d8b1b19a35669773445_images.jpg,Men,Accessories,Watches,Watches,Navy Blue,Winter,2016.0,Casual,Morellato Men Navy Blue Watch,Men Accessories Watches Watches Navy Blue Winter 2016.0 Casual Morellato Men Navy Blue Watch
59299,59299.jpg,http://assets.myntassets.com/v1/images/style/properties/US-Polo-Assn-Men-Striped-Blue-Shirt_38cb59ca2ee59260900514765132a7e9_images.jpg,Men,Apparel,Topwear,Shirts,Blue,Fall,2012.0,Casual,U.S. Polo Assn. Men Striped Blue Shirt,Men Apparel Topwear Shirts Blue Fall 2012.0 Casual U.S. Polo Assn. Men Striped Blue Shirt
49837,49837.jpg,http://assets.myntassets.com/v1/images/style/properties/7a1e785e8f20a59d8262680cfc1bc808_images.jpg,Women,Footwear,Flip Flops,Flip Flops,Blue,Winter,2012.0,Casual,iPanema Women Blue Flip Flops,Women Footwear Flip Flops Flip Flops Blue Winter 2012.0 Casual iPanema Women Blue Flip Flops
16733,16733.jpg,http://assets.myntassets.com/v1/images/style/properties/c409e1086cf84af1e6f56d7899e762f8_images.jpg,Men,Footwear,Flip Flops,Flip Flops,Black,Fall,2011.0,Casual,Lotto Men Earth Black Slipper,Men Footwear Flip Flops Flip Flops Black Fall 2011.0 Casual Lotto Men Earth Black Slipper
7364,7364.jpg,http://assets.myntassets.com/v1/images/style/properties/e1f82da932e688fe0f59740369c59b97_images.jpg,Men,Footwear,Shoes,Casual Shoes,Brown,Winter,2018.0,Casual,Red Tape Men's Brown casual Shoe,Men Footwear Shoes Casual Shoes Brown Winter 2018.0 Casual Red Tape Men's Brown casual Shoe
34463,34463.jpg,http://assets.myntassets.com/v1/images/style/properties/45f5e0f8c40e5d991b01139350eeb058_images.jpg,Unisex,Accessories,Bags,Backpacks,Black,Summer,2012.0,Casual,ADIDAS Unisex Black Backpack,Unisex Accessories Bags Backpacks Black Summer 2012.0 Casual ADIDAS Unisex Black Backpack
47191,47191.jpg,http://assets.myntassets.com/v1/images/style/properties/81cf8c19e59aa21dd516d55a44f49a35_images.jpg,Men,Footwear,Shoes,Formal Shoes,Black,Summer,2012.0,Formal,Franco Leone Men Black Formal Shoes,Men Footwear Shoes Formal Shoes Black Summer 2012.0 Formal Franco Leone Men Black Formal Shoes
27848,27848.jpg,http://assets.myntassets.com/v1/images/style/properties/Scullers-For-Her-Navy-Blue-T-shirt_56f07e32d99ec5e5474b65264e544103_images.jpg,Women,Apparel,Topwear,Tshirts,Navy Blue,Summer,2012.0,Casual,Scullers For Her Navy Blue T-shirt,Women Apparel Topwear Tshirts Navy Blue Summer 2012.0 Casual Scullers For Her Navy Blue T-shirt
31111,31111.jpg,http://assets.myntassets.com/v1/images/style/properties/50aba4c7dbee879034bee18e8fa647f1_images.jpg,Boys,Apparel,Bottomwear,Jeans,Black,Summer,2012.0,Casual,Gini and Jony Boys Solid Black Jeans,Boys Apparel Bottomwear Jeans Black Summer 2012.0 Casual Gini and Jony Boys Solid Black Jeans
55454,55454.jpg,http://assets.myntassets.com/v1/images/style/properties/Revlon-Velvet-Touch-Royal-Burgundy-Lipstick-96_8364f7651072ddedacc16a8acad52be2_images.jpg,Women,Personal Care,Lips,Lipstick,Burgundy,Spring,2017.0,Casual,Revlon Velvet Touch Royal Burgundy Lipstick 96,Women Personal Care Lips Lipstick Burgundy Spring 2017.0 Casual Revlon Velvet Touch Royal Burgundy Lipstick 96
12393,12393.jpg,http://assets.myntassets.com/v1/images/style/properties/c569d8aaa255bdb321a512effb457855_images.jpg,Men,Accessories,Socks,Socks,Black,Summer,2016.0,Formal,Reid & Taylor Men Solid Black Socks,Men Accessories Socks Socks Black Summer 2016.0 Formal Reid & Taylor Men Solid Black Socks
13241,13241.jpg,http://assets.myntassets.com/v1/images/style/properties/5da23ec8638584a1576b3cd09318390a_images.jpg,Men,Apparel,Topwear,Jackets,White,Fall,2011.0,Casual,Palm Tree Kids Boys Solid White Jackets,Men Apparel Topwear Jackets White Fall 2011.0 Casual Palm Tree Kids Boys Solid White Jackets
54586,54586.jpg,http://assets.myntassets.com/v1/images/style/properties/Sushilas-Women-Printed-Green-Kurta_758e45b2970842513efaae8fdd8a4581_images.jpg,Women,Apparel,Topwear,Kurtas,Green,Summer,2012.0,Ethnic,Sushilas Women Printed Green Kurta,Women Apparel Topwear Kurtas Green Summer 2012.0 Ethnic Sushilas Women Printed Green Kurta
27074,27074.jpg,http://assets.myntassets.com/v1/images/style/properties/1dbabb93c7e0219a6ef095bb9317990b_images.jpg,Women,Footwear,Shoes,Flats,Blue,Winter,2015.0,Casual,Catwalk Women Blue Casual Flats,Women Footwear Shoes Flats Blue Winter 2015.0 Casual Catwalk Women Blue Casual Flats
2616,2616.jpg,http://assets.myntassets.com/v1/images/style/properties/9dc47ec74ce6e5a62d67cbcdbd89898d_images.jpg,Women,Footwear,Shoes,Flats,Gold,Fall,2010.0,Sports,Carlton London Women Gold Wedge Sandal,Women Footwear Shoes Flats Gold Fall 2010.0 Sports Carlton London Women Gold Wedge Sandal
43531,43531.jpg,http://assets.myntassets.com/v1/images/style/properties/b8ce32e91586eb7d256b5da18a8fb5db_images.jpg,Women,Apparel,Topwear,Tops,Off White,Summer,2012.0,Casual,French Connection Women Off White Top,Women Apparel Topwear Tops Off White Summer 2012.0 Casual French Connection Women Off White Top
46271,46271.jpg,http://assets.myntassets.com/v1/images/style/properties/54bf106056279c1e825094366347668d_images.jpg,Women,Apparel,Dress,Dresses,Blue,Summer,2012.0,Casual,109F Blue A-Line Dress,Women Apparel Dress Dresses Blue Summer 2012.0 Casual 109F Blue A-Line Dress
35783,35783.jpg,http://assets.myntassets.com/v1/images/style/properties/4a41f184d3e88f812dc257f20d9e4846_images.jpg,Women,Footwear,Shoes,Heels,Turquoise Blue,Summer,2012.0,Casual,Enroute Women Turquoise Blue Flats,Women Footwear Shoes Heels Turquoise Blue Summer 2012.0 Casual Enroute Women Turquoise Blue Flats
7156,7156.jpg,http://assets.myntassets.com/v1/images/style/properties/c9748ec8d7ce34ecbc57c1a0e3cc28cd_images.jpg,Men,Apparel,Topwear,Shirts,Black,Fall,2011.0,Casual,Scullers Men Black Check Shirt,Men Apparel Topwear Shirts Black Fall 2011.0 Casual Scullers Men Black Check Shirt
22734,22734.jpg,http://assets.myntassets.com/v1/images/style/properties/a76c2bf247061dd389cf6ce4d8212dae_images.jpg,Women,Footwear,Shoes,Sports Shoes,Grey,Fall,2011.0,Sports,Nike Women Grey Lunarglide +3 Sports Shoes,Women Footwear Shoes Sports Shoes Grey Fall 2011.0 Sports Nike Women Grey Lunarglide +3 Sports Shoes
8922,8922.jpg,http://assets.myntassets.com/v1/images/style/properties/9b2e2a73312762930014e7478aead669_images.jpg,Men,Accessories,Belts,Belts,White,Fall,2011.0,Casual,Puma Men Cat  White Belt,Men Accessories Belts Belts White Fall 2011.0 Casual Puma Men Cat  White Belt
16501,16501.jpg,http://assets.myntassets.com/v1/images/style/properties/e8c71bfe20e87920a41403a43c447452_images.jpg,Men,Apparel,Topwear,Tshirts,Brown,Fall,2011.0,Casual,Locomotive Men Printed Brown TShirt,Men Apparel Topwear Tshirts Brown Fall 2011.0 Casual Locomotive Men Printed Brown TShirt
50314,50314.jpg,http://assets.myntassets.com/v1/images/style/properties/d0f66b9950ee0f818f8903b92f627daa_images.jpg,Men,Accessories,Ties,Ties,Brown,Summer,2012.0,Formal,Park Avenue Men Brown Tie,Men Accessories Ties Ties Brown Summer 2012.0 Formal Park Avenue Men Brown Tie
34651,34651.jpg,http://assets.myntassets.com/v1/images/style/properties/36a0eb09cbb983a3b0b1102e24e36391_images.jpg,Women,Footwear,Shoes,Sports Shoes,Black,Fall,2012.0,Sports,Fila Women Top Fuel Black Sports Shoes,Women Footwear Shoes Sports Shoes Black Fall 2012.0 Sports Fila Women Top Fuel Black Sports Shoes
6084,6084.jpg,http://assets.myntassets.com/v1/images/style/properties/ae3130f6a3d40667cf47cccab2431f97_images.jpg,Men,Apparel,Topwear,Tshirts,White,Summer,2011.0,Casual,UCB Men's Johny Collar With Two Tone White T-shirt,Men Apparel Topwear Tshirts White Summer 2011.0 Casual UCB Men's Johny Collar With Two Tone White T-shirt
19549,19549.jpg,http://assets.myntassets.com/v1/images/style/properties/88f26429910914fd8b5e15bce04d6e5f_images.jpg,Men,Apparel,Topwear,Sweatshirts,Grey,Fall,2011.0,Casual,United Colors of Benetton Men Solid Grey Sweatshirt,Men Apparel Topwear Sweatshirts Grey Fall 2011.0 Casual United Colors of Benetton Men Solid Grey Sweatshirt
49239,49239.jpg,http://assets.myntassets.com/v1/images/style/properties/Arrow-Men-White-Cap_aca68ecf9108eb2ee6c6d7d9dc02042a_images.jpg,Men,Accessories,Headwear,Caps,White,Fall,2012.0,Casual,Arrow Men White Cap,Men Accessories Headwear Caps White Fall 2012.0 Casual Arrow Men White Cap
31323,31323.jpg,http://assets.myntassets.com/v1/images/style/properties/a2cce2bf1bf63a510e07a50022f9d2da_images.jpg,Women,Apparel,Topwear,Kurtas,White,Summer,2012.0,Ethnic,Aurelia Women Printed Red Kurta,Women Apparel Topwear Kurtas White Summer 2012.0 Ethnic Aurelia Women Printed Red Kurta
43703,43703.jpg,http://assets.myntassets.com/v1/images/style/properties/9733239e50df24fc8fe9f8b515b72e26_images.jpg,Women,Accessories,Jewellery,Jewellery Set,Red,Summer,2012.0,Casual,Royal Diadem Red Earring & Pendant Set,Women Accessories Jewellery Jewellery Set Red Summer 2012.0 Casual Royal Diadem Red Earring & Pendant Set
13073,13073.jpg,http://assets.myntassets.com/v1/images/style/properties/26e93a4246e479e84c16a0ae547d2158_images.jpg,Men,Footwear,Shoes,Casual Shoes,White,Fall,2012.0,Casual,Numero Uno Men White Shoes,Men Footwear Shoes Casual Shoes White Fall 2012.0 Casual Numero Uno Men White Shoes
57131,57131.jpg,http://assets.myntassets.com/v1/images/style/properties/Elle-Women-Olive-Blue-Top_cd646ee8c25d177b2b5e22791bca5ca8_images.jpg,Women,Apparel,Topwear,Tops,Teal,Summer,2012.0,Casual,Elle Women Teal Top,Women Apparel Topwear Tops Teal Summer 2012.0 Casual Elle Women Teal Top
40186,40186.jpg,http://assets.myntassets.com/v1/images/style/properties/08a4b6bd0ce8b50667afaaded56c4717_images.jpg,Women,Apparel,Topwear,Kurtis,Black,Summer,2012.0,Ethnic,Mumbai Slang Women Pink & Black Kurti,Women Apparel Topwear Kurtis Black Summer 2012.0 Ethnic Mumbai Slang Women Pink & Black Kurti
58945,58945.jpg,http://assets.myntassets.com/v1/images/style/properties/Taylor-of-London-Women-White-Satin-Perfume_2b376d047c836c579b43732bdb4281f0_images.jpg,Women,Personal Care,Fragrance,Perfume and Body Mist,White,Spring,2017.0,Casual,Taylor of London Women White Satin Perfume,Women Personal Care Fragrance Perfume and Body Mist White Spring 2017.0 Casual Taylor of London Women White Satin Perfume
33474,33474.jpg,http://assets.myntassets.com/v1/images/style/properties/7cafa50ded6d7488ffad4f542e03ac10_images.jpg,Women,Accessories,Belts,Belts,Blue,Summer,2012.0,Casual,Baggit Women Chotu Dum Blue Belt,Women Accessories Belts Belts Blue Summer 2012.0 Casual Baggit Women Chotu Dum Blue Belt
59897,59897.jpg,http://assets.myntassets.com/v1/images/style/properties/Femella-Women-Yellow-Dress_3d227e50c7848fd7a20a306189f9039b_images.jpg,Women,Apparel,Dress,Dresses,Yellow,Fall,2012.0,Casual,Femella Women Yellow Dress,Women Apparel Dress Dresses Yellow Fall 2012.0 Casual Femella Women Yellow Dress
11724,11724.jpg,http://assets.myntassets.com/v1/images/style/properties/aa51b226cd0482361144698b06bb2ada_images.jpg,Women,Apparel,Topwear,Shirts,Red,Fall,2011.0,Casual,Lee Women Check Red Shirts,Women Apparel Topwear Shirts Red Fall 2011.0 Casual Lee Women Check Red Shirts
5601,5601.jpg,http://assets.myntassets.com/v1/images/style/properties/31cec799c74c62b9785cc809953ae766_images.jpg,Men,Footwear,Flip Flops,Flip Flops,Brown,Summer,2011.0,Casual,Nike Men's Splash Thong Yellow Black Flip Flop,Men Footwear Flip Flops Flip Flops Brown Summer 2011.0 Casual Nike Men's Splash Thong Yellow Black Flip Flop
20063,20063.jpg,http://assets.myntassets.com/v1/images/style/properties/ced627e0f9bf6a7499a80f9bb4d6957b_images.jpg,Women,Accessories,Mufflers,Mufflers,Black,Fall,2011.0,Casual,United Colors Of Benetton Women Black Muffler,Women Accessories Mufflers Mufflers Black Fall 2011.0 Casual United Colors Of Benetton Women Black Muffler
53591,53591.jpg,http://assets.myntassets.com/v1/images/style/properties/Q-Q-Men-White-Dial-Watch_c1f108a09b69a5333dadd64b8ac5f0eb_images.jpg,Men,Free Items,Free Gifts,Free Gifts,White,Winter,2016.0,Casual,Q&Q Men White Dial Watch,Men Free Items Free Gifts Free Gifts White Winter 2016.0 Casual Q&Q Men White Dial Watch
58179,58179.jpg,http://assets.myntassets.com/v1/images/style/properties/Rocky-S-Women-Navy-Blue-Handbag_4cf929ebebb81d77fd9698020b8a2cc5_images.jpg,Women,Accessories,Bags,Handbags,Blue,Summer,2012.0,Casual,Rocky S Women Blue Handbag,Women Accessories Bags Handbags Blue Summer 2012.0 Casual Rocky S Women Blue Handbag
39972,39972.jpg,http://assets.myntassets.com/v1/images/style/properties/GAS-Men-Casual-Shoes_b877c388a1212f0886ad1cb52e5c03fb_images.jpg,Men,Footwear,Shoes,Casual Shoes,Grey,Summer,2013.0,Casual,GAS Men Grey Campus Casual Shoes,Men Footwear Shoes Casual Shoes Grey Summer 2013.0 Casual GAS Men Grey Campus Casual Shoes
15384,15384.jpg,http://assets.myntassets.com/v1/images/style/properties/16166d165fed7105e5d1ac7c060703c7_images.jpg,Men,Footwear,Flip Flops,Flip Flops,Black,Summer,2013.0,Casual,Filac Men Hawai Black Slippers,Men Footwear Flip Flops Flip Flops Black Summer 2013.0 Casual Filac Men Hawai Black Slippers
52443,52443.jpg,http://assets.myntassets.com/v1/images/style/properties/Red-Rose-White---Green-Nightdress_b9ade01f805fa761f709eda9a04965b9_images.jpg,Women,Apparel,Loungewear and Nightwear,Nightdress,Green,Winter,2015.0,Casual,Red Rose White & Green Nightdress,Women Apparel Loungewear and Nightwear Nightdress Green Winter 2015.0 Casual Red Rose White & Green Nightdress
41868,41868.jpg,http://assets.myntassets.com/v1/images/style/properties/c6ee9c292ad6c05a9f0df2cf33de7dd7_images.jpg,Men,Footwear,Sandal,Sandals,Turquoise Blue,Summer,2015.0,Casual,Estd. 1977 Men Turquoise Blue Sandals,Men Footwear Sandal Sandals Turquoise Blue Summer 2015.0 Casual Estd. 1977 Men Turquoise Blue Sandals
36106,36106.jpg,http://assets.myntassets.com/v1/images/style/properties/849742ec275dd64e43469d1a11f20b1a_images.jpg,Men,Accessories,Wallets,Wallets,Black,Summer,2012.0,Casual,OTLS Men Laurel Black Wallet,Men Accessories Wallets Wallets Black Summer 2012.0 Casual OTLS Men Laurel Black Wallet
23282,23282.jpg,http://assets.myntassets.com/v1/images/style/properties/Maxima-Ssteele-Men-White-Watch00a0ea09f05c09b0d673ed509315d31c_images.jpg,Men,Accessories,Watches,Watches,Off White,Winter,2016.0,Casual,Maxima Men Off White Dial Watch,Men Accessories Watches Watches Off White Winter 2016.0 Casual Maxima Men Off White Dial Watch
34235,34235.jpg,http://assets.myntassets.com/v1/images/style/properties/01e1973738e23caaedbf176245af553f_images.jpg,Men,Apparel,Topwear,Tshirts,Cream,Summer,2013.0,Casual,Proline Men Cream-Coloured Polo T-Shirt,Men Apparel Topwear Tshirts Cream Summer 2013.0 Casual Proline Men Cream-Coloured Polo T-Shirt
46615,46615.jpg,http://assets.myntassets.com/v1/images/style/properties/8c496e85f70eeb3c63e5a68fb1500f55_images.jpg,Women,Footwear,Shoes,Heels,Red,Winter,2012.0,Casual,Catwalk Women Red Flats,Women Footwear Shoes Heels Red Winter 2012.0 Casual Catwalk Women Red Flats
19911,19911.jpg,http://assets.myntassets.com/v1/images/style/properties/Wildcraft-Unisex-Outdoor-Jinx-Grey-Bag_4676a6bac7ccdde9216aa50c23cc4295_images.jpg,Unisex,Accessories,Bags,Messenger Bag,Grey,Winter,2015.0,Casual,Wildcraft Unisex Grey Printed Messenger Bag,Unisex Accessories Bags Messenger Bag Grey Winter 2015.0 Casual Wildcraft Unisex Grey Printed Messenger Bag
7532,7532.jpg,http://assets.myntassets.com/v1/images/style/properties/057cfed92083e985d6dfc6fde95f6299_images.jpg,Men,Apparel,Topwear,Tshirts,Blue,Summer,2011.0,Sports,Nike Men's Encourage Blue T-shirt,Men Apparel Topwear Tshirts Blue Summer 2011.0 Sports Nike Men's Encourage Blue T-shirt
22350,22350.jpg,http://assets.myntassets.com/v1/images/style/properties/246ce1a949142a850ad580a014831782_images.jpg,Men,Apparel,Topwear,Shirts,Blue,Fall,2011.0,Casual,John Players Men Check Blue Shirt,Men Apparel Topwear Shirts Blue Fall 2011.0 Casual John Players Men Check Blue Shirt
16165,16165.jpg,http://assets.myntassets.com/v1/images/style/properties/b3ead7db8f3572f146a7d807742b9f43_images.jpg,Men,Footwear,Shoes,Casual Shoes,Tan,Fall,2011.0,Casual,Enroute Men Leather Brown Casual Shoes,Men Footwear Shoes Casual Shoes Tan Fall 2011.0 Casual Enroute Men Leather Brown Casual Shoes
2040,2040.jpg,http://assets.myntassets.com/v1/images/style/properties/6e2f96d8c460a9c1434e610f7cb6db85_images.jpg,Men,Apparel,Topwear,Tshirts,White,Fall,2010.0,Casual,ADIDAS Mens Fire White Polo T-shirt,Men Apparel Topwear Tshirts White Fall 2010.0 Casual ADIDAS Mens Fire White Polo T-shirt
30695,30695.jpg,http://assets.myntassets.com/v1/images/style/properties/Catwalk-Women-Casual-Brown-Sandals_59455438ca287eef7a3bffc3ee185dae_images.jpg,Women,Footwear,Shoes,Flats,Bronze,Winter,2012.0,Casual,Catwalk Women Bronze toned Sandals,Women Footwear Shoes Flats Bronze Winter 2012.0 Casual Catwalk Women Bronze toned Sandals
43367,43367.jpg,http://assets.myntassets.com/v1/images/style/properties/a15c48c3e83270df6c47a1f3bc40481b_images.jpg,Women,Footwear,Shoes,Flats,Black,Summer,2012.0,Casual,Reebok Women Black Casual Shoes,Women Footwear Shoes Flats Black Summer 2012.0 Casual Reebok Women Black Casual Shoes
13417,13417.jpg,http://assets.myntassets.com/v1/images/style/properties/1e59e6b2262a10894b5a829ca4a8441b_images.jpg,Men,Apparel,Topwear,Shirts,Blue,Summer,2011.0,Casual,United Colors of Benetton Men Solid Blue Shirts,Men Apparel Topwear Shirts Blue Summer 2011.0 Casual United Colors of Benetton Men Solid Blue Shirts
27622,27622.jpg,http://assets.myntassets.com/v1/images/style/properties/79ab8e426bec027b33c9e2ccac1096f1_images.jpg,Men,Apparel,Bottomwear,Trousers,Grey,Summer,2012.0,Casual,Scullers Men Grey Trousers,Men Apparel Bottomwear Trousers Grey Summer 2012.0 Casual Scullers Men Grey Trousers
55202,55202.jpg,http://assets.myntassets.com/assets/images/55202/2018/3/9/11520594836884-Lakme-Lip-Love-Hottie-Lip-Conditioner-511520594836863-1.jpg,Women,Personal Care,Lips,Lip Care,Pink,Spring,2017.0,Casual,Lakme Lip Love Hottie Lip Conditioner,Women Personal Care Lips Lip Care Pink Spring 2017.0 Casual Lakme Lip Love Hottie Lip Conditioner
3192,3192.jpg,http://assets.myntassets.com/v1/images/style/properties/395338ce9a4515b36e7b8c4a9c80546e_images.jpg,Men,Apparel,Topwear,Tshirts,Black,Summer,2011.0,Casual,Tantra Men's Prism Black T-shirt,Men Apparel Topwear Tshirts Black Summer 2011.0 Casual Tantra Men's Prism Black T-shirt
16959,16959.jpg,http://assets.myntassets.com/v1/images/style/properties/Image-Women-Classic-Eyewear-Brown-Sunglasses0c783ed9ff99d9e979cd2691a80fbda2_images.jpg,Women,Accessories,Eyewear,Sunglasses,Brown,Winter,2016.0,Casual,Image Women Classic Eyewear Brown Sunglasses,Women Accessories Eyewear Sunglasses Brown Winter 2016.0 Casual Image Women Classic Eyewear Brown Sunglasses
11340,11340.jpg,http://assets.myntassets.com/v1/images/style/properties/Lee-Men-Blue-Chicago-Fit-Jeans_856f3829ad838d43c45db753f5479abd_images.jpg,Men,Apparel,Bottomwear,Jeans,Blue,Summer,2017.0,Casual,Lee Men Blue Chicago Fit Jeans,Men Apparel Bottomwear Jeans Blue Summer 2017.0 Casual Lee Men Blue Chicago Fit Jeans
25175,25175.jpg,http://assets.myntassets.com/v1/images/style/properties/Lino-Perros-Women-Red-and-Grey-Handbagf5ea0760a0dbbb9a5e17c24aeacf70ba_images.jpg,Women,Accessories,Bags,Handbags,Red,Winter,2015.0,Casual,Lino Perros Women Red and Grey Handbag,Women Accessories Bags Handbags Red Winter 2015.0 Casual Lino Perros Women Red and Grey Handbag
10292,10292.jpg,http://assets.myntassets.com/v1/images/style/properties/Clarks-Women-Dolphin-Splash-Leather-Silver-Sandals_e55a6fa02cca3f6b6f3fa750619911d4_images.jpg,Women,Footwear,Shoes,Heels,Brown,Summer,2015.0,Casual,Clarks Women Brown Leather Heels,Women Footwear Shoes Heels Brown Summer 2015.0 Casual Clarks Women Brown Leather Heels
57555,57555.jpg,http://assets.myntassets.com/v1/images/style/properties/Lotus-Herbals-SPF-10-Tulip-Love-Lipstick-417_2ac58db59be96dc1ad1241be06c8bc01_images.jpg,Women,Personal Care,Lips,Lipstick,Pink,Spring,2017.0,,Lotus Herbals SPF-10 Tulip Love Lipstick 417,Women Personal Care Lips Lipstick Pink Spring 2017.0  Lotus Herbals SPF-10 Tulip Love Lipstick 417
52027,52027.jpg,http://assets.myntassets.com/v1/images/style/properties/c81654aaf3e8650d5c6a99e99e4b5a31_images.jpg,Unisex,Apparel,Topwear,Rain Jacket,Navy Blue,Summer,2012.0,,Just Natural Unisex Navy Blue Rain Jacket,Unisex Apparel Topwear Rain Jacket Navy Blue Summer 2012.0  Just Natural Unisex Navy Blue Rain Jacket
36562,36562.jpg,http://assets.myntassets.com/v1/images/style/properties/101d946073e86e8d42167719bab88431_images.jpg,Men,Apparel,Topwear,Tshirts,White,Summer,2012.0,Casual,Jack & Jones Men Dino White T-shirt,Men Apparel Topwear Tshirts White Summer 2012.0 Casual Jack & Jones Men Dino White T-shirt
25949,25949.jpg,http://assets.myntassets.com/v1/images/style/properties/50d3500215aaa4bc0ecb0e73210164ac_images.jpg,Women,Accessories,Scarves,Scarves,Brown,Summer,2012.0,Casual,Femella Women Printed Brown Scarf,Women Accessories Scarves Scarves Brown Summer 2012.0 Casual Femella Women Printed Brown Scarf
44142,44142.jpg,http://assets.myntassets.com/v1/images/style/properties/6c699af50a17c1f8a53d15430aab37a9_images.jpg,Men,Personal Care,Fragrance,Perfume and Body Mist,Green,Spring,2017.0,Casual,dunhill Men Fresh Perfume,Men Personal Care Fragrance Perfume and Body Mist Green Spring 2017.0 Casual dunhill Men Fresh Perfume
5265,5265.jpg,http://assets.myntassets.com/v1/images/style/properties/7469a0472f0e65203b2592bf320f6ca8_images.jpg,Unisex,Accessories,Bags,Messenger Bag,Black,Winter,2015.0,Casual,Wildcraft Unisex Black & Red Messenger Bag,Unisex Accessories Bags Messenger Bag Black Winter 2015.0 Casual Wildcraft Unisex Black & Red Messenger Bag
14632,14632.jpg,http://assets.myntassets.com/v1/images/style/properties/1c8e6ac033e34bf7c7d3982eb7f600aa_images.jpg,Men,Accessories,Mufflers,Mufflers,Green,Fall,2011.0,Casual,United Colors of Benetton Men Solid Green Mufflers,Men Accessories Mufflers Mufflers Green Fall 2011.0 Casual United Colors of Benetton Men Solid Green Mufflers
11172,11172.jpg,http://assets.myntassets.com/v1/images/style/properties/828535680403d13467099717c3de65e6_images.jpg,Men,Apparel,Topwear,Sweaters,Red,Fall,2011.0,Casual,Scullers Men Stripes Red Sweaters,Men Apparel Topwear Sweaters Red Fall 2011.0 Casual Scullers Men Stripes Red Sweaters
25347,25347.jpg,http://assets.myntassets.com/v1/images/style/properties/43c774b6529da5b6629cb54cd3d7d772_images.jpg,Men,Apparel,Innerwear,Briefs,White,Summer,2016.0,Casual,Levi's Men White Brief,Men Apparel Innerwear Briefs White Summer 2016.0 Casual Levi's Men White Brief
39718,39718.jpg,http://assets.myntassets.com/v1/images/style/properties/7c0191d27f3ddd42d63da600b164f551_images.jpg,Women,Apparel,Topwear,Tops,Beige,Summer,2012.0,Casual,Arrow Woman Beige Top,Women Apparel Topwear Tops Beige Summer 2012.0 Casual Arrow Woman Beige Top
41602,41602.jpg,http://assets.myntassets.com/v1/images/style/properties/0d64b8d2f706987c853a3f223705c91a_images.jpg,Men,Apparel,Topwear,Shirts,Navy Blue,Summer,2012.0,Casual,Basics Men Navy Shirt,Men Apparel Topwear Shirts Navy Blue Summer 2012.0 Casual Basics Men Navy Shirt
33222,33222.jpg,http://assets.myntassets.com/v1/images/style/properties/70bd637a60298d4ba5b448841f21858a_images.jpg,Women,Apparel,Topwear,Tunics,Brown,Summer,2012.0,Casual,Sepia Women Brown Tunic,Women Apparel Topwear Tunics Brown Summer 2012.0 Casual Sepia Women Brown Tunic
24295,24295.jpg,http://assets.myntassets.com/v1/images/style/properties/Quiksilver-Men-Black-Socksaba098a8187f845c6912e90b5d7bca29_images.jpg,Men,Accessories,Socks,Socks,Black,Summer,2016.0,Casual,Quiksilver Men Black Socks,Men Accessories Socks Socks Black Summer 2016.0 Casual Quiksilver Men Black Socks
57767,57767.jpg,http://assets.myntassets.com/v1/images/style/properties/Lotus-Herbals-Whiteglow-Skin-Whitening---Brightening-Masque_f74fe710ac627cda099dc0ed533bea68_images.jpg,Women,Personal Care,Skin,Face Moisturisers,White,Spring,2017.0,,Lotus Herbals Whiteglow Yogurt Skin Whitening & Brightening Face Masque 80 g,Women Personal Care Skin Face Moisturisers White Spring 2017.0  Lotus Herbals Whiteglow Yogurt Skin Whitening & Brightening Face Masque 80 g
36750,36750.jpg,http://assets.myntassets.com/v1/images/style/properties/0d3b2725d327a275c52c6f999e3982eb_images.jpg,Girls,Apparel,Dress,Dresses,Navy Blue,Summer,2012.0,Casual,Little Miss Girls Chatterbox Navy Blue Dress,Girls Apparel Dress Dresses Navy Blue Summer 2012.0 Casual Little Miss Girls Chatterbox Navy Blue Dress
37682,37682.jpg,http://assets.myntassets.com/v1/images/style/properties/d31f6013e972ceea6d6e3b234bad5bc4_images.jpg,Unisex,Accessories,Bags,Backpacks,Black,Summer,2012.0,Casual,American Tourister Unisex Black Backpack,Unisex Accessories Bags Backpacks Black Summer 2012.0 Casual American Tourister Unisex Black Backpack
34007,34007.jpg,http://assets.myntassets.com/v1/images/style/properties/6e0a7cc4e1d472f99d820275fe5f7679_images.jpg,Girls,Apparel,Topwear,Tops,Pink,Summer,2012.0,Casual,Gini and Jony Girls Pink Top,Girls Apparel Topwear Tops Pink Summer 2012.0 Casual Gini and Jony Girls Pink Top
50542,50542.jpg,http://assets.myntassets.com/v1/images/style/properties/d1e1def60617f1be6db22f46ceb4f02f_images.jpg,Men,Apparel,Innerwear,Briefs,Red,Summer,2016.0,Casual,Chromozome Men Red Briefs,Men Apparel Innerwear Briefs Red Summer 2016.0 Casual Chromozome Men Red Briefs
17285,17285.jpg,http://assets.myntassets.com/v1/images/style/properties/55878488c3dc46bc4407a383fea649ba_images.jpg,Men,Apparel,Topwear,Tshirts,Black,Fall,2011.0,Casual,U.S. Polo Assn. Men Solid Black  polo Tshirt,Men Apparel Topwear Tshirts Black Fall 2011.0 Casual U.S. Polo Assn. Men Solid Black  polo Tshirt
43969,43969.jpg,http://assets.myntassets.com/v1/images/style/properties/ff21c637f3896c771120bfb584e892e8_images.jpg,Women,Personal Care,Fragrance,Perfume and Body Mist,Black,Spring,2017.0,Casual,DKNY Women Delicious Night Perfume,Women Personal Care Fragrance Perfume and Body Mist Black Spring 2017.0 Casual DKNY Women Delicious Night Perfume
28458,28458.jpg,http://assets.myntassets.com/v1/images/style/properties/2602e7d55d1b5f690c7baedfbc98a219_images.jpg,Women,Apparel,Bottomwear,Capris,Blue,Summer,2012.0,Sports,Urban Yoga Women Blue Capris,Women Apparel Bottomwear Capris Blue Summer 2012.0 Sports Urban Yoga Women Blue Capris
22162,22162.jpg,http://assets.myntassets.com/v1/images/style/properties/5863961b3510970c2e31d466af69b32b_images.jpg,Men,Footwear,Shoes,Casual Shoes,Black,Summer,2011.0,Casual,Timberland Men Black Casual Shoes,Men Footwear Shoes Casual Shoes Black Summer 2011.0 Casual Timberland Men Black Casual Shoes
16357,16357.jpg,http://assets.myntassets.com/v1/images/style/properties/0dd6ba06c25eebe46eb03ce2761a28d0_images.jpg,Men,Apparel,Topwear,Shirts,Blue,Fall,2011.0,Formal,Peter England Men Stripes Blue Shirt,Men Apparel Topwear Shirts Blue Fall 2011.0 Formal Peter England Men Stripes Blue Shirt
46427,46427.jpg,http://assets.myntassets.com/v1/image/style/properties/46427/Timex-Men-Black-Dial-Watch_1_321fd855dc392831a8d6ec2cb66480b5.jpg,Men,Accessories,Watches,Watches,Black,Winter,2016.0,Casual,Timex Men Black Dial Watch,Men Accessories Watches Watches Black Winter 2016.0 Casual Timex Men Black Dial Watch
7700,7700.jpg,http://assets.myntassets.com/v1/images/style/properties/fabf230ba43bdd949ef5b6f97c1d7bcf_images.jpg,Women,Apparel,Topwear,Tops,Pink,Fall,2011.0,Casual,Jealous 21 Women's All Girls Dying Jealousy Pink Top,Women Apparel Topwear Tops Pink Fall 2011.0 Casual Jealous 21 Women's All Girls Dying Jealousy Pink Top
27410,27410.jpg,http://assets.myntassets.com/assets/images/27410/2017/5/19/11495196866345-Jockey-Women-Black-Lounge-Pants-3791495196865830-1.jpg,Women,Apparel,Loungewear and Nightwear,Lounge Pants,Multi,Summer,2018.0,Casual,Jockey Women Assorted Lounge Pants,Women Apparel Loungewear and Nightwear Lounge Pants Multi Summer 2018.0 Casual Jockey Women Assorted Lounge Pants
2272,2272.jpg,http://assets.myntassets.com/v1/images/style/properties/eaa9d93a50dc42462c0a04f1ee91e902_images.jpg,Men,Apparel,Topwear,Tshirts,Blue,Fall,2010.0,Sports,Nike Mens Blue Polo T-shirt,Men Apparel Topwear Tshirts Blue Fall 2010.0 Sports Nike Mens Blue Polo T-shirt
43155,43155.jpg,http://assets.myntassets.com/v1/images/style/properties/ff21386b92beb15aa045f876229a93ca_images.jpg,Women,Accessories,Watches,Watches,Black,Winter,2016.0,Casual,Fastrack Women Black Dial Watch,Women Accessories Watches Watches Black Winter 2016.0 Casual Fastrack Women Black Dial Watch
42087,42087.jpg,http://assets.myntassets.com/v1/images/style/properties/37fafc79943235067c410fe05217e8d3_images.jpg,Men,Footwear,Shoes,Sports Shoes,White,Summer,2012.0,Sports,ADIDAS Men White Aztek Shoes,Men Footwear Shoes Sports Shoes White Summer 2012.0 Sports ADIDAS Men White Aztek Shoes
8748,8748.jpg,http://assets.myntassets.com/v1/images/style/properties/13c635046e4e8b95b9212531166af8a4_images.jpg,Men,Apparel,Topwear,Shirts,Orange,Fall,2011.0,Casual,Indigo Nation Men Plain Orange Shirts,Men Apparel Topwear Shirts Orange Fall 2011.0 Casual Indigo Nation Men Plain Orange Shirts
55030,55030.jpg,http://assets.myntassets.com/v1/images/style/properties/Lakme-Absolute-Matte-Milan-Red-Lipstick-48_5f1e1f73197b7e9b11428797854762bb_images.jpg,Women,Personal Care,Lips,Lipstick,Red,Spring,2017.0,Casual,Lakme Absolute Matte Milan Red Lipstick 48,Women Personal Care Lips Lipstick Red Spring 2017.0 Casual Lakme Absolute Matte Milan Red Lipstick 48
17043,17043.jpg,http://assets.myntassets.com/v1/images/style/properties/525f30ac2bcf55f1da135dcc70a1c296_images.jpg,Men,Footwear,Shoes,Casual Shoes,Black,Summer,2013.0,Casual,Gas Men Skate 003 Casual Shoe,Men Footwear Shoes Casual Shoes Black Summer 2013.0 Casual Gas Men Skate 003 Casual Shoe
50784,50784.jpg,http://assets.myntassets.com/v1/images/style/properties/Clarks-Women-Cream-Coloured-Onslow-Beat-Leather-Wedges_d54ef67b1f4c7d4098230de69bc07b16_images.jpg,Women,Footwear,Shoes,Heels,Cream,Fall,2013.0,Casual,Clarks Women Cream Coloured Onslow Beat Leather Wedges,Women Footwear Shoes Heels Cream Fall 2013.0 Casual Clarks Women Cream Coloured Onslow Beat Leather Wedges
2888,2888.jpg,http://assets.myntassets.com/v1/images/style/properties/099e8242ba7479b2eca56824293bbfb2_images.jpg,Women,Footwear,Shoes,Heels,Brown,Winter,2015.0,Casual,Catwalk Women Wedding Heeled Bronze Heels,Women Footwear Shoes Heels Brown Winter 2015.0 Casual Catwalk Women Wedding Heeled Bronze Heels
23276,23276.jpg,http://assets.myntassets.com/v1/images/style/properties/Maxima-Ssteele-Men-Black-Watchd181fc8f59baedd6809298d2ab24b04e_images.jpg,Men,Accessories,Watches,Watches,Black,Winter,2016.0,Casual,Maxima Ssteele Men Black Watch,Men Accessories Watches Watches Black Winter 2016.0 Casual Maxima Ssteele Men Black Watch
6414,6414.jpg,http://assets.myntassets.com/v1/images/style/properties/b2f98fd8aeb72ad2dd8b76cd7468bc55_images.jpg,Men,Footwear,Flip Flops,Flip Flops,Grey,Summer,2011.0,Casual,Lotto Men's Thong Blue White Flip Flop,Men Footwear Flip Flops Flip Flops Grey Summer 2011.0 Casual Lotto Men's Thong Blue White Flip Flop
18837,18837.jpg,http://assets.myntassets.com/v1/images/style/properties/8a3eec8f2f75243d5a3cc9913d72160b_images.jpg,Men,Accessories,Belts,Belts,Brown,Summer,2011.0,Formal,Peter England Men Formal Brown Belt,Men Accessories Belts Belts Brown Summer 2011.0 Formal Peter England Men Formal Brown Belt
35313,35313.jpg,http://assets.myntassets.com/v1/images/style/properties/5ee4cbb5ba455589fad45bd33fb24914_images.jpg,Women,Accessories,Jewellery,Earrings,Silver,Winter,2016.0,Ethnic,Fabindia Women Anusuya Silver Earrings,Women Accessories Jewellery Earrings Silver Winter 2016.0 Ethnic Fabindia Women Anusuya Silver Earrings
51656,51656.jpg,http://assets.myntassets.com/v1/images/style/properties/75d5c3d2cc8fa481623002c9ca350ab7_images.jpg,Men,Accessories,Watches,Watches,Black,Winter,2016.0,Casual,Fossil Men Black Dial Chronograph Watch CH2737,Men Accessories Watches Watches Black Winter 2016.0 Casual Fossil Men Black Dial Chronograph Watch CH2737
16191,16191.jpg,http://assets.myntassets.com/v1/images/style/properties/9a3d773e0dfe93df5b2109c512b3f7b1_images.jpg,Men,Apparel,Topwear,Tshirts,White,Fall,2011.0,Casual,Puma Men Graphic White TShirt,Men Apparel Topwear Tshirts White Fall 2011.0 Casual Puma Men Graphic White TShirt
30661,30661.jpg,http://assets.myntassets.com/v1/images/style/properties/cbd13ec681d0898d4a6e43402c05f2b9_images.jpg,Men,Accessories,Eyewear,Sunglasses,Black,Winter,2016.0,Casual,Park Avenue Men Black Sunglasses,Men Accessories Eyewear Sunglasses Black Winter 2016.0 Casual Park Avenue Men Black Sunglasses
43393,43393.jpg,http://assets.myntassets.com/v1/images/style/properties/29c15deaf99c9a3a6a4e9aaa583a179b_images.jpg,Men,Accessories,Wallets,Wallets,Brown,Summer,2012.0,Casual,Lino Perros Men Brown Wallet,Men Accessories Wallets Wallets Brown Summer 2012.0 Casual Lino Perros Men Brown Wallet
26704,26704.jpg,http://assets.myntassets.com/v1/images/style/properties/c0a8afcb96adb60a55fcb4748bd21364_images.jpg,Men,Footwear,Shoes,Sports Shoes,White,Fall,2011.0,Sports,Nike Men White T-Lite 9 SL Shoes,Men Footwear Shoes Sports Shoes White Fall 2011.0 Sports Nike Men White T-Lite 9 SL Shoes
12531,12531.jpg,http://assets.myntassets.com/v1/images/style/properties/7c6e7824bf89b87b28d1e400d6483590_images.jpg,Women,Apparel,Topwear,Sweatshirts,Pink,Fall,2011.0,Casual,Puma Women Solid Pink Sweatshirts,Women Apparel Topwear Sweatshirts Pink Fall 2011.0 Casual Puma Women Solid Pink Sweatshirts
42241,42241.jpg,http://assets.myntassets.com/v1/images/style/properties/0c065355d66e08df89726a61a839a248_images.jpg,Women,Apparel,Topwear,Tops,Purple,Summer,2012.0,Casual,Sepia Women Purple Top,Women Apparel Topwear Tops Purple Summer 2012.0 Casual Sepia Women Purple Top
56473,56473.jpg,http://assets.myntassets.com/v1/images/style/properties/Streetwear-Grape-Shimmer-Nail-Polish-41_71c69c1dcc449035a7325aa960060466_images.jpg,Women,Personal Care,Nails,Nail Polish,Purple,Spring,2017.0,Casual,Streetwear Grape Shimmer Nail Polish 41,Women Personal Care Nails Nail Polish Purple Spring 2017.0 Casual Streetwear Grape Shimmer Nail Polish 41
25181,25181.jpg,http://assets.myntassets.com/v1/images/style/properties/Lino-Perros-Women-Leatherite-Brown-Handbag73bdaddb7f8433001c35385c2237060f_images.jpg,Women,Accessories,Bags,Handbags,Brown,Winter,2015.0,Casual,Lino Perros Women Leatherite Brown Handbag,Women Accessories Bags Handbags Brown Winter 2015.0 Casual Lino Perros Women Leatherite Brown Handbag
24053,24053.jpg,http://assets.myntassets.com/v1/images/style/properties/4eb872956e1b8d1387fe0f454a4bec7f_images.jpg,Men,Apparel,Topwear,Tshirts,Charcoal,Fall,2011.0,Casual,Locomotive Men Printed Charcoal T-shirt,Men Apparel Topwear Tshirts Charcoal Fall 2011.0 Casual Locomotive Men Printed Charcoal T-shirt
10266,10266.jpg,http://assets.myntassets.com/v1/images/style/properties/4269a355e474308b6e0f174cf6a9f6f0_images.jpg,Men,Footwear,Shoes,Casual Shoes,Brown,Fall,2011.0,Casual,Clarks Men Goto Hi Cola Suede Brown Shoes,Men Footwear Shoes Casual Shoes Brown Fall 2011.0 Casual Clarks Men Goto Hi Cola Suede Brown Shoes
40516,40516.jpg,http://assets.myntassets.com/v1/images/style/properties/784c5fc69221fa797570f1a3602c5bc3_images.jpg,Men,Accessories,Watches,Watches,White,Winter,2016.0,Casual,Titan Men White Dial Watch,Men Accessories Watches Watches White Winter 2016.0 Casual Titan Men White Dial Watch
15714,15714.jpg,http://assets.myntassets.com/v1/images/style/properties/45e5d30d4486c3569cb89dab80ed0c66_images.jpg,Men,Footwear,Shoes,Sports Shoes,Black,Fall,2011.0,Sports,Nike Men Free Run+ 2 Black Sports Shoes,Men Footwear Shoes Sports Shoes Black Fall 2011.0 Sports Nike Men Free Run+ 2 Black Sports Shoes
21521,21521.jpg,http://assets.myntassets.com/v1/images/style/properties/445fcfca58cd02edab12ea78d4e561fd_images.jpg,Women,Accessories,Bags,Handbags,Pink,Winter,2015.0,Casual,Kiara Women Rose Pink Handbag,Women Accessories Bags Handbags Pink Winter 2015.0 Casual Kiara Women Rose Pink Handbag
4343,4343.jpg,http://assets.myntassets.com/v1/images/style/properties/6c47906c4ede8ac1c9142bdba8e6fd63_images.jpg,Men,Footwear,Shoes,Casual Shoes,Red,Summer,2011.0,Casual,Fila Men Leonard Red Shoes,Men Footwear Shoes Casual Shoes Red Summer 2011.0 Casual Fila Men Leonard Red Shoes
5291,5291.jpg,http://assets.myntassets.com/v1/images/style/properties/f9e6c0170eadb83b2f0c082b457548a2_images.jpg,Men,Footwear,Shoes,Formal Shoes,Black,Summer,2011.0,Formal,Lee Cooper Men Black Semi Formal Shoe,Men Footwear Shoes Formal Shoes Black Summer 2011.0 Formal Lee Cooper Men Black Semi Formal Shoe
53101,53101.jpg,http://assets.myntassets.com/v1/images/style/properties/Fabindia-Silver-Earrings_1b13befaf4eb280de962dbe82b3e630a_images.jpg,Women,Accessories,Jewellery,Earrings,Silver,Winter,2016.0,Casual,Fabindia Silver Drop Earrings,Women Accessories Jewellery Earrings Silver Winter 2016.0 Casual Fabindia Silver Drop Earrings
32304,32304.jpg,http://assets.myntassets.com/v1/images/style/properties/Q-Q-Women-White-Dial-Watch_0cecd11e3c157ea36fcd2ea525d5496c_images.jpg,Women,Accessories,Watches,Watches,White,Winter,2016.0,Casual,Q&Q Women White Dial Watch,Women Accessories Watches Watches White Winter 2016.0 Casual Q&Q Women White Dial Watch
57793,57793.jpg,http://assets.myntassets.com/assets/images/57793/2018/4/27/11524809214196-Lotus-Herbals-Natural-Blend-Botanical-Compact-550-2491524809214143-1.jpg,Women,Personal Care,Makeup,Compact,Skin,Spring,2017.0,,Lotus Herbals Natural Blend Botanical Compact 550,Women Personal Care Makeup Compact Skin Spring 2017.0  Lotus Herbals Natural Blend Botanical Compact 550
10054,10054.jpg,http://assets.myntassets.com/v1/images/style/properties/dd87d19692f01880e34a6cf2b0bd9b22_images.jpg,Boys,Apparel,Topwear,Tshirts,Blue,Summer,2011.0,Sports,Reebok Kids Kkr Boy's Premium Blue Jerseys,Boys Apparel Topwear Tshirts Blue Summer 2011.0 Sports Reebok Kids Kkr Boy's Premium Blue Jerseys
4171,4171.jpg,http://assets.myntassets.com/v1/images/style/properties/461d2320504d9d9f1cbe2ebfd6ac7aae_images.jpg,Men,Footwear,Shoes,Sports Shoes,White,Summer,2011.0,Sports,Reebok Men's Easytone Inspire White Shoe,Men Footwear Shoes Sports Shoes White Summer 2011.0 Sports Reebok Men's Easytone Inspire White Shoe
45256,45256.jpg,http://assets.myntassets.com/assets/images/45256/2018/3/5/11520250788394-CASIO-Edifice-Men-Black-Dial-Watch-ED419-7241520250788213-1.jpg,Men,Accessories,Watches,Watches,Black,Winter,2016.0,Casual,Casio Edifice Men Analog Watch EF-130D-1A5VDF(ED419),Men Accessories Watches Watches Black Winter 2016.0 Casual Casio Edifice Men Analog Watch EF-130D-1A5VDF(ED419)
59609,59609.jpg,http://assets.myntassets.com/v1/images/style/properties/FNF-Khaki-Collection-for-Wedding-Sari_e65b3b145f4c03f0104f8bbe17eadbd3_images.jpg,Women,Apparel,Saree,Sarees,Khaki,Fall,2012.0,Ethnic,FNF Khaki Collection for Wedding Sari,Women Apparel Saree Sarees Khaki Fall 2012.0 Ethnic FNF Khaki Collection for Wedding Sari
15526,15526.jpg,http://assets.myntassets.com/v1/images/style/properties/206ca2bfdecb0cefc8785c43697feda1_images.jpg,Women,Footwear,Shoes,Heels,Brown,Fall,2011.0,Casual,Rockport Women Jeanie Oneband Brown Flats,Women Footwear Shoes Heels Brown Fall 2011.0 Casual Rockport Women Jeanie Oneband Brown Flats
21713,21713.jpg,http://assets.myntassets.com/v1/images/style/properties/35c54f3458b165f0a4d56996f4b17299_images.jpg,Men,Accessories,Watches,Watches,Blue,Winter,2016.0,Casual,Fossil Men Blue Dial Chronograph Watch CH2752,Men Accessories Watches Watches Blue Winter 2016.0 Casual Fossil Men Blue Dial Chronograph Watch CH2752
44384,44384.jpg,http://assets.myntassets.com/v1/images/style/properties/45d19055b3ec74a52a05ff1b687f2b4b_images.jpg,Women,Personal Care,Fragrance,Deodorant,White,Spring,2017.0,Casual,Spinz Women Enchante Deo,Women Personal Care Fragrance Deodorant White Spring 2017.0 Casual Spinz Women Enchante Deo
37676,37676.jpg,http://assets.myntassets.com/v1/images/style/properties/American-Tourister-Unisex-Black-Sling-Bag_9905935744e838263122a844a321d091_images.jpg,Unisex,Accessories,Bags,Backpacks,Black,Winter,2012.0,Casual,American Tourister Unisex Black Backpack,Unisex Accessories Bags Backpacks Black Winter 2012.0 Casual American Tourister Unisex Black Backpack
6626,6626.jpg,http://assets.myntassets.com/v1/images/style/properties/b8d8c3d8ce77c3ffbeac1bd5ab06b450_images.jpg,Men,Footwear,Shoes,Sports Shoes,Blue,Summer,2011.0,Sports,ADIDAS Men's Canon Dialect Blue Yellow Shoe,Men Footwear Shoes Sports Shoes Blue Summer 2011.0 Sports ADIDAS Men's Canon Dialect Blue Yellow Shoe
47501,47501.jpg,http://assets.myntassets.com/v1/images/style/properties/c10c4d27a1dfa714ac4ba401b38fcd88_images.jpg,Unisex,Footwear,Shoes,Casual Shoes,Red,Fall,2012.0,Casual,Footfun Kids Unisex Red Shoes,Unisex Footwear Shoes Casual Shoes Red Fall 2012.0 Casual Footfun Kids Unisex Red Shoes
17271,17271.jpg,http://assets.myntassets.com/v1/images/style/properties/eaf2af327ae5b0fbd2d32a234201ebc3_images.jpg,Men,Apparel,Topwear,Tshirts,Grey,Fall,2011.0,Casual,U.S. Polo Assn. Men Stripes DK.Grey Polo Tshirt,Men Apparel Topwear Tshirts Grey Fall 2011.0 Casual U.S. Polo Assn. Men Stripes DK.Grey Polo Tshirt
23044,23044.jpg,http://assets.myntassets.com/v1/images/style/properties/4e6ea0b454b89dda95e775e6008028ba_images.jpg,Women,Apparel,Bottomwear,Leggings,Brown,Fall,2011.0,Casual,Arrow Woman Brown Jeggings,Women Apparel Bottomwear Leggings Brown Fall 2011.0 Casual Arrow Woman Brown Jeggings
22196,22196.jpg,http://assets.myntassets.com/v1/images/style/properties/13b63be853066689953a150fe1986bba_images.jpg,Men,Footwear,Shoes,Casual Shoes,Black,Fall,2012.0,Casual,Timberland Men Black Casual Shoes,Men Footwear Shoes Casual Shoes Black Fall 2012.0 Casual Timberland Men Black Casual Shoes
51464,51464.jpg,http://assets.myntassets.com/v1/images/style/properties/bbfe4e065fd17070416c4abce9166f75_images.jpg,Women,Apparel,Topwear,Tops,Olive,Summer,2012.0,Casual,Tonga Women Olive Top,Women Apparel Topwear Tops Olive Summer 2012.0 Casual Tonga Women Olive Top
54116,54116.jpg,http://assets.myntassets.com/v1/images/style/properties/6cf3168e7917dac9509f4a01ab3ad86d_images.jpg,Women,Footwear,Shoes,Heels,Maroon,Winter,2012.0,Casual,Rocia Women Maroon Sandals,Women Footwear Shoes Heels Maroon Winter 2012.0 Casual Rocia Women Maroon Sandals
30453,30453.jpg,http://assets.myntassets.com/v1/images/style/properties/98a0a57a35f52206b545d0d06a80f2f7_images.jpg,Men,Apparel,Bottomwear,Jeans,White,Summer,2012.0,Casual,Deni Yo Men White Jeans,Men Apparel Bottomwear Jeans White Summer 2012.0 Casual Deni Yo Men White Jeans
2286,2286.jpg,http://assets.myntassets.com/v1/images/style/properties/b9c1dec897aef4542fe47e98c7c9bd1f_images.jpg,Men,Apparel,Topwear,Sweatshirts,Black,Fall,2010.0,Sports,Nike Men Black Sweatshirt,Men Apparel Topwear Sweatshirts Black Fall 2010.0 Sports Nike Men Black Sweatshirt
23878,23878.jpg,http://assets.myntassets.com/v1/images/style/properties/Fila-Women-Sleeker-Green-Check-Casual-Shoes_e76128696b560d502836137def0216a4_images.jpg,Women,Footwear,Shoes,Casual Shoes,Green,Summer,2012.0,Casual,Fila Women Sleeker Green Check Casual Shoes,Women Footwear Shoes Casual Shoes Green Summer 2012.0 Casual Fila Women Sleeker Green Check Casual Shoes
48549,48549.jpg,http://assets.myntassets.com/v1/images/style/properties/c67ec1fde92718785bad116cf8711640_images.jpg,Women,Accessories,Belts,Belts,Black,Summer,2012.0,Casual,Wrangler Women Black Belt,Women Accessories Belts Belts Black Summer 2012.0 Casual Wrangler Women Black Belt
42073,42073.jpg,http://assets.myntassets.com/v1/images/style/properties/American-Tourister-Men-Black-Coin-Passcase-Wallet_599e93f2f77d4799d61c01b15f223f99_images.jpg,Men,Accessories,Wallets,Wallets,Black,Summer,2012.0,Casual,American Tourister Men Black Wallet,Men Accessories Wallets Wallets Black Summer 2012.0 Casual American Tourister Men Black Wallet
31581,31581.jpg,http://assets.myntassets.com/v1/images/style/properties/33a4f23ed9e1dc05e97ea94ab4809301_images.jpg,Men,Apparel,Topwear,Tshirts,Blue,Summer,2012.0,Casual,Mark Taylor Men Printed Blue T-shirt,Men Apparel Topwear Tshirts Blue Summer 2012.0 Casual Mark Taylor Men Printed Blue T-shirt
3354,3354.jpg,http://assets.myntassets.com/v1/images/style/properties/d55de4814c818878d0584e90470d14d6_images.jpg,Men,Apparel,Topwear,Tshirts,White,Summer,2011.0,Casual,Myntra Men's I Give 100 Percent Work White T-shirt,Men Apparel Topwear Tshirts White Summer 2011.0 Casual Myntra Men's I Give 100 Percent Work White T-shirt
26536,26536.jpg,http://assets.myntassets.com/v1/images/style/properties/9bbb0a99f2262993b7b659959fbcf3bc_images.jpg,Men,Footwear,Shoes,Casual Shoes,White,Summer,2012.0,Casual,ID Men White Shoes,Men Footwear Shoes Casual Shoes White Summer 2012.0 Casual ID Men White Shoes
12703,12703.jpg,http://assets.myntassets.com/v1/images/style/properties/8134f87644fb5617381cc4657f69ab51_images.jpg,Women,Footwear,Shoes,Sports Shoes,White,Fall,2011.0,Sports,Nike Women Downshifter White Sports Shoes,Women Footwear Shoes Sports Shoes White Fall 2011.0 Sports Nike Women Downshifter White Sports Shoes
24605,24605.jpg,http://assets.myntassets.com/v1/images/style/properties/72c3fb257c44e102c981b960219a9cd2_images.jpg,Women,Apparel,Apparel Set,Kurta Sets,Pink,Fall,2011.0,Ethnic,Vishudh Women Pink Churidar Kurta with Dupatta,Women Apparel Apparel Set Kurta Sets Pink Fall 2011.0 Ethnic Vishudh Women Pink Churidar Kurta with Dupatta
10430,10430.jpg,http://assets.myntassets.com/v1/images/style/properties/b77929d59d81689e660446586e5e8dc3_images.jpg,Men,Apparel,Topwear,Shirts,Blue,Fall,2011.0,Casual,Flying Machine Men Ydc Blue Shirts,Men Apparel Topwear Shirts Blue Fall 2011.0 Casual Flying Machine Men Ydc Blue Shirts
56225,56225.jpg,http://assets.myntassets.com/v1/images/style/properties/SDL-by-Sweet-Dreams-Men-Black---Grey-Pyjama-Set_579efb47dce889195f28f09f2205ebaf_images.jpg,Men,Apparel,Loungewear and Nightwear,Night suits,Black,Summer,2016.0,Casual,SDL by Sweet Dreams Men Black & Grey Pyjama Set,Men Apparel Loungewear and Nightwear Night suits Black Summer 2016.0 Casual SDL by Sweet Dreams Men Black & Grey Pyjama Set
39388,39388.jpg,http://assets.myntassets.com/v1/images/style/properties/5a1df9ac28930032d37b9fa4cf5102e6_images.jpg,Men,Apparel,Bottomwear,Jeans,Black,Summer,2012.0,Casual,Peter England Men Black Jeans,Men Apparel Bottomwear Jeans Black Summer 2012.0 Casual Peter England Men Black Jeans
14090,14090.jpg,http://assets.myntassets.com/v1/images/style/properties/986d8893b024b650133e1bb88905f6ed_images.jpg,Men,Apparel,Topwear,Tshirts,Blue,Fall,2011.0,Casual,Flying Machine Men Stripes Blue Polo Tshirts,Men Apparel Topwear Tshirts Blue Fall 2011.0 Casual Flying Machine Men Stripes Blue Polo Tshirts
53757,53757.jpg,http://assets.myntassets.com/v1/images/style/properties/Puma-Women-White-Sports-Shoes_4b0310657932f48364fbe27ecbece28b_images.jpg,Women,Footwear,Shoes,Sports Shoes,White,Summer,2012.0,Sports,Puma Women Speeder Wns Ind White Sports Shoes,Women Footwear Shoes Sports Shoes White Summer 2012.0 Sports Puma Women Speeder Wns Ind White Sports Shoes
37212,37212.jpg,http://assets.myntassets.com/v1/images/style/properties/1066deb40c4f9ff773d13931b0fc2edd_images.jpg,Men,Apparel,Topwear,Shirts,Pink,Summer,2012.0,Casual,United Colors of Benetton Men Pink Shirt,Men Apparel Topwear Shirts Pink Summer 2012.0 Casual United Colors of Benetton Men Pink Shirt
4515,4515.jpg,http://assets.myntassets.com/v1/images/style/properties/25cffc1cddbfbc2ae8c8a98ee2431665_images.jpg,Men,Footwear,Shoes,Sports Shoes,White,Summer,2011.0,Sports,Puma Men's Tarun White Silver Red Shoe,Men Footwear Shoes Sports Shoes White Summer 2011.0 Sports Puma Men's Tarun White Silver Red Shoe
45632,45632.jpg,http://assets.myntassets.com/v1/images/style/properties/Park-Avenue-Men-Grey-Melange-Briefs_56048ac754f2ffdf53d4bd5d72fe66f6_images.jpg,Men,Apparel,Innerwear,Briefs,Grey Melange,Summer,2016.0,Casual,Park Avenue Men Grey Melange Briefs,Men Apparel Innerwear Briefs Grey Melange Summer 2016.0 Casual Park Avenue Men Grey Melange Briefs
51000,51000.jpg,http://assets.myntassets.com/v1/images/style/properties/Enamor-Maroon-Bra-FB06_e5c0cc72a0f04bdef5dd4123989bde97_images.jpg,Women,Apparel,Innerwear,Bra,Maroon,Summer,2018.0,Casual,Enamor Maroon Bra FB06,Women Apparel Innerwear Bra Maroon Summer 2018.0 Casual Enamor Maroon Bra FB06
7390,7390.jpg,http://assets.myntassets.com/v1/images/style/properties/e7ca97d7b2f468e63a1f84cc988c72ca_images.jpg,Men,Footwear,Shoes,Formal Shoes,Brown,Winter,2018.0,Formal,Red Tape Men Brown Shoes,Men Footwear Shoes Formal Shoes Brown Winter 2018.0 Formal Red Tape Men Brown Shoes
35545,35545.jpg,http://assets.myntassets.com/v1/images/style/properties/7b3e15ecc237a90cd98b7e886bcda7f9_images.jpg,Girls,Footwear,Sandal,Sandals,Brown,Summer,2012.0,Casual,Enroute Teens Brown Sandals,Girls Footwear Sandal Sandals Brown Summer 2012.0 Casual Enroute Teens Brown Sandals
6242,6242.jpg,http://assets.myntassets.com/v1/images/style/properties/4ee9c897d673a21972f79ef041f6ec99_images.jpg,Women,Apparel,Topwear,Tshirts,Purple,Summer,2011.0,Casual,Lee Women's Rihana Purple T-shirt,Women Apparel Topwear Tshirts Purple Summer 2011.0 Casual Lee Women's Rihana Purple T-shirt
47165,47165.jpg,http://assets.myntassets.com/v1/images/style/properties/39b0b9be2b05463a185fe1d3b4005530_images.jpg,Men,Accessories,Belts,Belts,Black,Summer,2012.0,Casual,Peter England Men Black Belt,Men Accessories Belts Belts Black Summer 2012.0 Casual Peter England Men Black Belt
17615,17615.jpg,http://assets.myntassets.com/v1/images/style/properties/1cbaf5223bd7a31025df3c3aa9a6d7f5_images.jpg,Boys,Apparel,Topwear,Tshirts,White,Fall,2011.0,Casual,Doodle Boys living Upto White Tshirt,Boys Apparel Topwear Tshirts White Fall 2011.0 Casual Doodle Boys living Upto White Tshirt
48911,48911.jpg,http://assets.myntassets.com/v1/images/style/properties/689ceb9bdda2404dc4bc1576c3a6d518_images.jpg,Women,Accessories,Jewellery,Pendant,Silver,Summer,2013.0,Casual,Lucera Women Silver Pendant with Chain,Women Accessories Jewellery Pendant Silver Summer 2013.0 Casual Lucera Women Silver Pendant with Chain
29926,29926.jpg,http://assets.myntassets.com/v1/images/style/properties/ada30bf5dbd77bcb3ca30ee15882ce9b_images.jpg,Men,Accessories,Watches,Watches,Black,Winter,2016.0,Casual,Police Men Black Dial Watch PL12778MSU-61,Men Accessories Watches Watches Black Winter 2016.0 Casual Police Men Black Dial Watch PL12778MSU-61
42417,42417.jpg,http://assets.myntassets.com/v1/images/style/properties/6b763aa4dcd9e287b442f0ebe3e26122_images.jpg,Unisex,Accessories,Accessories,Messenger Bag,Purple,Summer,2012.0,Casual,American Tourister Unisex Purple Messenger Bag,Unisex Accessories Accessories Messenger Bag Purple Summer 2012.0 Casual American Tourister Unisex Purple Messenger Bag
3730,3730.jpg,http://assets.myntassets.com/v1/images/style/properties/3d5795ec77c53b0030af8f5caed06a51_images.jpg,Men,Apparel,Topwear,Tshirts,Yellow,Summer,2011.0,Sports,CSK Mens Fangear Yellow Jersey,Men Apparel Topwear Tshirts Yellow Summer 2011.0 Sports CSK Mens Fangear Yellow Jersey
26152,26152.jpg,http://assets.myntassets.com/v1/images/style/properties/bf2cc8065bd15d652e9309cba750c6db_images.jpg,Men,Apparel,Bottomwear,Trousers,Grey,Summer,2012.0,Formal,John Miller Men Striped Grey Trousers,Men Apparel Bottomwear Trousers Grey Summer 2012.0 Formal John Miller Men Striped Grey Trousers
