id,filename,link,gender,masterCategory,subCategory,articleType,baseColour,season,year,usage,productDisplayName,text
15970,15970.jpg,http://assets.myntassets.com/v1/images/style/properties/7a5b82d1372a7a5c6de67ae7a314fd91_images.jpg,Men,Apparel,Topwear,Shirts,Navy Blue,Fall,2011.0,Casual,Turtle Check Men Navy Blue Shirt,Men Apparel Topwear Shirts Navy Blue Fall 2011.0 Casual Turtle Check Men Navy Blue Shirt
39386,39386.jpg,http://assets.myntassets.com/v1/images/style/properties/4850873d0c417e6480a26059f83aac29_images.jpg,Men,Apparel,Bottomwear,Jeans,Blue,Summer,2012.0,Casual,Peter England Men Party Blue Jeans,Men Apparel Bottomwear Jeans Blue Summer 2012.0 Casual Peter England Men Party Blue Jeans
59263,59263.jpg,http://assets.myntassets.com/v1/images/style/properties/Titan-Women-Silver-Watch_b4ef04538840c0020e4829ecc042ead1_images.jpg,Women,Accessories,Watches,Watches,Silver,Winter,2016.0,Casual,Titan Women Silver Watch,Women Accessories Watches Watches Silver Winter 2016.0 Casual Titan Women Silver Watch
21379,21379.jpg,http://assets.myntassets.com/v1/images/style/properties/8153dc35d9a5420eeb93922067137db6_images.jpg,Men,Apparel,Bottomwear,Track Pants,Black,Fall,2011.0,Casual,Manchester United Men Solid Black Track Pants,Men Apparel Bottomwear Track Pants Black Fall 2011.0 Casual Manchester United Men Solid Black Track Pants
53759,53759.jpg,http://assets.myntassets.com/v1/images/style/properties/Puma-Men-Grey-T-shirt_32668f8a61454d0cc028a808cf21b383_images.jpg,Men,Apparel,Topwear,Tshirts,Grey,Summer,2012.0,Casual,Puma Men Grey T-shirt,Men Apparel Topwear Tshirts Grey Summer 2012.0 Casual Puma Men Grey T-shirt
1855,1855.jpg,http://assets.myntassets.com/v1/images/style/properties/9c1b19682ecf926c296f520d5d6e0972_images.jpg,Men,Apparel,Topwear,Tshirts,Grey,Summer,2011.0,Casual,Inkfruit Mens Chain Reaction T-shirt,Men Apparel Topwear Tshirts Grey Summer 2011.0 Casual Inkfruit Mens Chain Reaction T-shirt
30805,30805.jpg,http://assets.myntassets.com/v1/images/style/properties/06e9d4231254fdb2c7fe967ad413ad7b_images.jpg,Men,Apparel,Topwear,Shirts,Green,Summer,2012.0,Ethnic,Fabindia Men Striped Green Shirt,Men Apparel Topwear Shirts Green Summer 2012.0 Ethnic Fabindia Men Striped Green Shirt
26960,26960.jpg,http://assets.myntassets.com/v1/images/style/properties/45ddbc6a15140556214e15923244755b_images.jpg,Women,Apparel,Topwear,Shirts,Purple,Summer,2012.0,Casual,Jealous 21 Women Purple Shirt,Women Apparel Topwear Shirts Purple Summer 2012.0 Casual Jealous 21 Women Purple Shirt
29114,29114.jpg,http://assets.myntassets.com/v1/images/style/properties/4ca8848ab441378a392d9d5bf0b0f3c7_images.jpg,Men,Accessories,Socks,Socks,Navy Blue,Summer,2012.0,Casual,Puma Men Pack of 3 Socks,Men Accessories Socks Socks Navy Blue Summer 2012.0 Casual Puma Men Pack of 3 Socks
30039,30039.jpg,http://assets.myntassets.com/v1/images/style/properties/Skagen-Men-Black-Watch_4982b2b1a76a85a85c9adc8b4b2d523a_images.jpg,Men,Accessories,Watches,Watches,Black,Winter,2016.0,Casual,Skagen Men Black Watch,Men Accessories Watches Watches Black Winter 2016.0 Casual Skagen Men Black Watch
9204,9204.jpg,http://assets.myntassets.com/v1/images/style/properties/051d64772f1b38ff476fbf0a807f365a_images.jpg,Men,Footwear,Shoes,Casual Shoes,Black,Summer,2011.0,Casual,Puma Men Future Cat Remix SF Black Casual Shoes,Men Footwear Shoes Casual Shoes Black Summer 2011.0 Casual Puma Men Future Cat Remix SF Black Casual Shoes
48123,48123.jpg,http://assets.myntassets.com/v1/images/style/properties/8eee4563e14cf451b07f27761fd6535f_images.jpg,Women,Accessories,Belts,Belts,Black,Summer,2012.0,Casual,Fossil Women Black Huarache Weave Belt,Women Accessories Belts Belts Black Summer 2012.0 Casual Fossil Women Black Huarache Weave Belt
18653,18653.jpg,http://assets.myntassets.com/v1/images/style/properties/53690e3f396f411e184b249672d6ebae_images.jpg,Men,Footwear,Flip Flops,Flip Flops,Black,Fall,2011.0,Casual,Fila Men Cush Flex Black Slippers,Men Footwear Flip Flops Flip Flops Black Fall 2011.0 Casual Fila Men Cush Flex Black Slippers
47957,47957.jpg,http://assets.myntassets.com/v1/images/style/properties/Murcia-Women-Blue-Handbag_13cfaff26872c298112a8e7da15c1e1d_images.jpg,Women,Accessories,Bags,Handbags,Blue,Summer,2012.0,Casual,Murcia Women Blue Handbag,Women Accessories Bags Handbags Blue Summer 2012.0 Casual Murcia Women Blue Handbag
46885,46885.jpg,http://assets.myntassets.com/v1/images/style/properties/5cab6a2305d0e63142f721228aa6d293_images.jpg,Boys,Footwear,Flip Flops,Flip Flops,Navy Blue,Fall,2012.0,Casual,Ben 10 Boys Navy Blue Slippers,Boys Footwear Flip Flops Flip Flops Navy Blue Fall 2012.0 Casual Ben 10 Boys Navy Blue Slippers
12369,12369.jpg,http://assets.myntassets.com/v1/images/style/properties/8bc9be576081baae77e8561b1132288f_images.jpg,Men,Apparel,Topwear,Shirts,Purple,Fall,2011.0,Formal,Reid & Taylor Men Check Purple Shirts,Men Apparel Topwear Shirts Purple Fall 2011.0 Formal Reid & Taylor Men Check Purple Shirts
29928,29928.jpg,http://assets.myntassets.com/v1/images/style/properties/Police-Men-Black-Dial-Watch_5bd8cae4fc61052a6f00cfcd69c4a936_images.jpg,Men,Accessories,Watches,Watches,Black,Winter,2016.0,Casual,Police Men Black Dial Watch PL12889JVSB,Men Accessories Watches Watches Black Winter 2016.0 Casual Police Men Black Dial Watch PL12889JVSB
42419,42419.jpg,http://assets.myntassets.com/v1/images/style/properties/f3964f76c78edd85f4512d98b26d52e9_images.jpg,Girls,Apparel,Topwear,Tops,White,Summer,2012.0,Casual,Gini and Jony Girls Knit White Top,Girls Apparel Topwear Tops White Summer 2012.0 Casual Gini and Jony Girls Knit White Top
51832,51832.jpg,http://assets.myntassets.com/v1/image/style/properties/51832/Bwitch-Beige-Full-Coverage-Bra-BW335_1_d516fa94f14f0a5ecc90df7754390eb5.jpg,Women,Apparel,Innerwear,Bra,Beige,Summer,2016.0,Casual,Bwitch Beige Full-Coverage Bra BW335,Women Apparel Innerwear Bra Beige Summer 2016.0 Casual Bwitch Beige Full-Coverage Bra BW335
47359,47359.jpg,http://assets.myntassets.com/v1/images/style/properties/b14c7bf275c6edca3e849200fb7cbf6c_images.jpg,Women,Accessories,Bags,Handbags,Brown,Summer,2012.0,Casual,Baggit Women Brown Handbag,Women Accessories Bags Handbags Brown Summer 2012.0 Casual Baggit Women Brown Handbag
17429,17429.jpg,http://assets.myntassets.com/assets/images/17429/2018/3/5/11520250143953-CASIO-G-Shock-Men-Black-Digital-Watch-G223-8211520250143786-1.jpg,Men,Accessories,Watches,Watches,Black,Winter,2016.0,Casual,CASIO G-Shock Men Black Digital Watch G-7710-1DR G223,Men Accessories Watches Watches Black Winter 2016.0 Casual CASIO G-Shock Men Black Digital Watch G-7710-1DR G223
12967,12967.jpg,http://assets.myntassets.com/v1/images/style/properties/c5a22e9ccf9b10e0a89ffbbf3e386584_images.jpg,Men,Footwear,Sandal,Sandals,Black,Fall,2011.0,Casual,ADIDAS Men Spry M Black Sandals,Men Footwear Sandal Sandals Black Fall 2011.0 Casual ADIDAS Men Spry M Black Sandals
6842,6842.jpg,http://assets.myntassets.com/v1/images/style/properties/92589dc7416b70f1a5c6a4c1f13d14e3_images.jpg,Unisex,Accessories,Shoe Accessories,Shoe Accessories,Black,Summer,2011.0,Casual,Timberland Unisex Rubber Sole Brush Shoe Accessories,Unisex Accessories Shoe Accessories Shoe Accessories Black Summer 2011.0 Casual Timberland Unisex Rubber Sole Brush Shoe Accessories
13089,13089.jpg,http://assets.myntassets.com/v1/images/style/properties/59912a0287751ff0475c8748dbcf4ea0_images.jpg,Men,Apparel,Topwear,Sweatshirts,Grey,Fall,2011.0,Sports,ADIDAS Men Lfc Auth Hood Grey Sweatshirts,Men Apparel Topwear Sweatshirts Grey Fall 2011.0 Sports ADIDAS Men Lfc Auth Hood Grey Sweatshirts
18461,18461.jpg,http://assets.myntassets.com/v1/images/style/properties/3295fc148576955745c0b259d7968727_images.jpg,Men,Personal Care,Fragrance,Deodorant,White,Spring,2017.0,Casual,David Beckham Signature Men Deos,Men Personal Care Fragrance Deodorant White Spring 2017.0 Casual David Beckham Signature Men Deos
9036,9036.jpg,http://assets.myntassets.com/v1/images/style/properties/06edc2da9c6d103d299e5e8dafc5b6b9_images.jpg,Men,Footwear,Shoes,Formal Shoes,Black,Winter,2011.0,Formal,Buckaroo Men Flores Black Formal Shoes,Men Footwear Shoes Formal Shoes Black Winter 2011.0 Formal Buckaroo Men Flores Black Formal Shoes
48311,48311.jpg,http://assets.myntassets.com/v1/images/style/properties/Pitaraa-Women-Golden-Brass-Bead-Bracelet_179aa06939858b54e8e6c80fe12d94d5_images.jpg,Women,Accessories,Jewellery,Bracelet,Bronze,Winter,2012.0,Casual,Pitaraa Women Bronze Beaded Bracelet,Women Accessories Jewellery Bracelet Bronze Winter 2012.0 Casual Pitaraa Women Bronze Beaded Bracelet
7990,7990.jpg,http://assets.myntassets.com/v1/images/style/properties/296a8c388d05d67346db88af27d3b763_images.jpg,Men,Apparel,Topwear,Tshirts,Navy Blue,Fall,2011.0,Sports,Fila Men's Round Neck Navy Blue T-shirt,Men Apparel Topwear Tshirts Navy Blue Fall 2011.0 Sports Fila Men's Round Neck Navy Blue T-shirt
56019,56019.jpg,http://assets.myntassets.com/assets/images/56019/2019/1/11/49d718c4-6d86-42d1-8d00-1ce4b7851b2c1547190759839-Colorbar-Soft-Touch-Show-Stopper-Copper-Lipstick-037-2715471-1.jpg,Women,Personal Care,Lips,Lipstick,Brown,Spring,2017.0,Casual,Colorbar Soft Touch Show Stopper Copper Lipstick 037,Women Personal Care Lips Lipstick Brown Spring 2017.0 Casual Colorbar Soft Touch Show Stopper Copper Lipstick 037
21977,21977.jpg,http://assets.myntassets.com/v1/images/style/properties/88d0bc675d72477729f38c30332e749a_images.jpg,Women,Accessories,Bags,Handbags,Brown,Winter,2015.0,Casual,Murcia Women Casual Brown Handbag,Women Accessories Bags Handbags Brown Winter 2015.0 Casual Murcia Women Casual Brown Handbag
37812,37812.jpg,http://assets.myntassets.com/v1/images/style/properties/3af9f145845d8453a066322de35980af_images.jpg,Men,Apparel,Topwear,Shirts,Navy Blue,Summer,2012.0,Formal,John Players Men Navy Blue Shirt,Men Apparel Topwear Shirts Navy Blue Summer 2012.0 Formal John Players Men Navy Blue Shirt
4729,4729.jpg,http://assets.myntassets.com/v1/images/style/properties/0108969213975af06095ff84a0ec0c72_images.jpg,Boys,Apparel,Topwear,Tshirts,Green,Summer,2011.0,Casual,Disney Kids Boy's Crew Sea Life Sialing Green Teen Kidswear,Boys Apparel Topwear Tshirts Green Summer 2011.0 Casual Disney Kids Boy's Crew Sea Life Sialing Green Teen Kidswear
56825,56825.jpg,http://assets.myntassets.com/v1/images/style/properties/John-Players-Men-Brown-Shirt_7eec3b0568f65dc8f39a534376538551_images.jpg,Men,Apparel,Topwear,Shirts,Brown,Summer,2012.0,Casual,John Players Men Brown Shirt,Men Apparel Topwear Shirts Brown Summer 2012.0 Casual John Players Men Brown Shirt
39988,39988.jpg,http://assets.myntassets.com/v1/images/style/properties/9c3d77147758ab10f12caf6184fe13ef_images.jpg,Men,Footwear,Shoes,Casual Shoes,White,Winter,2014.0,Casual,Gas Men Europa White Shoes,Men Footwear Shoes Casual Shoes White Winter 2014.0 Casual Gas Men Europa White Shoes
59051,59051.jpg,http://assets.myntassets.com/v1/images/style/properties/Carlton-London-Women-Black-Gladiator-Sandals_b8f695202ccc1889f65d57b4000a888f_images.jpg,Women,Footwear,Shoes,Flats,Black,Winter,2012.0,Casual,Carlton London Women Black & Gold Toned Flats,Women Footwear Shoes Flats Black Winter 2012.0 Casual Carlton London Women Black & Gold Toned Flats
20099,20099.jpg,http://assets.myntassets.com/v1/images/style/properties/08a0c29d2ea67ca9449aa54466f6b0a1_images.jpg,Women,Apparel,Topwear,Kurtas,Green,Fall,2011.0,Ethnic,Diva Women Embroided Green Kurta,Women Apparel Topwear Kurtas Green Fall 2011.0 Ethnic Diva Women Embroided Green Kurta
58183,58183.jpg,http://assets.myntassets.com/v1/images/style/properties/Rocky-S-Women-White-Handbag_1440a0abd2ddaf3199965e604831b164_images.jpg,Women,Accessories,Bags,Handbags,White,Summer,2012.0,Casual,Rocky S Women White Handbag,Women Accessories Bags Handbags White Summer 2012.0 Casual Rocky S Women White Handbag
29742,29742.jpg,http://assets.myntassets.com/v1/images/style/properties/8b58c65e5634233b165c40cdbbcf58b8_images.jpg,Women,Accessories,Bags,Handbags,Teal,Summer,2012.0,Casual,Kiara Women Teal Handbag,Women Accessories Bags Handbags Teal Summer 2012.0 Casual Kiara Women Teal Handbag
51658,51658.jpg,http://assets.myntassets.com/v1/images/style/properties/072af0cd079f20296c72f3594a21f141_images.jpg,Women,Accessories,Watches,Watches,Copper,Winter,2016.0,Casual,Fossil Women Copper Chronograph Watch CH2589,Women Accessories Watches Watches Copper Winter 2016.0 Casual Fossil Women Copper Chronograph Watch CH2589
3954,3954.jpg,http://assets.myntassets.com/v1/images/style/properties/b56e261f9206aa95e42c43f4e62d0e5a_images.jpg,Women,Apparel,Topwear,Tshirts,Pink,Summer,2011.0,Casual,Jealous 21 Women's Pink T-shirt,Women Apparel Topwear Tshirts Pink Summer 2011.0 Casual Jealous 21 Women's Pink T-shirt
18839,18839.jpg,http://assets.myntassets.com/v1/images/style/properties/Peter-England-Men-Formal-Black-Beltbc472bd919c505690ecbc1eed8af7fbf_images.jpg,Men,Accessories,Belts,Belts,Black,Fall,2011.0,Formal,Peter England Men Formal Black Belt,Men Accessories Belts Belts Black Fall 2011.0 Formal Peter England Men Formal Black Belt
2886,2886.jpg,http://assets.myntassets.com/v1/images/style/properties/94a9deea53125663d9bbe61cb38b84b4_images.jpg,Women,Footwear,Shoes,Flats,Brown,Winter,2015.0,Casual,Catwalk Women Leather Brown Flats,Women Footwear Shoes Flats Brown Winter 2015.0 Casual Catwalk Women Leather Brown Flats
23278,23278.jpg,http://assets.myntassets.com/v1/images/style/properties/93aa34922c6446706c003ba2255747f5_images.jpg,Men,Accessories,Watches,Watches,Off White,Winter,2016.0,Casual,Maxima Ssteele Men Off White Watch,Men Accessories Watches Watches Off White Winter 2016.0 Casual Maxima Ssteele Men Off White Watch
28690,28690.jpg,http://assets.myntassets.com/v1/images/style/properties/df0a23e732654c5e7db3888e39393e79_images.jpg,Women,Apparel,Topwear,Kurtas,Beige,Summer,2012.0,Ethnic,W Women Printed Beige Kurta,Women Apparel Topwear Kurtas Beige Summer 2012.0 Ethnic W Women Printed Beige Kurta
8580,8580.jpg,http://assets.myntassets.com/v1/images/style/properties/0d2e2ceaaf6d09d447caad678b2edbe6_images.jpg,Men,Apparel,Topwear,Waistcoat,Grey,Fall,2011.0,Casual,Scullers Men  Grey Waistcoat,Men Apparel Topwear Waistcoat Grey Fall 2011.0 Casual Scullers Men  Grey Waistcoat
3168,3168.jpg,http://assets.myntassets.com/v1/images/style/properties/4eff2353c62ec8b7bca9fbbaf5996bd2_images.jpg,Men,Footwear,Shoes,Sports Shoes,White,Fall,2010.0,Sports,Nike Men's Incinerate MSL White Blue Shoe,Men Footwear Shoes Sports Shoes White Fall 2010.0 Sports Nike Men's Incinerate MSL White Blue Shoe
18005,18005.jpg,http://assets.myntassets.com/v1/images/style/properties/91ca48e3204f23cd376fad7f186875bf_images.jpg,Men,Apparel,Bottomwear,Shorts,Black,Summer,2011.0,Sports,Puma Men Long Logo Black Bermuda,Men Apparel Bottomwear Shorts Black Summer 2011.0 Sports Puma Men Long Logo Black Bermuda
17871,17871.jpg,http://assets.myntassets.com/v1/images/style/properties/155353efc674d253e30c213ca07bbb0b_images.jpg,Men,Apparel,Innerwear,Briefs,Maroon,Winter,2016.0,Casual,Levis Men Boxer Maroon Brief,Men Apparel Innerwear Briefs Maroon Winter 2016.0 Casual Levis Men Boxer Maroon Brief
9452,9452.jpg,http://assets.myntassets.com/v1/images/style/properties/5e557eb0be7c6420f7c7a6bbaa432993_images.jpg,Men,Apparel,Topwear,Shirts,Red,Fall,2011.0,Formal,John Miller Men Stripes White Red Shirts,Men Apparel Topwear Shirts Red Fall 2011.0 Formal John Miller Men Stripes White Red Shirts
38402,38402.jpg,http://assets.myntassets.com/v1/images/style/properties/2eb3aa5eefb3319f10f7815100a18e3c_images.jpg,Women,Accessories,Belts,Belts,Black,Summer,2012.0,Casual,Baggit Women Hood Dabang Black Belt,Women Accessories Belts Belts Black Summer 2012.0 Casual Baggit Women Hood Dabang Black Belt
44984,44984.jpg,http://assets.myntassets.com/v1/images/style/properties/676dd802241d46a5ce28c78d1dabbc5a_images.jpg,Women,Accessories,Watches,Watches,White,Winter,2016.0,Casual,Maxima Women White Dial Watch,Women Accessories Watches Watches White Winter 2016.0 Casual Maxima Women White Dial Watch
10268,10268.jpg,http://assets.myntassets.com/v1/images/style/properties/2976e4095e7b3ae2de99df54d2adeaaa_images.jpg,Men,Footwear,Shoes,Formal Shoes,Black,Fall,2012.0,Formal,Clarks Men Hang Work Leather Black Formal Shoes,Men Footwear Shoes Formal Shoes Black Fall 2012.0 Formal Clarks Men Hang Work Leather Black Formal Shoes
45856,45856.jpg,http://assets.myntassets.com/v1/images/style/properties/fee54b57fcd02b7c07d42b0918025099_images.jpg,Women,Apparel,Topwear,Kurtas,Brown,Summer,2012.0,Ethnic,Vishudh Women Brown Kurta,Women Apparel Topwear Kurtas Brown Summer 2012.0 Ethnic Vishudh Women Brown Kurta
32138,32138.jpg,http://assets.myntassets.com/v1/images/style/properties/Playboy-Men-Blue-Titanium-Briefs_5c63c52edabbab43f6aefc52842d73f2_images.jpg,Men,Apparel,Innerwear,Briefs,Blue,Summer,2016.0,Casual,Playboy Men Blue Titanium Briefs,Men Apparel Innerwear Briefs Blue Summer 2016.0 Casual Playboy Men Blue Titanium Briefs
59435,59435.jpg,http://assets.myntassets.com/v1/images/style/properties/Arrow-Men-Black-Formal-Shoes_70a3c7c185338a5636c8c0e668829bb6_images.jpg,Men,Footwear,Shoes,Formal Shoes,Black,Summer,2012.0,Formal,Arrow Men Black Formal Shoes,Men Footwear Shoes Formal Shoes Black Summer 2012.0 Formal Arrow Men Black Formal Shoes
5891,5891.jpg,http://assets.myntassets.com/v1/images/style/properties/02e4e32cd9d09052f0ec3d46fa747d39_images.jpg,Men,Apparel,Topwear,Tshirts,Black,Summer,2011.0,Casual,Puma Men's Stripe Polo Black T-shirt,Men Apparel Topwear Tshirts Black Summer 2011.0 Casual Puma Men's Stripe Polo Black T-shirt
38630,38630.jpg,http://assets.myntassets.com/v1/images/style/properties/206a0614c4644cd8816576efd47d60d8_images.jpg,Women,Apparel,Topwear,Tshirts,Purple,Summer,2012.0,Casual,Nike Women Purple Polo T-shirt,Women Apparel Topwear Tshirts Purple Summer 2012.0 Casual Nike Women Purple Polo T-shirt
4943,4943.jpg,http://assets.myntassets.com/v1/images/style/properties/1aae016d0abb224cfc18e6bd9bb01ad1_images.jpg,Men,Apparel,Topwear,Shirts,White,Summer,2011.0,Casual,Gini and Jony Boy's Kaleb White Brown Kidswear,Men Apparel Topwear Shirts White Summer 2011.0 Casual Gini and Jony Boy's Kaleb White Brown Kidswear
11188,11188.jpg,http://assets.myntassets.com/v1/images/style/properties/b2959d44db543af13d78492225a830de_images.jpg,Men,Accessories,Watches,Watches,Silver,Winter,2016.0,Casual,Carrera Men Dial steel finish strap Silver Watches,Men Accessories Watches Watches Silver Winter 2016.0 Casual Carrera Men Dial steel finish strap Silver Watches
10866,10866.jpg,http://assets.myntassets.com/v1/images/style/properties/b34550bc6415dcd66892de4ef2837fd9_images.jpg,Men,Apparel,Topwear,Tshirts,Red,Fall,2011.0,Casual,Wrangler Men Motor Rider Red T-Shirts,Men Apparel Topwear Tshirts Red Fall 2011.0 Casual Wrangler Men Motor Rider Red T-Shirts
59607,59607.jpg,http://assets.myntassets.com/v1/images/style/properties/FNF-Green-Collection-for-Wedding-Wear-Sari_6c60eef0b8d9cff87cfcd1f73953e5cd_images.jpg,Women,Apparel,Saree,Sarees,Grey,Fall,2012.0,Ethnic,FNF Pink & Grey Wedding Collection Sari,Women Apparel Saree Sarees Grey Fall 2012.0 Ethnic FNF Pink & Grey Wedding Collection Sari
15528,15528.jpg,http://assets.myntassets.com/v1/images/style/properties/cd16e955e4b6b3f9d7089c15652a3f00_images.jpg,Men,Apparel,Topwear,Tshirts,Black,Fall,2011.0,Casual,Puma Men Scribble Black Tshirts,Men Apparel Topwear Tshirts Black Fall 2011.0 Casual Puma Men Scribble Black Tshirts
45258,45258.jpg,http://assets.myntassets.com/v1/images/style/properties/b8024bdd3fc47c2b20bd840f89811979_images.jpg,Men,Accessories,Watches,Watches,Black,Winter,2016.0,Casual,CASIO EDIFICE Men Black Dial Chronograph Watch ED60,Men Accessories Watches Watches Black Winter 2016.0 Casual CASIO EDIFICE Men Black Dial Chronograph Watch ED60
42841,42841.jpg,http://assets.myntassets.com/v1/images/style/properties/97d3bb4a71c9f7da88305ce9144d8576_images.jpg,Women,Accessories,Bags,Handbags,Beige,Summer,2012.0,Casual,French Connection Women Beige Handbag,Women Accessories Bags Handbags Beige Summer 2012.0 Casual French Connection Women Beige Handbag
22198,22198.jpg,http://assets.myntassets.com/v1/images/style/properties/70e74ca34b3b534b19d6b006d5bfad0a_images.jpg,Men,Footwear,Shoes,Casual Shoes,Black,Fall,2012.0,Casual,Timberland Men Black Casual Shoes,Men Footwear Shoes Casual Shoes Black Fall 2012.0 Casual Timberland Men Black Casual Shoes
29570,29570.jpg,http://assets.myntassets.com/v1/images/style/properties/49f884ddf4420d869ad143857d3bc33d_images.jpg,Men,Footwear,Shoes,Casual Shoes,Purple,Summer,2012.0,Casual,Vans Men Classic Slip-On Purple & Black Shoes,Men Footwear Shoes Casual Shoes Purple Summer 2012.0 Casual Vans Men Classic Slip-On Purple & Black Shoes
43993,43993.jpg,http://assets.myntassets.com/v1/images/style/properties/438c41900a80acabb3ef197f0559a9eb_images.jpg,Women,Personal Care,Fragrance,Perfume and Body Mist,Pink,Spring,2017.0,Casual,Police Women Passion Perfume,Women Personal Care Fragrance Perfume and Body Mist Pink Spring 2017.0 Casual Police Women Passion Perfume
6628,6628.jpg,http://assets.myntassets.com/v1/images/style/properties/0707b75d2d44e9cec9d27c944294ddbe_images.jpg,Men,Footwear,Shoes,Sports Shoes,White,Summer,2011.0,Sports,ADIDAS Men's Lowell White Silver Shoe,Men Footwear Shoes Sports Shoes White Summer 2011.0 Sports ADIDAS Men's Lowell White Silver Shoe
54924,54924.jpg,http://assets.myntassets.com/v1/images/style/properties/Do-u-speak-green-Men-Blue-Shorts_40b6775eae62124195817a64d4ae4a93_images.jpg,Men,Apparel,Bottomwear,Shorts,Blue,Summer,2012.0,Casual,Do U Speak Green Men Blue Shorts,Men Apparel Bottomwear Shorts Blue Summer 2012.0 Casual Do U Speak Green Men Blue Shorts
26538,26538.jpg,http://assets.myntassets.com/v1/images/style/properties/6a6ebc47eaf2fe034bcfd94060a285ba_images.jpg,Men,Footwear,Shoes,Casual Shoes,Red,Fall,2012.0,Casual,ID Men Red Shoes,Men Footwear Shoes Casual Shoes Red Fall 2012.0 Casual ID Men Red Shoes
35913,35913.jpg,http://assets.myntassets.com/v1/images/style/properties/73bc7d63943231e4df1c7b7600496a3d_images.jpg,Women,Accessories,Bags,Handbags,Black,Summer,2012.0,Casual,Peperone Women Black & White Handbag,Women Accessories Bags Handbags Black Summer 2012.0 Casual Peperone Women Black & White Handbag
49495,49495.jpg,http://assets.myntassets.com/v1/images/style/properties/Vans-Men-Khaki-Shoes_dcaf7c703e9c0396650529df2b2a8893_images.jpg,Men,Footwear,Shoes,Casual Shoes,Khaki,Summer,2012.0,Casual,Vans Men Khaki Shoes,Men Footwear Shoes Casual Shoes Khaki Summer 2012.0 Casual Vans Men Khaki Shoes
9660,9660.jpg,http://assets.myntassets.com/v1/images/style/properties/0be615f02ae1f1cfe78155555a79007c_images.jpg,Men,Apparel,Topwear,Shirts,Pink,Fall,2011.0,Casual,Indigo Nation Men Reversible Bling Pink Shirts,Men Apparel Topwear Shirts Pink Fall 2011.0 Casual Indigo Nation Men Reversible Bling Pink Shirts
2288,2288.jpg,http://assets.myntassets.com/v1/images/style/properties/135f9aa8141d682fc218393049c70324_images.jpg,Women,Apparel,Topwear,Tshirts,Black,Fall,2010.0,Sports,Nike Women Black T-shirt,Women Apparel Topwear Tshirts Black Fall 2010.0 Sports Nike Women Black T-shirt
23876,23876.jpg,http://assets.myntassets.com/v1/images/style/properties/fcd52c6506b43f3af116a62c2ea81204_images.jpg,Men,Apparel,Topwear,Sweatshirts,Blue,Fall,2011.0,Casual,ADIDAS Men Blue Sweatshirt,Men Apparel Topwear Sweatshirts Blue Fall 2011.0 Casual ADIDAS Men Blue Sweatshirt
18237,18237.jpg,http://assets.myntassets.com/v1/images/style/properties/eba1c1b241555d8afa3f7232ed2c6933_images.jpg,Men,Apparel,Topwear,Tshirts,Red,Fall,2011.0,Casual,Manchester United Men Solid Red Tshirt,Men Apparel Topwear Tshirts Red Fall 2011.0 Casual Manchester United Men Solid Red Tshirt
54118,54118.jpg,http://assets.myntassets.com/v1/images/style/properties/8d6fd53f28e010658cdf5c14c43d0cb0_images.jpg,Women,Footwear,Shoes,Heels,Black,Winter,2012.0,Casual,Rocia Women Black Flats,Women Footwear Shoes Heels Black Winter 2012.0 Casual Rocia Women Black Flats
2872,2872.jpg,http://assets.myntassets.com/v1/images/style/properties/4d90e05b9e99e203b3ce191439619bcb_images.jpg,Women,Footwear,Shoes,Heels,Brown,Winter,2015.0,Casual,Catwalk Women Leather Flats,Women Footwear Shoes Heels Brown Winter 2015.0 Casual Catwalk Women Leather Flats
49653,49653.jpg,http://assets.myntassets.com/v1/images/style/properties/fe446adf94f9beb301b61bfc75a70bfa_images.jpg,Women,Apparel,Topwear,Tops,Green,Summer,2012.0,Casual,Mineral Women Green Top,Women Apparel Topwear Tops Green Summer 2012.0 Casual Mineral Women Green Top
8574,8574.jpg,http://assets.myntassets.com/v1/images/style/properties/0be6693dafb4261645b22c6e9e7e67f4_images.jpg,Women,Footwear,Sandal,Sandals,Pink,Fall,2011.0,Casual,Crocs Dora Boots Pink Sandals,Women Footwear Sandal Sandals Pink Fall 2011.0 Casual Crocs Dora Boots Pink Sandals
16957,16957.jpg,http://assets.myntassets.com/v1/images/style/properties/Image-Men-Classic-Eyewear-Black-Sunglasses_a37f3b87d0d05062ed063adc7aac78bf_images.jpg,Men,Accessories,Eyewear,Sunglasses,Black,Winter,2016.0,Casual,Image Men Sunglasses,Men Accessories Eyewear Sunglasses Black Winter 2016.0 Casual Image Men Sunglasses
19123,19123.jpg,http://assets.myntassets.com/v1/images/style/properties/69482728a521cbd2ba571e36016d5f63_images.jpg,Men,Footwear,Flip Flops,Flip Flops,Silver,Fall,2011.0,Casual,Lotto Men XL Water Man Silver Slippers,Men Footwear Flip Flops Flip Flops Silver Fall 2011.0 Casual Lotto Men XL Water Man Silver Slippers
13419,13419.jpg,http://assets.myntassets.com/v1/images/style/properties/8d7f0bbb0bdefcbcc692bcdf4a6400ee_images.jpg,Men,Apparel,Topwear,Tshirts,Pink,Summer,2011.0,Casual,United Colors of Benetton Men Solid Pink Polo T-shirts,Men Apparel Topwear Tshirts Pink Summer 2011.0 Casual United Colors of Benetton Men Solid Pink Polo T-shirts
17885,17885.jpg,http://assets.myntassets.com/v1/images/style/properties/c5c095c0e09eb200aa8d57457c53ec07_images.jpg,Men,Apparel,Innerwear,Innerwear Vests,Grey,Summer,2016.0,Casual,Levis Men Comfort Style Grey Innerwear Vest,Men Apparel Innerwear Innerwear Vests Grey Summer 2016.0 Casual Levis Men Comfort Style Grey Innerwear Vest
43369,43369.jpg,http://assets.myntassets.com/v1/images/style/properties/647838a2e988ab55b76c9aa9ddd15ad7_images.jpg,Men,Footwear,Flip Flops,Flip Flops,Black,Summer,2013.0,Casual,Reebok Men Black Possession Flip Flops,Men Footwear Flip Flops Flip Flops Black Summer 2013.0 Casual Reebok Men Black Possession Flip Flops
48781,48781.jpg,http://assets.myntassets.com/v1/images/style/properties/aff52e6e6bc208923a493612e8f6a3e7_images.jpg,Women,Accessories,Jewellery,Pendant,Silver,Summer,2012.0,Casual,Lucera Women Silver Pendant,Women Accessories Jewellery Pendant Silver Summer 2012.0 Casual Lucera Women Silver Pendant
44970,44970.jpg,http://assets.myntassets.com/v1/images/style/properties/80c170d3a8e46c81f22ecebd1f772d32_images.jpg,Men,Accessories,Watches,Watches,White,Winter,2016.0,Casual,Maxima Men White Dial Analog Chronograph Watch,Men Accessories Watches Watches White Winter 2016.0 Casual Maxima Men White Dial Analog Chronograph Watch
56489,56489.jpg,http://assets.myntassets.com/v1/images/style/properties/Streetwear-Ash-Nail-Polish--31_21d33100dbf0e4b8bb0b33a980de469b_images.jpg,Women,Personal Care,Nails,Nail Polish,Bronze,Spring,2017.0,,Streetwear Ash Nail Polish # 31,Women Personal Care Nails Nail Polish Bronze Spring 2017.0  Streetwear Ash Nail Polish # 31
39524,39524.jpg,http://assets.myntassets.com/v1/images/style/properties/1847a81fa1d237bfbae1e797dff55909_images.jpg,Unisex,Accessories,Bags,Laptop Bag,Orange,Summer,2012.0,Casual,Peter England Unisex Orange Sleeve Bag,Unisex Accessories Bags Laptop Bag Orange Summer 2012.0 Casual Peter England Unisex Orange Sleeve Bag
33822,33822.jpg,http://assets.myntassets.com/v1/images/style/properties/52ad8ae288ba080d88a116b3c70305ec_images.jpg,Men,Footwear,Shoes,Sports Shoes,White,Summer,2012.0,Sports,Puma Men Axis White & Grey Sports Shoes,Men Footwear Shoes Sports Shoes White Summer 2012.0 Sports Puma Men Axis White & Grey Sports Shoes
58513,58513.jpg,http://assets.myntassets.com/v1/images/style/properties/Tonga-Women-Maroon-Top_e5cc855ba59e5640817434d45f9c088d_images.jpg,Women,Apparel,Topwear,Tops,Off White,Summer,2012.0,Casual,Tonga Women Maroon Top,Women Apparel Topwear Tops Off White Summer 2012.0 Casual Tonga Women Maroon Top
25947,25947.jpg,http://assets.myntassets.com/v1/images/style/properties/aeb9132a29d8844aca73a4544d8135c5_images.jpg,Women,Accessories,Scarves,Scarves,Brown,Summer,2012.0,Casual,Femella Women Brown Scarf,Women Accessories Scarves Scarves Brown Summer 2012.0 Casual Femella Women Brown Scarf
52029,52029.jpg,http://assets.myntassets.com/v1/images/style/properties/cbc319393da4e3d0eb140d3c8a045d2c_images.jpg,Unisex,Apparel,Topwear,Rain Jacket,Coffee Brown,Summer,2012.0,,Just Natural Unisex Charcoal Rain Jacket,Unisex Apparel Topwear Rain Jacket Coffee Brown Summer 2012.0  Just Natural Unisex Charcoal Rain Jacket
5865,5865.jpg,http://assets.myntassets.com/v1/images/style/properties/2d986dbf9e5f64e3ab8471120c557db4_images.jpg,Men,Apparel,Topwear,Tshirts,Black,Summer,2011.0,Casual,ADIDAS Men's Twelve Faster T-shirt,Men Apparel Topwear Tshirts Black Summer 2011.0 Casual ADIDAS Men's Twelve Faster T-shirt
39716,39716.jpg,http://assets.myntassets.com/v1/images/style/properties/c5b0d7c1f0308be020655bc10ca16427_images.jpg,Women,Apparel,Dress,Dresses,Blue,Summer,2012.0,Casual,Arrow Woman Women Blue Dress,Women Apparel Dress Dresses Blue Summer 2012.0 Casual Arrow Woman Women Blue Dress
25349,25349.jpg,http://assets.myntassets.com/v1/images/style/properties/07f0136ab41d3167b3d1e8b84cfc5107_images.jpg,Men,Apparel,Innerwear,Briefs,Red,Summer,2016.0,Casual,Levis Men Red Brief,Men Apparel Innerwear Briefs Red Summer 2016.0 Casual Levis Men Red Brief
11940,11940.jpg,http://assets.myntassets.com/v1/images/style/properties/b23f1e70aec0102c360fb9dfdc476023_images.jpg,Men,Footwear,Sandal,Sandals,Black,Summer,2011.0,Casual,Ganuchi Men Casual Black Sandals,Men Footwear Sandal Sandals Black Summer 2011.0 Casual Ganuchi Men Casual Black Sandals
55802,55802.jpg,http://assets.myntassets.com/v1/images/style/properties/SDL-by-Sweet-Dreams-Women-White-Pyjama-Set_debea45adf6bdb5816030e5d05b53d2f_images.jpg,Women,Apparel,Loungewear and Nightwear,Night suits,White,Summer,2017.0,Casual,SDL by Sweet Dreams Women Green Printed Night Suit S11-3124,Women Apparel Loungewear and Nightwear Night suits White Summer 2017.0 Casual SDL by Sweet Dreams Women Green Printed Night Suit S11-3124
29584,29584.jpg,http://assets.myntassets.com/v1/images/style/properties/7a1bc7d255671c7f4b85f1b1b35e945b_images.jpg,Men,Apparel,Topwear,Tshirts,Black,Summer,2012.0,Casual,Indigo Nation Men Printed Black T-shirt,Men Apparel Topwear Tshirts Black Summer 2012.0 Casual Indigo Nation Men Printed Black T-shirt
43967,43967.jpg,http://assets.myntassets.com/v1/images/style/properties/2965814bbf6d6a14e720c712941b323c_images.jpg,Women,Personal Care,Fragrance,Perfume and Body Mist,Red,Spring,2017.0,Casual,DKNY Women Red Delicious Perfume,Women Personal Care Fragrance Perfume and Body Mist Red Spring 2017.0 Casual DKNY Women Red Delicious Perfume
28456,28456.jpg,http://assets.myntassets.com/v1/images/style/properties/c3a37f190933411b11c0fa488bc8bc4d_images.jpg,Women,Apparel,Bottomwear,Skirts,Blue,Summer,2012.0,Sports,Urban Yoga Women Blue Skirt With Leggings,Women Apparel Bottomwear Skirts Blue Summer 2012.0 Sports Urban Yoga Women Blue Skirt With Leggings
34009,34009.jpg,http://assets.myntassets.com/v1/images/style/properties/dce310e4c15223a6c964631190263284_images.jpg,Girls,Apparel,Topwear,Tops,Black,Summer,2012.0,Casual,Gini and Jony Girls Black Top,Girls Apparel Topwear Tops Black Summer 2012.0 Casual Gini and Jony Girls Black Top
19311,19311.jpg,http://assets.myntassets.com/v1/images/style/properties/ac5a2fb9462db16f4cf5fc0f3616a9e6_images.jpg,Men,Footwear,Shoes,Casual Shoes,White,Fall,2011.0,Casual,Nike Men Air Rift MTR White Casual Shoe,Men Footwear Shoes Casual Shoes White Fall 2011.0 Casual Nike Men Air Rift MTR White Casual Shoe
42089,42089.jpg,http://assets.myntassets.com/v1/images/style/properties/5059a8f382c53105f1bdce6780543934_images.jpg,Men,Footwear,Shoes,Sports Shoes,White,Summer,2012.0,Sports,ADIDAS Men White Corona Sports Shoes,Men Footwear Shoes Sports Shoes White Summer 2012.0 Sports ADIDAS Men White Corona Sports Shoes
22950,22950.jpg,http://assets.myntassets.com/v1/images/style/properties/1de1449cc15d68bc4e53fac49a1e0e18_images.jpg,Unisex,Accessories,Watches,Watches,Black,Winter,2016.0,Casual,Fastrack Unisex Black Dial Watch 9915PP13,Unisex Accessories Watches Watches Black Winter 2016.0 Casual Fastrack Unisex Black Dial Watch 9915PP13
49461,49461.jpg,http://assets.myntassets.com/v1/images/style/properties/Vans-Men-Blue-Casual-Shoes_f9ad04b071e06c34a04e2c0a047d58a1_images.jpg,Men,Footwear,Shoes,Casual Shoes,Blue,Summer,2012.0,Casual,Vans Men Blue Era Scilla Plaid Shoes,Men Footwear Shoes Casual Shoes Blue Summer 2012.0 Casual Vans Men Blue Era Scilla Plaid Shoes
8746,8746.jpg,http://assets.myntassets.com/v1/images/style/properties/Crocs-Kids-Navy-Blue-Clogs_dd0334757683ef726ca116cc7b8b6012_images.jpg,Unisex,Footwear,Flip Flops,Flip Flops,Navy Blue,Summer,2015.0,Casual,Crocs Kids Navy Blue Clogs,Unisex Footwear Flip Flops Flip Flops Navy Blue Summer 2015.0 Casual Crocs Kids Navy Blue Clogs
9694,9694.jpg,http://assets.myntassets.com/v1/images/style/properties/9b9622c9c440e59a67c876cf07706f3c_images.jpg,Men,Apparel,Topwear,Tshirts,White,Fall,2011.0,Casual,Classic Polo Men Vulcan White Polo Tshirts,Men Apparel Topwear Tshirts White Fall 2011.0 Casual Classic Polo Men Vulcan White Polo Tshirts
23882,23882.jpg,http://assets.myntassets.com/v1/images/style/properties/498da65eeee9a23f2049449258384d55_images.jpg,Men,Footwear,Shoes,Sports Shoes,Grey,Fall,2011.0,Sports,Fila Men Destiny Grey Sports Shoes,Men Footwear Shoes Sports Shoes Grey Fall 2011.0 Sports Fila Men Destiny Grey Sports Shoes
34835,34835.jpg,http://assets.myntassets.com/v1/images/style/properties/c0abfa74fe61af6ba9e5f4936f45e6c7_images.jpg,Men,Footwear,Shoes,Sports Shoes,Blue,Summer,2012.0,Sports,ADIDAS Men Blue Chill Sports Shoes,Men Footwear Shoes Sports Shoes Blue Summer 2012.0 Sports ADIDAS Men Blue Chill Sports Shoes
15984,15984.jpg,http://assets.myntassets.com/v1/images/style/properties/1049df82b306da238c324c6c7031b135_images.jpg,Men,Apparel,Topwear,Shirts,Yellow,Fall,2011.0,Casual,Turtle Check Men Yellow Shirt,Men Apparel Topwear Shirts Yellow Fall 2011.0 Casual Turtle Check Men Yellow Shirt
41268,41268.jpg,http://assets.myntassets.com/v1/images/style/properties/7cc4a01bf1667b6954fb9d44bfdda095_images.jpg,Men,Accessories,Wallets,Wallets,Black,Summer,2012.0,Casual,Arrow Men Black Wallet,Men Accessories Wallets Wallets Black Summer 2012.0 Casual Arrow Men Black Wallet
11518,11518.jpg,http://assets.myntassets.com/v1/images/style/properties/cea14ca6ae7273963babfa80798aa61c_images.jpg,Women,Footwear,Shoes,Heels,Grey,Winter,2015.0,Casual,Catwalk Women Gun Metal Grey Heels,Women Footwear Shoes Heels Grey Winter 2015.0 Casual Catwalk Women Gun Metal Grey Heels
14856,14856.jpg,http://assets.myntassets.com/v1/images/style/properties/22ab917e5ff62a05d1d932daf35cf158_images.jpg,Women,Accessories,Wallets,Wallets,Beige,Summer,2011.0,Casual,United Colors of Benetton Women Solid Beige Wallets,Women Accessories Wallets Wallets Beige Summer 2011.0 Casual United Colors of Benetton Women Solid Beige Wallets
33648,33648.jpg,http://assets.myntassets.com/v1/images/style/properties/42344fe581af7a4c62d2a39ceb57be24_images.jpg,Men,Footwear,Sandal,Sandals,Brown,Summer,2012.0,Casual,Lotto Men Ridge Brown Sandals,Men Footwear Sandal Sandals Brown Summer 2012.0 Casual Lotto Men Ridge Brown Sandals
59297,59297.jpg,http://assets.myntassets.com/v1/images/style/properties/US-Polo-Assn-Men-White---Navy-Blue-Shirt_233bed1565b9ac72f62fb685a2223f3c_images.jpg,Men,Apparel,Topwear,Shirts,White,Fall,2012.0,Casual,U.S. Polo Assn. Men White & Navy Blue Shirt,Men Apparel Topwear Shirts White Fall 2012.0 Casual U.S. Polo Assn. Men White & Navy Blue Shirt
28032,28032.jpg,http://assets.myntassets.com/v1/images/style/properties/e5b0ca8a3d69ff5f0d6e2d9303705eb9_images.jpg,Men,Apparel,Innerwear,Briefs,White,Summer,2016.0,Casual,Jockey ELANCE Men Bikini White Brief 1005,Men Apparel Innerwear Briefs White Summer 2016.0 Casual Jockey ELANCE Men Bikini White Brief 1005
27846,27846.jpg,http://assets.myntassets.com/v1/images/style/properties/a2826334fe816ee0e95ce93b8aabc90d_images.jpg,Women,Apparel,Topwear,Blazers,Charcoal,Summer,2012.0,Formal,Scullers For Her Charcoal Blazer,Women Apparel Topwear Blazers Charcoal Summer 2012.0 Formal Scullers For Her Charcoal Blazer
26994,26994.jpg,http://assets.myntassets.com/v1/images/style/properties/Jealous-21-Women-Black-Jeans_6c38590b2ec56b444a760aa56a8ef7e9_images.jpg,Women,Apparel,Bottomwear,Jeans,Black,Summer,2012.0,Casual,Jealous 21 Women Black Jeans,Women Apparel Bottomwear Jeans Black Summer 2012.0 Casual Jealous 21 Women Black Jeans
49839,49839.jpg,http://assets.myntassets.com/v1/images/style/properties/3101e6784596ba83c3fb728bcf5b6187_images.jpg,Women,Footwear,Flip Flops,Flip Flops,Red,Winter,2012.0,Casual,iPanema Women Red Flip Flops,Women Footwear Flip Flops Flip Flops Red Winter 2012.0 Casual iPanema Women Red Flip Flops
31923,31923.jpg,http://assets.myntassets.com/v1/images/style/properties/21c45000f209a31a74ed47f9ec9ac87e_images.jpg,Women,Accessories,Bags,Handbags,Blue,Summer,2012.0,Casual,Fabindia Women Blue Silk Sling Bag,Women Accessories Bags Handbags Blue Summer 2012.0 Casual Fabindia Women Blue Silk Sling Bag
2618,2618.jpg,http://assets.myntassets.com/v1/images/style/properties/1133e704c0d02e19ac7b09685788aa40_images.jpg,Women,Footwear,Shoes,Flats,Silver,Spring,2010.0,Casual,Carlton London Women Silver Wedge Sandal,Women Footwear Shoes Flats Silver Spring 2010.0 Casual Carlton London Women Silver Wedge Sandal
54588,54588.jpg,http://assets.myntassets.com/v1/images/style/properties/Sushilas-Women-Printed-Green-Kurta_c9347616597dbcbe6eca805e1677c269_images.jpg,Women,Apparel,Topwear,Kurtas,Green,Summer,2012.0,Ethnic,Sushilas Women Printed Green Kurta,Women Apparel Topwear Kurtas Green Summer 2012.0 Ethnic Sushilas Women Printed Green Kurta
49005,49005.jpg,http://assets.myntassets.com/v1/images/style/properties/Lucera-Women-Silver-Ring_dccb8dafadde1c4759acfb940fcb42e9_images.jpg,Women,Accessories,Jewellery,Ring,Silver,Summer,2012.0,Casual,Lucera Women Silver Ring,Women Accessories Jewellery Ring Silver Summer 2012.0 Casual Lucera Women Silver Ring
8322,8322.jpg,http://assets.myntassets.com/v1/images/style/properties/117451d5bf32c9ec341a6dfd0c28121a_images.jpg,Boys,Apparel,Topwear,Tshirts,Blue,Fall,2011.0,Casual,Doodle Boy's Route 66 Biker Blue Teen Kidswear,Boys Apparel Topwear Tshirts Blue Fall 2011.0 Casual Doodle Boy's Route 66 Biker Blue Teen Kidswear
13841,13841.jpg,http://assets.myntassets.com/v1/images/style/properties/f9f0f53a996cd6df9e48e4e685e25047_images.jpg,Unisex,Accessories,Watches,Watches,White,Winter,2016.0,Casual,ADIDAS Unisex Three Small Dials White Watches,Unisex Accessories Watches Watches White Winter 2016.0 Casual ADIDAS Unisex Three Small Dials White Watches
28200,28200.jpg,http://assets.myntassets.com/v1/images/style/properties/Ray-Ban-Men-Active-Lifestyle-Copper-Sunglassesb7761297ec669a622453f898fce8759f_images.jpg,Men,Accessories,Eyewear,Sunglasses,Copper,Winter,2016.0,Casual,Ray-Ban Men Active Lifestyle Copper Sunglasses,Men Accessories Eyewear Sunglasses Copper Winter 2016.0 Casual Ray-Ban Men Active Lifestyle Copper Sunglasses
12993,12993.jpg,http://assets.myntassets.com/v1/images/style/properties/6bb0dda205ff23b2b1fda526a3c74374_images.jpg,Unisex,Footwear,Shoes,Sports Shoes,Black,Fall,2011.0,Sports,ADIDAS Kids Adispeed Black Sports Shoes,Unisex Footwear Shoes Sports Shoes Black Fall 2011.0 Sports ADIDAS Kids Adispeed Black Sports Shoes
7158,7158.jpg,http://assets.myntassets.com/v1/images/style/properties/9b2dc2cfc35d37aee2f4d46532384605_images.jpg,Men,Apparel,Topwear,Shirts,Green,Fall,2011.0,Casual,Scullers Men  Green Check Shirt,Men Apparel Topwear Shirts Green Fall 2011.0 Casual Scullers Men  Green Check Shirt
18495,18495.jpg,http://assets.myntassets.com/v1/images/style/properties/c78acc78b83e4f2e014215d2a302f04b_images.jpg,Men,Footwear,Sandal,Sandals,White,Fall,2011.0,Casual,Puma Men Fashion Cat White Slipper,Men Footwear Sandal Sandals White Fall 2011.0 Casual Puma Men Fashion Cat White Slipper
8110,8110.jpg,http://assets.myntassets.com/v1/images/style/properties/112edfec7e1965c0f64ad9eb51cac579_images.jpg,Men,Accessories,Watches,Watches,Black,Winter,2016.0,Casual,Fastrack Men Economy 2 Analg Black Watch,Men Accessories Watches Watches Black Winter 2016.0 Casual Fastrack Men Economy 2 Analg Black Watch
19547,19547.jpg,http://assets.myntassets.com/v1/images/style/properties/2641289161a53042c64ced38cadb099b_images.jpg,Men,Apparel,Topwear,Sweatshirts,Blue,Fall,2011.0,Casual,United Colors of Benetton Men Solid Blue Sweatshirt,Men Apparel Topwear Sweatshirts Blue Fall 2011.0 Casual United Colors of Benetton Men Solid Blue Sweatshirt
7964,7964.jpg,http://assets.myntassets.com/v1/images/style/properties/59433decf845a0c856d3879435d95560_images.jpg,Men,Apparel,Topwear,Tshirts,Black,Fall,2011.0,Sports,Puma Men's Large Logo Graphic Black T-shirt,Men Apparel Topwear Tshirts Black Fall 2011.0 Sports Puma Men's Large Logo Graphic Black T-shirt
36934,36934.jpg,http://assets.myntassets.com/v1/images/style/properties/b0d3dcd6aaa7274486236fa267ef8cb5_images.jpg,Women,Personal Care,Fragrance,Perfume and Body Mist,Gold,Spring,2017.0,Casual,Giorgio Armani Women Idole Perfume,Women Personal Care Fragrance Perfume and Body Mist Gold Spring 2017.0 Casual Giorgio Armani Women Idole Perfume
39140,39140.jpg,http://assets.myntassets.com/v1/images/style/properties/4d16721ce6d31a02786fa271a40dbc86_images.jpg,Women,Apparel,Apparel Set,Kurta Sets,Black,Summer,2012.0,Ethnic,Aneri Women Black & Maroon Salwar Suit,Women Apparel Apparel Set Kurta Sets Black Summer 2012.0 Ethnic Aneri Women Black & Maroon Salwar Suit
20851,20851.jpg,http://assets.myntassets.com/v1/images/style/properties/ee617574380de80bee9cce9ec585e8be_images.jpg,Women,Accessories,Bags,Clutches,Red,Winter,2015.0,Casual,Spice Art Women Ribbon Embroidery Red Clutch,Women Accessories Bags Clutches Red Winter 2015.0 Casual Spice Art Women Ribbon Embroidery Red Clutch
41866,41866.jpg,http://assets.myntassets.com/v1/images/style/properties/7adfef9d7001cdcb9a58822c0c8b615f_images.jpg,Men,Footwear,Sandal,Sandals,Beige,Fall,2015.0,Casual,Estd. 1977 Men Beige & Green Sandals,Men Footwear Sandal Sandals Beige Fall 2015.0 Casual Estd. 1977 Men Beige & Green Sandals
58177,58177.jpg,http://assets.myntassets.com/v1/images/style/properties/Rocky-S-Women-Brown-Handbag_5b44f798c0d6b84b00ae5a6316d931af_images.jpg,Women,Accessories,Bags,Handbags,Brown,Summer,2012.0,Casual,Rocky S Women Brown Handbag,Women Accessories Bags Handbags Brown Summer 2012.0 Casual Rocky S Women Brown Handbag
44528,44528.jpg,http://assets.myntassets.com/v1/images/style/properties/5fdccf41dafc022f36adea9a7df6751c_images.jpg,Men,Footwear,Sandal,Sandals,Black,Summer,2012.0,Casual,Coolers Men Black Sandals,Men Footwear Sandal Sandals Black Summer 2012.0 Casual Coolers Men Black Sandals
16392,16392.jpg,http://assets.myntassets.com/v1/images/style/properties/9584fab8cde60a77e797973020e5c91d_images.jpg,Men,Apparel,Topwear,Shirts,Red,Fall,2011.0,Casual,Levis Men Check Red Shirts,Men Apparel Topwear Shirts Red Fall 2011.0 Casual Levis Men Check Red Shirts
51455,51455.jpg,http://assets.myntassets.com/v1/images/style/properties/28d91b2c102e5742714c7f706a73eeb4_images.jpg,Women,Apparel,Topwear,Shrug,Pink,Summer,2012.0,Casual,Tonga Women Pink Printed Shrug,Women Apparel Topwear Shrug Pink Summer 2012.0 Casual Tonga Women Pink Printed Shrug
50587,50587.jpg,http://assets.myntassets.com/v1/images/style/properties/9bd108a473fd6a01005be56f7f0a3807_images.jpg,Men,Apparel,Innerwear,Briefs,Grey,Summer,2016.0,Casual,Chromozome Men Grey Briefs,Men Apparel Innerwear Briefs Grey Summer 2016.0 Casual Chromozome Men Grey Briefs
17240,17240.jpg,http://assets.myntassets.com/v1/images/style/properties/7648ed40d904bf77502b84894f9cb980_images.jpg,Men,Apparel,Topwear,Tshirts,Black,Fall,2011.0,Casual,U.S. Polo Assn. Men Stripes Black  Polo Tshirt,Men Apparel Topwear Tshirts Black Fall 2011.0 Casual U.S. Polo Assn. Men Stripes Black  Polo Tshirt
47530,47530.jpg,http://assets.myntassets.com/v1/images/style/properties/daadf44edb9420bbd0d335702cf6e095_images.jpg,Women,Footwear,Shoes,Flats,Copper,Winter,2012.0,Casual,Portia Women Copper-Toned & Brown Sandals,Women Footwear Shoes Flats Copper Winter 2012.0 Casual Portia Women Copper-Toned & Brown Sandals
6617,6617.jpg,http://assets.myntassets.com/v1/images/style/properties/5c0c7cee1d5905a18f6a8d4821ae21aa_images.jpg,Men,Apparel,Topwear,Shirts,Black,Summer,2011.0,Casual,Spykar Men Black and white Check Shirt,Men Apparel Topwear Shirts Black Summer 2011.0 Casual Spykar Men Black and white Check Shirt
12732,12732.jpg,http://assets.myntassets.com/v1/images/style/properties/6c411e5ff01a791860ac0807b719cf28_images.jpg,Unisex,Accessories,Bags,Backpacks,Black,Fall,2011.0,Sports,Nike Unisex Swoosh Black Backpack,Unisex Accessories Bags Backpacks Black Fall 2011.0 Sports Nike Unisex Swoosh Black Backpack
3365,3365.jpg,http://assets.myntassets.com/v1/images/style/properties/477a546e340e50d1c7d4fb252a146692_images.jpg,Men,Apparel,Topwear,Tshirts,Black,Summer,2011.0,Casual,Myntra Men's Brain Black T-shirt,Men Apparel Topwear Tshirts Black Summer 2011.0 Casual Myntra Men's Brain Black T-shirt
42042,42042.jpg,http://assets.myntassets.com/v1/images/style/properties/16a858c7c58d665ba030df2f9f326086_images.jpg,Men,Footwear,Shoes,Sports Shoes,White,Summer,2012.0,Sports,Nike Men Air Relentless 2 MSL White Sports Shoes,Men Footwear Shoes Sports Shoes White Summer 2012.0 Sports Nike Men Air Relentless 2 MSL White Sports Shoes
23849,23849.jpg,http://assets.myntassets.com/v1/images/style/properties/aca469db7fbac91473fc2a810461889d_images.jpg,Men,Footwear,Shoes,Casual Shoes,Black,Fall,2011.0,Casual,ADIDAS Men Black Anzo Breeze Casual Shoes,Men Footwear Shoes Casual Shoes Black Fall 2011.0 Casual ADIDAS Men Black Anzo Breeze Casual Shoes
43190,43190.jpg,http://assets.myntassets.com/v1/images/style/properties/1c5acff37ece119c5adfe594c2b4bdcd_images.jpg,Women,Accessories,Watches,Watches,White,Winter,2016.0,Casual,Fastrack Women White Dial Watch,Women Accessories Watches Watches White Winter 2016.0 Casual Fastrack Women White Dial Watch
48578,48578.jpg,http://assets.myntassets.com/v1/images/style/properties/551485ddc5fa42d1734898e3b32e72c0_images.jpg,Men,Accessories,Jewellery,Bracelet,Steel,Summer,2012.0,Casual,Revv Men Steel Bracelet,Men Accessories Jewellery Bracelet Steel Summer 2012.0 Casual Revv Men Steel Bracelet
30462,30462.jpg,http://assets.myntassets.com/v1/images/style/properties/cef99b09020adbc2a0d7e5f9889ce9c4_images.jpg,Women,Apparel,Innerwear,Bra,Black,Summer,2014.0,Casual,Lovable Women All Day Long Black Bra,Women Apparel Innerwear Bra Black Summer 2014.0 Casual Lovable Women All Day Long Black Bra
18208,18208.jpg,http://assets.myntassets.com/v1/images/style/properties/4d0de24d6538a8507059625949e34878_images.jpg,Men,Accessories,Headwear,Caps,White,Fall,2011.0,Casual,Manchester United Men Solid White Cap,Men Accessories Headwear Caps White Fall 2011.0 Casual Manchester United Men Solid White Cap
54127,54127.jpg,http://assets.myntassets.com/v1/images/style/properties/50c7dd932d347768b05766e5dd231355_images.jpg,Women,Footwear,Shoes,Heels,Black,Winter,2012.0,Casual,Rocia Women Black Heels,Women Footwear Shoes Heels Black Winter 2012.0 Casual Rocia Women Black Heels
10065,10065.jpg,http://assets.myntassets.com/v1/images/style/properties/ef754e63472dece06abfa6d6c1266d91_images.jpg,Men,Apparel,Topwear,Tshirts,Yellow,Fall,2011.0,Casual,Puma Men ducati logo tee Yellow Tshirts,Men Apparel Topwear Tshirts Yellow Fall 2011.0 Casual Puma Men ducati logo tee Yellow Tshirts
24250,24250.jpg,http://assets.myntassets.com/v1/images/style/properties/ff82e800185f09437bdd38606dbd4ec6_images.jpg,Men,Footwear,Shoes,Casual Shoes,White,Fall,2012.0,Casual,Numero Uno Men White Casual Shoes,Men Footwear Shoes Casual Shoes White Fall 2012.0 Casual Numero Uno Men White Casual Shoes
32335,32335.jpg,http://assets.myntassets.com/v1/images/style/properties/Q-Q-Men-Silver-Dial-Watch_9bc915bdcff17ce2aa1168cf3a27654e_images.jpg,Men,Accessories,Watches,Watches,Silver,Winter,2016.0,Casual,Q&Q Men Silver-Toned Dial Analogue Watch Q252J404Y,Men Accessories Watches Watches Silver Winter 2016.0 Casual Q&Q Men Silver-Toned Dial Analogue Watch Q252J404Y
25382,25382.jpg,http://assets.myntassets.com/v1/images/style/properties/Levis-Men-White-Innerwear-Vest_ead823677896c7f737a55a7750d809c7_images.jpg,Men,Apparel,Innerwear,Innerwear Vests,White,Summer,2016.0,Casual,Levis Men White Innerwear Vest,Men Apparel Innerwear Innerwear Vests White Summer 2016.0 Casual Levis Men White Innerwear Vest
56670,56670.jpg,http://assets.myntassets.com/v1/images/style/properties/Maxima-Men-Black-Dial-Watch_c427a05e5f1d545b2b03ad86b4960427_images.jpg,Men,Accessories,Watches,Watches,Black,Winter,2016.0,Casual,Maxima Men Black Dial Watch,Men Accessories Watches Watches Black Winter 2016.0 Casual Maxima Men Black Dial Watch
5092,5092.jpg,http://assets.myntassets.com/v1/images/style/properties/f9622342fedb746c6515647f128b94a6_images.jpg,Men,Apparel,Topwear,Tshirts,Purple,Summer,2011.0,Casual,Wrangler Men's Minstrel Shoulder Loop Purple T-shirt,Men Apparel Topwear Tshirts Purple Summer 2011.0 Casual Wrangler Men's Minstrel Shoulder Loop Purple T-shirt
10859,10859.jpg,http://assets.myntassets.com/v1/images/style/properties/cc57b520818a0ada689545d2bdd025d9_images.jpg,Men,Apparel,Topwear,Tshirts,Navy Blue,Fall,2011.0,Casual,Wrangler Men Furious Rides Navy Blue T-Shirts,Men Apparel Topwear Tshirts Navy Blue Fall 2011.0 Casual Wrangler Men Furious Rides Navy Blue T-Shirts
59638,59638.jpg,http://assets.myntassets.com/v1/images/style/properties/FNF-Green-Collection-for-Wedding-Sari_7e6a7f6bba933b0923861ac3b65c9f5e_images.jpg,Women,Apparel,Saree,Sarees,Green,Fall,2012.0,Ethnic,FNF Green Wedding Collection Sari,Women Apparel Saree Sarees Green Fall 2012.0 Ethnic FNF Green Wedding Collection Sari
15517,15517.jpg,http://assets.myntassets.com/v1/images/style/properties/0ea0e6130d5d4c093e0e516f9b43ced6_images.jpg,Men,Footwear,Shoes,Casual Shoes,Red,Fall,2011.0,Casual,Rockport Men LLandro Red Casual Shoes,Men Footwear Shoes Casual Shoes Red Fall 2011.0 Casual Rockport Men LLandro Red Casual Shoes
4140,4140.jpg,http://assets.myntassets.com/v1/images/style/properties/7de650b81e8fd8be54794b6f466f3b8e_images.jpg,Women,Footwear,Shoes,Casual Shoes,Green,Winter,2015.0,Casual,Skechers Women Green Shoe,Women Footwear Shoes Casual Shoes Green Winter 2015.0 Casual Skechers Women Green Shoe
36795,36795.jpg,http://assets.myntassets.com/v1/images/style/properties/1223bc5aa8de555c058dbafa61b4c6cf_images.jpg,Men,Accessories,Watches,Watches,Silver,Winter,2016.0,Casual,Maxima Men Ssteele Silver Dial Watch,Men Accessories Watches Watches Silver Winter 2016.0 Casual Maxima Men Ssteele Silver Dial Watch
40527,40527.jpg,http://assets.myntassets.com/v1/images/style/properties/946643c653dae988057d427e72b4d5f6_images.jpg,Men,Accessories,Watches,Watches,Gold,Winter,2016.0,Casual,Titan Men Gold Dial Watch,Men Accessories Watches Watches Gold Winter 2016.0 Casual Titan Men Gold Dial Watch
10257,10257.jpg,http://assets.myntassets.com/v1/images/style/properties/bbddb8510d402639e0a038bde5ec08bb_images.jpg,Men,Apparel,Bottomwear,Trousers,Black,Fall,2011.0,Formal,John Miller Men Solid Type Black Trousers,Men Apparel Bottomwear Trousers Black Fall 2011.0 Formal John Miller Men Solid Type Black Trousers
24062,24062.jpg,http://assets.myntassets.com/v1/images/style/properties/b24d6360e5f726e86b7db28e2225894b_images.jpg,Men,Apparel,Topwear,Tshirts,Navy Blue,Summer,2012.0,Casual,Locomotive Men Navy Blue Printed T-shirt,Men Apparel Topwear Tshirts Navy Blue Summer 2012.0 Casual Locomotive Men Navy Blue Printed T-shirt
45869,45869.jpg,http://assets.myntassets.com/v1/images/style/properties/f0a2359518806948aa76a37b1c9fe2a9_images.jpg,Men,Accessories,Watches,Watches,Brown,Winter,2016.0,Casual,Maxima Men Brown Dial Watch,Men Accessories Watches Watches Brown Winter 2016.0 Casual Maxima Men Brown Dial Watch
11385,11385.jpg,http://assets.myntassets.com/v1/images/style/properties/c843af98fead5393ecf56934e07ca496_images.jpg,Women,Apparel,Topwear,Sweatshirts,Black,Fall,2011.0,Casual,United Colors Of Benetton Women Light Winter Black Sweatshirts,Women Apparel Topwear Sweatshirts Black Fall 2011.0 Casual United Colors Of Benetton Women Light Winter Black Sweatshirts
53130,53130.jpg,http://assets.myntassets.com/v1/images/style/properties/Catwalk-Women-Brown-Sandals_c094f60d90c695681a6b79cf241777fc_images.jpg,Women,Footwear,Shoes,Flats,Brown,Winter,2015.0,Casual,Catwalk Women Brown Sandals,Women Footwear Shoes Flats Brown Winter 2015.0 Casual Catwalk Women Brown Sandals
44187,44187.jpg,http://assets.myntassets.com/v1/images/style/properties/3db0d3544350b8d72f968ede0af3b0d3_images.jpg,Women,Personal Care,Fragrance,Perfume and Body Mist,White,Spring,2017.0,Casual,Nike Fragrances Women 5th Element Perfume 150 ml,Women Personal Care Fragrance Perfume and Body Mist White Spring 2017.0 Casual Nike Fragrances Women 5th Element Perfume 150 ml
21510,21510.jpg,http://assets.myntassets.com/v1/images/style/properties/97f41f38d2fa5f88fa5322daf7f093f6_images.jpg,Women,Accessories,Bags,Handbags,White,Winter,2015.0,Casual,Kiara Women Graphiti White Handbag,Women Accessories Bags Handbags White Winter 2015.0 Casual Kiara Women Graphiti White Handbag
51667,51667.jpg,http://assets.myntassets.com/v1/images/style/properties/Louis-Philippe-Men-Grey-Sunglasses_1446c537f905743abebac42f5a02f776_images.jpg,Men,Accessories,Eyewear,Sunglasses,Grey,Winter,2016.0,Casual,Louis Philippe Men Grey Sunglasses,Men Accessories Eyewear Sunglasses Grey Winter 2016.0 Casual Louis Philippe Men Grey Sunglasses
22395,22395.jpg,http://assets.myntassets.com/v1/images/style/properties/e01152d30659f4099b46cb0c1fcb918b_images.jpg,Men,Apparel,Topwear,Shirts,Blue,Fall,2011.0,Casual,Mark Taylor Men Striped Blue Shirt,Men Apparel Topwear Shirts Blue Fall 2011.0 Casual Mark Taylor Men Striped Blue Shirt
35322,35322.jpg,http://assets.myntassets.com/v1/images/style/properties/f21ff0021d5d5095ed087314e548ea24_images.jpg,Women,Accessories,Jewellery,Earrings,Silver,Winter,2016.0,Ethnic,Fabindia Women Anusuya Silver Earrings,Women Accessories Jewellery Earrings Silver Winter 2016.0 Ethnic Fabindia Women Anusuya Silver Earrings
6425,6425.jpg,http://assets.myntassets.com/v1/images/style/properties/ef0e264ebd347265da9fcf1bdff4b2f5_images.jpg,Unisex,Footwear,Shoes,Casual Shoes,Black,Summer,2011.0,Casual,Lotto Unisex Canvas Black Check Shoe,Unisex Footwear Shoes Casual Shoes Black Summer 2011.0 Casual Lotto Unisex Canvas Black Check Shoe
18806,18806.jpg,http://assets.myntassets.com/v1/images/style/properties/f8a2854d9f97f9fde7b768dd3648198d_images.jpg,Men,Accessories,Belts,Belts,Tan,Summer,2011.0,Casual,Peter England Men Casual Tan Belt,Men Accessories Belts Belts Tan Summer 2011.0 Casual Peter England Men Casual Tan Belt
23247,23247.jpg,http://assets.myntassets.com/v1/images/style/properties/0201105e4604bc784525d9cf0e972c40_images.jpg,Men,Footwear,Shoes,Formal Shoes,Black,Fall,2011.0,Formal,Arrow Men Formal Black Shoe,Men Footwear Shoes Formal Shoes Black Fall 2011.0 Formal Arrow Men Formal Black Shoe
17072,17072.jpg,http://assets.myntassets.com/v1/images/style/properties/3f475c2e490c2e2c653f10aa5a4a4506_images.jpg,Women,Accessories,Belts,Belts,Grey,Winter,2015.0,Casual,Lino Perros Women Weaved  Grey Belt,Women Accessories Belts Belts Grey Winter 2015.0 Casual Lino Perros Women Weaved  Grey Belt
31782,31782.jpg,http://assets.myntassets.com/v1/images/style/properties/5b427e7381af213df2d54a17cd193aea_images.jpg,Women,Apparel,Topwear,Tops,Blue,Summer,2012.0,Casual,Lee Women Paula Blue Top,Women Apparel Topwear Tops Blue Summer 2012.0 Casual Lee Women Paula Blue Top
42270,42270.jpg,http://assets.myntassets.com/v1/images/style/properties/ea497c53bbc69cb510e3f7b2fe4a7abb_images.jpg,Unisex,Footwear,Shoes,Casual Shoes,Black,Summer,2012.0,Casual,Vans Unisex Black & Grey Classic Shoes,Unisex Footwear Shoes Casual Shoes Black Summer 2012.0 Casual Vans Unisex Black & Grey Classic Shoes
12500,12500.jpg,http://assets.myntassets.com/v1/images/style/properties/47e0bf9f4a04bd6f5901c0f4fc65e54d_images.jpg,Men,Apparel,Topwear,Shirts,Black,Fall,2011.0,Casual,United Colors of Benetton Men Short Black Shirts,Men Apparel Topwear Shirts Black Fall 2011.0 Casual United Colors of Benetton Men Short Black Shirts
26735,26735.jpg,http://assets.myntassets.com/v1/images/style/properties/4f56561974db43db763f18a06caedbd0_images.jpg,Men,Personal Care,Fragrance,Deodorant,Black,Spring,2017.0,Casual,Reebok Men Pack of 2 Pirates of the Caribbean Deos,Men Personal Care Fragrance Deodorant Black Spring 2017.0 Casual Reebok Men Pack of 2 Pirates of the Caribbean Deos
30650,30650.jpg,http://assets.myntassets.com/v1/images/style/properties/75c8932f3b5a274c73e3c94f95540d7b_images.jpg,Men,Apparel,Topwear,Tshirts,Black,Summer,2012.0,Casual,Nike Men Printed Black T-shirt,Men Apparel Topwear Tshirts Black Summer 2012.0 Casual Nike Men Printed Black T-shirt
56026,56026.jpg,http://assets.myntassets.com/v1/images/style/properties/ColorBar-Soft-Touch-Mousse-Lipstick-025_9acb45fa8b3bc6021e8ef261642e9de1_images.jpg,Women,Personal Care,Lips,Lipstick,Brown,Spring,2017.0,Casual,Colorbar Soft Touch Mousse Lipstick 025,Women Personal Care Lips Lipstick Brown Spring 2017.0 Casual Colorbar Soft Touch Mousse Lipstick 025
21948,21948.jpg,http://assets.myntassets.com/v1/images/style/properties/bf2a4f36c9cc6b2fb51c5e7bad341681_images.jpg,Women,Accessories,Bags,Handbags,Brown,Winter,2015.0,Casual,Murcia Women Casual Brown Handbag,Women Accessories Bags Handbags Brown Winter 2015.0 Casual Murcia Women Casual Brown Handbag
32563,32563.jpg,http://assets.myntassets.com/v1/images/style/properties/ONLY-Women-directoire-blue-Trousers_9ad40a06ae4b8c071f84e12599c1c9b7_images.jpg,Women,Apparel,Bottomwear,Trousers,Blue,Summer,2012.0,Casual,ONLY Women directoire blue Trousers,Women Apparel Bottomwear Trousers Blue Summer 2012.0 Casual ONLY Women directoire blue Trousers
58980,58980.jpg,http://assets.myntassets.com/v1/images/style/properties/Colour-me-Women-Flowers-Deo_bbdd019aace399d86a7f5c4ba11f6881_images.jpg,Women,Personal Care,Fragrance,Deodorant,Pink,Spring,2017.0,Casual,Colour me Women Flowers Deo,Women Personal Care Fragrance Deodorant Pink Spring 2017.0 Casual Colour me Women Flowers Deo
40143,40143.jpg,http://assets.myntassets.com/v1/images/style/properties/fc3c1b46906d5c148c45f532d0b3ffb5_images.jpg,Girls,Apparel,Topwear,Tops,Blue,Summer,2012.0,Casual,Gini and Jony Girls Pretty Blossom Blue Top,Girls Apparel Topwear Tops Blue Summer 2012.0 Casual Gini and Jony Girls Pretty Blossom Blue Top
10633,10633.jpg,http://assets.myntassets.com/v1/images/style/properties/b195b911f558c0232e22849d1ca73193_images.jpg,Men,Footwear,Shoes,Formal Shoes,Brown,Fall,2011.0,Formal,Carlton London Men Formal Brown Formal Shoes,Men Footwear Shoes Formal Shoes Brown Fall 2011.0 Formal Carlton London Men Formal Brown Formal Shoes
24406,24406.jpg,http://assets.myntassets.com/v1/images/style/properties/cc658745ce38f9e09bec039a997155a9_images.jpg,Women,Apparel,Topwear,Kurtas,Red,Summer,2012.0,Ethnic,Vishudh Women Red Printed Kurta,Women Apparel Topwear Kurtas Red Summer 2012.0 Ethnic Vishudh Women Red Printed Kurta
4716,4716.jpg,http://assets.myntassets.com/v1/images/style/properties/d63e1260ab9823cd64cbe4336a5bb94d_images.jpg,Unisex,Accessories,Watches,Watches,Black,Winter,2016.0,Sports,ADIDAS Unisex Response ST Analogue Black Watch,Unisex Accessories Watches Watches Black Winter 2016.0 Sports ADIDAS Unisex Response ST Analogue Black Watch
21174,21174.jpg,http://assets.myntassets.com/v1/images/style/properties/5a76ef8930d8bd543d8f7e6f5383d390_images.jpg,Women,Apparel,Topwear,Tops,Beige,Fall,2011.0,Casual,s.Oliver Women Stripes Beige Top,Women Apparel Topwear Tops Beige Fall 2011.0 Casual s.Oliver Women Stripes Beige Top
15341,15341.jpg,http://assets.myntassets.com/v1/images/style/properties/f105cf31753c2cbdf23e8722dc83a019_images.jpg,Women,Apparel,Bottomwear,Shorts,Pink,Fall,2011.0,Sports,Nike Women Solid Pink Shorts,Women Apparel Bottomwear Shorts Pink Fall 2011.0 Sports Nike Women Solid Pink Shorts
52486,52486.jpg,http://assets.myntassets.com/v1/images/style/properties/Red-Rose-Maroon-Bra_c75c0ad76e53ba58736e6f8fd21d07b0_images.jpg,Women,Apparel,Innerwear,Camisoles,Maroon,Winter,2015.0,Casual,Red Rose Maroon Camisole,Women Apparel Innerwear Camisoles Maroon Winter 2015.0 Casual Red Rose Maroon Camisole
53554,53554.jpg,http://assets.myntassets.com/v1/images/style/properties/Probase-Men-Yellow-Boxers_80cada245724ee958e0c5721d51cfab7_images.jpg,Men,Apparel,Innerwear,Boxers,Multi,Summer,2016.0,Casual,Probase Multicoloured Printed Boxers,Men Apparel Innerwear Boxers Multi Summer 2016.0 Casual Probase Multicoloured Printed Boxers
14293,14293.jpg,http://assets.myntassets.com/v1/images/style/properties/8e4099bc672a376b156e1fe903fd5e16_images.jpg,Men,Apparel,Topwear,Tshirts,Blue,Fall,2011.0,Casual,Classic Polo Men Stripes Blue Tshirts,Men Apparel Topwear Tshirts Blue Fall 2011.0 Casual Classic Polo Men Stripes Blue Tshirts
47366,47366.jpg,http://assets.myntassets.com/v1/images/style/properties/895bed5b7e643c97fb880515cea0c930_images.jpg,Women,Accessories,Bags,Handbags,Blue,Summer,2012.0,Casual,Baggit Women Blue Bag,Women Accessories Bags Handbags Blue Summer 2012.0 Casual Baggit Women Blue Bag
6041,6041.jpg,http://assets.myntassets.com/v1/images/style/properties/b54b7d7f19b9dbb54c85c584719c46ef_images.jpg,Men,Apparel,Topwear,Tshirts,Navy Blue,Summer,2011.0,Casual,UCB Men's Polo Neck With Lion Logo Navy Blue T-shirt,Men Apparel Topwear Tshirts Navy Blue Summer 2011.0 Casual UCB Men's Polo Neck With Lion Logo Navy Blue T-shirt
23623,23623.jpg,http://assets.myntassets.com/v1/images/style/properties/ef9685293a987f515492addd034006bf_images.jpg,Girls,Apparel,Topwear,Tops,Pink,Fall,2011.0,Casual,Doodle Kids Girls Pink I love Shopping Top,Girls Apparel Topwear Tops Pink Fall 2011.0 Casual Doodle Kids Girls Pink I love Shopping Top
17416,17416.jpg,http://assets.myntassets.com/v1/images/style/properties/1279efc8b61fb461a804f0c1f82f276b_images.jpg,Men,Footwear,Shoes,Sports Shoes,Black,Fall,2011.0,Sports,Lotto Men Atlantica Black Sports Shoe,Men Footwear Shoes Sports Shoes Black Fall 2011.0 Sports Lotto Men Atlantica Black Sports Shoe
9835,9835.jpg,http://assets.myntassets.com/v1/images/style/properties/e2604389938f13f2cc1a772bba320a45_images.jpg,Women,Apparel,Topwear,Tshirts,Grey,Fall,2011.0,Casual,Little Miss Women Printed Grey T-shirt,Women Apparel Topwear Tshirts Grey Fall 2011.0 Casual Little Miss Women Printed Grey T-shirt
29319,29319.jpg,http://assets.myntassets.com/v1/images/style/properties/d0817a4778047d75a9d4f32e78b9b1fd_images.jpg,Unisex,Accessories,Bags,Backpacks,Red,Summer,2012.0,Casual,ADIDAS Unisex Chicago Bulls Red Backpack,Unisex Accessories Bags Backpacks Red Summer 2012.0 Casual ADIDAS Unisex Chicago Bulls Red Backpack
7193,7193.jpg,http://assets.myntassets.com/v1/images/style/properties/054b93509e888e996ba7b12b554870e3_images.jpg,Women,Apparel,Bottomwear,Jeans,Black,Fall,2011.0,Casual,Jealous 21 Women Black Jegging,Women Apparel Bottomwear Jeans Black Fall 2011.0 Casual Jealous 21 Women Black Jegging
12958,12958.jpg,http://assets.myntassets.com/v1/images/style/properties/9c0d1badace8d2eb9680232648e94d85_images.jpg,Men,Footwear,Shoes,Sports Shoes,Black,Fall,2011.0,Sports,ADIDAS Men Sports Black Sports Shoes,Men Footwear Shoes Sports Shoes Black Fall 2011.0 Sports ADIDAS Men Sports Black Sports Shoes
27283,27283.jpg,http://assets.myntassets.com/v1/images/style/properties/1dea61d01ec84aed63dcbb32adda717a_images.jpg,Women,Apparel,Topwear,Kurtas,Magenta,Fall,2011.0,Ethnic,Mother Earth Women Magenta Kurta,Women Apparel Topwear Kurtas Magenta Fall 2011.0 Ethnic Mother Earth Women Magenta Kurta
30234,30234.jpg,http://assets.myntassets.com/v1/images/style/properties/7b99e89eac30c7d4d78d54c8cc67e35a_images.jpg,Men,Footwear,Flip Flops,Flip Flops,Black,Summer,2012.0,Casual,Numero Uno Men Black Flip Flops,Men Footwear Flip Flops Flip Flops Black Summer 2012.0 Casual Numero Uno Men Black Flip Flops
9009,9009.jpg,http://assets.myntassets.com/v1/images/style/properties/b11805dfd1077ea3a4538fba3ffed149_images.jpg,Women,Accessories,Bags,Handbags,Brown,Winter,2015.0,Casual,Murcia Women Snake Print Bag Brown Handbags,Women Accessories Bags Handbags Brown Winter 2015.0 Casual Murcia Women Snake Print Bag Brown Handbags
3533,3533.jpg,http://assets.myntassets.com/v1/images/style/properties/c6a6fbe4d75e40529b7be5427d095142_images.jpg,Men,Apparel,Topwear,Tshirts,Navy Blue,Summer,2011.0,Casual,Myntra Men's If You Don't Like Navy Blue T-shirt,Men Apparel Topwear Tshirts Navy Blue Summer 2011.0 Casual Myntra Men's If You Don't Like Navy Blue T-shirt
42614,42614.jpg,http://assets.myntassets.com/v1/images/style/properties/4067d54c1f9caba707a51d665ef0e38e_images.jpg,Women,Accessories,Jewellery,Jewellery Set,Gold,Winter,2016.0,Casual,Estelle Women Earrings & Pendant Set,Women Accessories Jewellery Jewellery Set Gold Winter 2016.0 Casual Estelle Women Earrings & Pendant Set
12164,12164.jpg,http://assets.myntassets.com/v1/images/style/properties/88540c74d7d507c9371c5d9f37125ce1_images.jpg,Women,Apparel,Topwear,Dupatta,Orange,Fall,2011.0,Ethnic,Aurelia Women Voile Orange Dupatta,Women Apparel Topwear Dupatta Orange Fall 2011.0 Ethnic Aurelia Women Voile Orange Dupatta
26351,26351.jpg,http://assets.myntassets.com/v1/images/style/properties/a002d0eed07e5e2c140da41e8db2ddf7_images.jpg,Women,Accessories,Watches,Watches,White,Winter,2016.0,Casual,DKNY Women White Dial Watch NY8472,Women Accessories Watches Watches White Winter 2016.0 Casual DKNY Women White Dial Watch NY8472
17624,17624.jpg,http://assets.myntassets.com/v1/images/style/properties/98252134c6398e50aeebd873e6eafceb_images.jpg,Men,Apparel,Bottomwear,Track Pants,Navy Blue,Fall,2011.0,Sports,ADIDAS Men Solid Navy Blue Track Pant,Men Apparel Bottomwear Track Pants Navy Blue Fall 2011.0 Sports ADIDAS Men Solid Navy Blue Track Pant
47154,47154.jpg,http://assets.myntassets.com/v1/images/style/properties/5158808a5bdd60c8c8af6999f8481160_images.jpg,Girls,Apparel,Bottomwear,Capris,Black,Summer,2012.0,Casual,Gini and Jony Girls Black Capris,Girls Apparel Bottomwear Capris Black Summer 2012.0 Casual Gini and Jony Girls Black Capris
35574,35574.jpg,http://assets.myntassets.com/v1/images/style/properties/9c1df994bfd66e4485b82d0e74066d98_images.jpg,Men,Footwear,Flip Flops,Flip Flops,Red,Summer,2013.0,Casual,Gliders Men Esquire Red Flip Flops,Men Footwear Flip Flops Flip Flops Red Summer 2013.0 Casual Gliders Men Esquire Red Flip Flops
46086,46086.jpg,http://assets.myntassets.com/v1/images/style/properties/97b4da7324d9f9b3a6f507333141faae_images.jpg,Women,Footwear,Shoes,Sports Shoes,Lavender,Summer,2012.0,Sports,ADIDAS Women Lavender Hagkok Sports Shoes,Women Footwear Shoes Sports Shoes Lavender Summer 2012.0 Sports ADIDAS Women Lavender Hagkok Sports Shoes
51031,51031.jpg,http://assets.myntassets.com/v1/images/style/properties/493409fb23791fa2cb220289e92affd7_images.jpg,Women,Apparel,Innerwear,Bra,White,Summer,2017.0,Casual,Enamor White Bra,Women Apparel Innerwear Bra White Summer 2017.0 Casual Enamor White Bra
13284,13284.jpg,http://assets.myntassets.com/v1/images/style/properties/1d2eaf1491e0bf4906165ab1eaff3ad1_images.jpg,Men,Apparel,Bottomwear,Shorts,Black,Fall,2011.0,Casual,Gini and Jony Kids Boys Solid Black Shorts,Men Apparel Bottomwear Shorts Black Fall 2011.0 Casual Gini and Jony Kids Boys Solid Black Shorts
54543,54543.jpg,http://assets.myntassets.com/v1/images/style/properties/F-Sports-Men-White-Outlander-Sports-Shoes_b600b7c68b5e9dd8b56dcd8732ce0fda_images.jpg,Men,Footwear,Shoes,Sports Shoes,White,Fall,2012.0,Casual,F Sports Men White Outlander Sports Shoes,Men Footwear Shoes Sports Shoes White Fall 2012.0 Casual F Sports Men White Outlander Sports Shoes
55491,55491.jpg,http://assets.myntassets.com/v1/images/style/properties/Revlon-Gold-Dust-Poussiere-Doree-Colorburst-Lip-Gloss-024_ed41da69ac3f9c1c17cb6517a999b749_images.jpg,Women,Personal Care,Lips,Lip Gloss,Brown,Spring,2017.0,Casual,Revlon Gold Dust Poussiere Doree Colorburst Lip Gloss 024,Women Personal Care Lips Lip Gloss Brown Spring 2017.0 Casual Revlon Gold Dust Poussiere Doree Colorburst Lip Gloss 024
26163,26163.jpg,http://assets.myntassets.com/v1/images/style/properties/987d4390421e951dafe4bfdaba57f5fd_images.jpg,Men,Apparel,Bottomwear,Trousers,Grey,Summer,2012.0,Formal,John Miller Men Dark Grey Trousers,Men Apparel Bottomwear Trousers Grey Summer 2012.0 Formal John Miller Men Dark Grey Trousers
3701,3701.jpg,http://assets.myntassets.com/v1/images/style/properties/906c588711dcf840a61168758f463664_images.jpg,Women,Apparel,Topwear,Tshirts,Black,Summer,2011.0,Casual,Tantra Women Flower Heart Black Long T-shirt,Women Apparel Topwear Tshirts Black Summer 2011.0 Casual Tantra Women Flower Heart Black Long T-shirt
29917,29917.jpg,http://assets.myntassets.com/v1/images/style/properties/Police-Men-Steel-Dial-Watch_51e58f90f98b042641c9b54f09b54fd6_images.jpg,Men,Accessories,Watches,Watches,White,Winter,2016.0,Casual,Police Men White Dial Watch PL12698JS,Men Accessories Watches Watches White Winter 2016.0 Casual Police Men White Dial Watch PL12698JS
42426,42426.jpg,http://assets.myntassets.com/v1/images/style/properties/2e25195b2eaba31b89a991f2e0dbd532_images.jpg,Women,Apparel,Topwear,Kurtas,Sea Green,Summer,2012.0,Ethnic,Aurelia Women Sea Green Kurta,Women Apparel Topwear Kurtas Sea Green Summer 2012.0 Ethnic Aurelia Women Sea Green Kurta
32751,32751.jpg,http://assets.myntassets.com/v1/images/style/properties/ea051d39d65bfdcba994e6cd49061bd7_images.jpg,Men,Footwear,Shoes,Casual Shoes,Black,Summer,2012.0,Casual,FILA Men Liga II Black Shoes,Men Footwear Shoes Casual Shoes Black Summer 2012.0 Casual FILA Men Liga II Black Shoes
56214,56214.jpg,http://assets.myntassets.com/v1/images/style/properties/Estelle-Earrings_7271511bf974f34b0c0e80431617e034_images.jpg,Women,Accessories,Jewellery,Earrings,Gold,Winter,2016.0,Casual,Estelle Women Gold Earrings,Women Accessories Jewellery Earrings Gold Winter 2016.0 Casual Estelle Women Gold Earrings
10401,10401.jpg,http://assets.myntassets.com/v1/images/style/properties/144954d20ce2e31fe6953f3e249e9a68_images.jpg,Women,Apparel,Topwear,Tops,Purple,Fall,2011.0,Casual,Jealous 21 Women Uaine Purple Tops,Women Apparel Topwear Tops Purple Fall 2011.0 Casual Jealous 21 Women Uaine Purple Tops
40371,40371.jpg,http://assets.myntassets.com/v1/images/style/properties/a6ea6713bae041ef4f62d3612586d1ef_images.jpg,Women,Apparel,Bottomwear,Jeans,Navy Blue,Summer,2012.0,Casual,Tokyo Talkies Women Navy Slim Fit Jeans,Women Apparel Bottomwear Jeans Navy Blue Summer 2012.0 Casual Tokyo Talkies Women Navy Slim Fit Jeans
21346,21346.jpg,http://assets.myntassets.com/v1/images/style/properties/e9266175735b50a2f6d100ae2ef44fe6_images.jpg,Men,Accessories,Eyewear,Sunglasses,Gold,Winter,2016.0,Casual,Pal Zileri Men Casual Gold Frame Sunglasses,Men Accessories Eyewear Sunglasses Gold Winter 2016.0 Casual Pal Zileri Men Casual Gold Frame Sunglasses
45603,45603.jpg,http://assets.myntassets.com/v1/images/style/properties/8f3b9f4c5f554e39681567b22985966e_images.jpg,Men,Footwear,Shoes,Formal Shoes,Black,Summer,2012.0,Formal,Arrow Men Black Formal Shoes,Men Footwear Shoes Formal Shoes Black Summer 2012.0 Formal Arrow Men Black Formal Shoes
4524,4524.jpg,http://assets.myntassets.com/v1/images/style/properties/fae0ae76d008674551fbdbb64988ea51_images.jpg,Men,Footwear,Shoes,Sports Shoes,Black,Summer,2011.0,Sports,Puma Men's YugoRun Black White Shoe,Men Footwear Shoes Sports Shoes Black Summer 2011.0 Sports Puma Men's YugoRun Black White Shoe
37223,37223.jpg,http://assets.myntassets.com/v1/images/style/properties/58c4b740c2d2e9b52c6900579c7ff2d2_images.jpg,Women,Apparel,Topwear,Tops,Blue,Summer,2012.0,Casual,United Colors of Benetton Women Blue Top,Women Apparel Topwear Tops Blue Summer 2012.0 Casual United Colors of Benetton Women Blue Top
53766,53766.jpg,http://assets.myntassets.com/v1/images/style/properties/Puma-Men-White-and-Navy-Blue-Stripe-Polo-T-shirt_a81acd98afcadd66fa8ee8531c82ad46_images.jpg,Men,Apparel,Topwear,Tshirts,White,Summer,2012.0,Casual,Puma Men White and Navy Blue T-shirt,Men Apparel Topwear Tshirts White Summer 2012.0 Casual Puma Men White and Navy Blue T-shirt
25520,25520.jpg,http://assets.myntassets.com/v1/images/style/properties/416f7bd57546242fd72a817de0d517e5_images.jpg,Girls,Apparel,Topwear,Tops,White,Fall,2011.0,Casual,Doodle Kids Girls City Chic White Top,Girls Apparel Topwear Tops White Fall 2011.0 Casual Doodle Kids Girls City Chic White Top
32597,32597.jpg,http://assets.myntassets.com/v1/images/style/properties/9d4d7aa206e22813311c0a0406ce02a4_images.jpg,Women,Apparel,Topwear,Tops,Black,Summer,2012.0,Casual,ONLY Women Black Top,Women Apparel Topwear Tops Black Summer 2012.0 Casual ONLY Women Black Top
58974,58974.jpg,http://assets.myntassets.com/v1/images/style/properties/Colour-me-Men-Gold-Deo_73efa9034af7165f848dcc367558b461_images.jpg,Men,Personal Care,Fragrance,Deodorant,Gold,Spring,2017.0,Casual,Colour me Men Gold Deo,Men Personal Care Fragrance Deodorant Gold Spring 2017.0 Casual Colour me Men Gold Deo
33445,33445.jpg,http://assets.myntassets.com/v1/images/style/properties/6222ae36196ec90b30a683927c219428_images.jpg,Women,Accessories,Wallets,Wallets,Black,Summer,2012.0,Casual,Baggit Women Lamboo Mayur Black Wallet,Women Accessories Wallets Wallets Black Summer 2012.0 Casual Baggit Women Lamboo Mayur Black Wallet
57100,57100.jpg,http://assets.myntassets.com/v1/images/style/properties/Elle-Women-Dark-Pink-Top_ce0e1c18ffc47444dcb28bb7b78ae13f_images.jpg,Women,Apparel,Topwear,Tops,Pink,Summer,2012.0,Casual,Elle Women Dark Pink Top,Women Apparel Topwear Tops Pink Summer 2012.0 Casual Elle Women Dark Pink Top
36137,36137.jpg,http://assets.myntassets.com/v1/images/style/properties/5b0a6dd6aadd4d4ba230ff849b36481b_images.jpg,Women,Footwear,Shoes,Sports Shoes,Pink,Summer,2012.0,Sports,Nike Women Free Run Pink Sports Shoes,Women Footwear Shoes Sports Shoes Pink Summer 2012.0 Sports Nike Women Free Run Pink Sports Shoes
41859,41859.jpg,http://assets.myntassets.com/v1/images/style/properties/2a07ce87fedfca8928f12f3ddf6b7632_images.jpg,Men,Footwear,Sandal,Sandals,Black,Summer,2016.0,Casual,Estd. 1977 Men Black Sandals,Men Footwear Sandal Sandals Black Summer 2016.0 Casual Estd. 1977 Men Black Sandals
21180,21180.jpg,http://assets.myntassets.com/v1/images/style/properties/b057c9e8d5ccc63369807a12f67a39ac_images.jpg,Men,Footwear,Flip Flops,Flip Flops,Black,Summer,2011.0,Casual,ADIDAS Men Adi Cells Black Flip Flops,Men Footwear Flip Flops Flip Flops Black Summer 2011.0 Casual ADIDAS Men Adi Cells Black Flip Flops
39943,39943.jpg,http://assets.myntassets.com/v1/images/style/properties/f2d705addd04fcf5516aef873254441e_images.jpg,Men,Footwear,Shoes,Casual Shoes,Brown,Summer,2013.0,Casual,GAS Men Brown Count Casual Shoes,Men Footwear Shoes Casual Shoes Brown Summer 2013.0 Casual GAS Men Brown Count Casual Shoes
52472,52472.jpg,http://assets.myntassets.com/v1/images/style/properties/Red-Rose-Women-Bath-Robe_b47ef24153050e66fce7429a01204ca9_images.jpg,Women,Apparel,Loungewear and Nightwear,Bath Robe,Pink,Winter,2015.0,Casual,Red Rose Women White & Pink Polka Dot Print Bath Robe,Women Apparel Loungewear and Nightwear Bath Robe Pink Winter 2015.0 Casual Red Rose Women White & Pink Polka Dot Print Bath Robe
58148,58148.jpg,http://assets.myntassets.com/v1/images/style/properties/Puma-Unisex-White-Cap_d397dc3eb9ff8a12d079f08a9b6c430d_images.jpg,Unisex,Accessories,Headwear,Caps,White,Fall,2012.0,Casual,Puma Unisex White Cap,Unisex Accessories Headwear Caps White Fall 2012.0 Casual Puma Unisex White Cap
20052,20052.jpg,http://assets.myntassets.com/v1/images/style/properties/70506325cf800559ba06b15300846ea8_images.jpg,Women,Accessories,Mufflers,Mufflers,Yellow,Fall,2011.0,Casual,United Colors Of Benetton Women Yellow Muffler,Women Accessories Mufflers Mufflers Yellow Fall 2011.0 Casual United Colors Of Benetton Women Yellow Muffler
5630,5630.jpg,http://assets.myntassets.com/v1/images/style/properties/9234f2dacc377d713b7788f670f7bf9d_images.jpg,Women,Footwear,Flip Flops,Flip Flops,Blue,Summer,2011.0,Casual,ADIDAS Women's Adi Groove Blue Flip Flop,Women Footwear Flip Flops Flip Flops Blue Summer 2011.0 Casual ADIDAS Women's Adi Groove Blue Flip Flop
44517,44517.jpg,http://assets.myntassets.com/v1/images/style/properties/Coolers-Men-POKAR-Brown-Flip-Flops_8b247db935e7cfffb8f5a0b8d578f7bf_images.jpg,Men,Footwear,Flip Flops,Flip Flops,Brown,Summer,2013.0,Casual,Coolers Men Brown Pokar Flip Flops,Men Footwear Flip Flops Flip Flops Brown Summer 2013.0 Casual Coolers Men Brown Pokar Flip Flops
47392,47392.jpg,http://assets.myntassets.com/v1/images/style/properties/1041605c3decc95ef96c970da17ad051_images.jpg,Women,Accessories,Bags,Handbags,Beige,Fall,2012.0,Casual,Baggit Women Beige Bag,Women Accessories Bags Handbags Beige Fall 2012.0 Casual Baggit Women Beige Bag
50325,50325.jpg,http://assets.myntassets.com/v1/images/style/properties/Aurelia-Women-Navy-Blue-Kurta_269c51a0aa07f814b0d68df6b37d4113_images.jpg,Women,Apparel,Topwear,Kurtas,Navy Blue,Summer,2012.0,Ethnic,Aurelia Women Navy Blue Kurta,Women Apparel Topwear Kurtas Navy Blue Summer 2012.0 Ethnic Aurelia Women Navy Blue Kurta
8913,8913.jpg,http://assets.myntassets.com/v1/images/style/properties/c7a70ae4f57ca4c605f4fabb82c735fc_images.jpg,Men,Footwear,Shoes,Sports Shoes,White,Fall,2011.0,Sports,Puma Men Cabana Racer Sketch White Sports Shoes,Men Footwear Shoes Sports Shoes White Fall 2011.0 Sports Puma Men Cabana Racer Sketch White Sports Shoes
16530,16530.jpg,http://assets.myntassets.com/v1/images/style/properties/e87ae94ffdf37c089daaad8d451f6995_images.jpg,Men,Apparel,Topwear,Shirts,Red,Fall,2011.0,Casual,Locomotive Men Check Red Shirt,Men Apparel Topwear Shirts Red Fall 2011.0 Casual Locomotive Men Check Red Shirt
22705,22705.jpg,http://assets.myntassets.com/v1/images/style/properties/9f8463e724322e0b47cc9f615acab635_images.jpg,Men,Footwear,Shoes,Casual Shoes,White,Fall,2011.0,Casual,Nike Men White Capri II Casual Shoe,Men Footwear Shoes Casual Shoes White Fall 2011.0 Casual Nike Men White Capri II Casual Shoe
7167,7167.jpg,http://assets.myntassets.com/v1/images/style/properties/11dcaeada4fab2e575c449e922425c5d_images.jpg,Men,Apparel,Topwear,Shirts,Purple,Fall,2011.0,Casual,Scullers Men Scul Purple White Shirt,Men Apparel Topwear Shirts Purple Fall 2011.0 Casual Scullers Men Scul Purple White Shirt
46240,46240.jpg,http://assets.myntassets.com/v1/images/style/properties/3c92594cc9b62cba6a314a9ca9fd1e19_images.jpg,Women,Apparel,Topwear,Tunics,White,Summer,2012.0,Casual,Fusion Beats Women White Printed Tunic,Women Apparel Topwear Tunics White Summer 2012.0 Casual Fusion Beats Women White Printed Tunic
27277,27277.jpg,http://assets.myntassets.com/v1/images/style/properties/a576a21253c4cc6b7c04426389c1c58f_images.jpg,Women,Apparel,Topwear,Kurtas,Green,Fall,2011.0,Ethnic,Mother Earth Women Blue Kurta,Women Apparel Topwear Kurtas Green Fall 2011.0 Ethnic Mother Earth Women Blue Kurta
13042,13042.jpg,http://assets.myntassets.com/v1/images/style/properties/be1fc833328c2708141568e2476abe81_images.jpg,Women,Footwear,Shoes,Flats,Brown,Winter,2012.0,Casual,Inc 5 Women Brown Heels,Women Footwear Shoes Flats Brown Winter 2012.0 Casual Inc 5 Women Brown Heels
6889,6889.jpg,http://assets.myntassets.com/v1/images/style/properties/01c417703d7775105ba346c691f4700b_images.jpg,Women,Apparel,Topwear,Jackets,Cream,Summer,2011.0,Casual,Forever New Women Stone Cream Jacket,Women Apparel Topwear Jackets Cream Summer 2011.0 Casual Forever New Women Stone Cream Jacket
31312,31312.jpg,http://assets.myntassets.com/v1/images/style/properties/8e6291cb947f1d35eb4ebc3c73baf1eb_images.jpg,Women,Apparel,Topwear,Kurtas,Peach,Summer,2012.0,Ethnic,W Women Peach Kurta,Women Apparel Topwear Kurtas Peach Summer 2012.0 Ethnic W Women Peach Kurta
12190,12190.jpg,http://assets.myntassets.com/v1/images/style/properties/2811fe105e63b5795a6442edb85bb6cd_images.jpg,Men,Apparel,Topwear,Shirts,Blue,Fall,2011.0,Casual,Basics Men Blue Slim Fit Checked Shirt,Men Apparel Topwear Shirts Blue Fall 2011.0 Casual Basics Men Blue Slim Fit Checked Shirt
55657,55657.jpg,http://assets.myntassets.com/v1/images/style/properties/Catwalk-Women-Golden-Sandals_5fddd65067f3c7c0224439efc7a99ac8_images.jpg,Women,Footwear,Shoes,Heels,Gold,Winter,2015.0,Casual,Catwalk Women Golden Wedges,Women Footwear Shoes Heels Gold Winter 2015.0 Casual Catwalk Women Golden Wedges
19578,19578.jpg,http://assets.myntassets.com/v1/images/style/properties/97d87b20b1a8810ee10f617a8a7ccc52_images.jpg,Women,Apparel,Topwear,Tops,Purple,Summer,2011.0,Casual,United Colors of Benetton Women Solid Purple Top,Women Apparel Topwear Tops Purple Summer 2011.0 Casual United Colors of Benetton Women Solid Purple Top
27879,27879.jpg,http://assets.myntassets.com/v1/images/style/properties/018b322355f8a44f117488fee256049c_images.jpg,Women,Apparel,Topwear,Tops,Blue,Summer,2012.0,Casual,Scullers For Her Women Blue Top,Women Apparel Topwear Tops Blue Summer 2012.0 Casual Scullers For Her Women Blue Top
34452,34452.jpg,http://assets.myntassets.com/v1/images/style/properties/93455095a8c1bc951c7bd258b600dfa1_images.jpg,Women,Footwear,Shoes,Flats,Copper,Winter,2012.0,Casual,Rocia Women Copper Sandals,Women Footwear Shoes Flats Copper Winter 2012.0 Casual Rocia Women Copper Sandals
6287,6287.jpg,http://assets.myntassets.com/v1/images/style/properties/Classic-Polo-Mens-Swiss-Yellow-T-shirt_e87fa11cdb977d11d3e673a69f4a63db_images.jpg,Men,Apparel,Topwear,Tshirts,Yellow,Summer,2011.0,Casual,Classic Polo Men's Swiss Yellow T-shirt,Men Apparel Topwear Tshirts Yellow Summer 2011.0 Casual Classic Polo Men's Swiss Yellow T-shirt
7355,7355.jpg,http://assets.myntassets.com/v1/images/style/properties/7c9e2e7c405128361af34be207a439a2_images.jpg,Men,Apparel,Topwear,Tshirts,Navy Blue,Fall,2011.0,Casual,Tantra Men's Black Sabbath Navy T-shirt,Men Apparel Topwear Tshirts Navy Blue Fall 2011.0 Casual Tantra Men's Black Sabbath Navy T-shirt
46072,46072.jpg,http://assets.myntassets.com/v1/images/style/properties/749432e06d8d1b969077552ecebd9cd4_images.jpg,Men,Accessories,Belts,Belts,Black,Summer,2012.0,Casual,Lino Perros Men Black Leather Belt,Men Accessories Belts Belts Black Summer 2012.0 Casual Lino Perros Men Black Leather Belt
22537,22537.jpg,http://assets.myntassets.com/v1/images/style/properties/465863ba7b810b5ef6c516fe91c77308_images.jpg,Men,Footwear,Sandal,Sandals,Tan,Summer,2013.0,Casual,Gas Men Eldorado Tan Casual  Sandals,Men Footwear Sandal Sandals Tan Summer 2013.0 Casual Gas Men Eldorado Tan Casual  Sandals
28831,28831.jpg,http://assets.myntassets.com/v1/images/style/properties/9d76cb50cdc99a3519f78164dbc691ae_images.jpg,Women,Apparel,Innerwear,Briefs,Brown,Summer,2017.0,Casual,Enamor Women Pack of 3 Mid-Rise Bikini Brief,Women Apparel Innerwear Briefs Brown Summer 2017.0 Casual Enamor Women Pack of 3 Mid-Rise Bikini Brief
43500,43500.jpg,http://assets.myntassets.com/v1/images/style/properties/9dc3c008c07a5df5b46622ee5d8579de_images.jpg,Men,Apparel,Topwear,Tshirts,White,Summer,2012.0,Casual,French Connection Men White T-shirt,Men Apparel Topwear Tshirts White Summer 2012.0 Casual French Connection Men White T-shirt
2627,2627.jpg,http://assets.myntassets.com/v1/images/style/properties/a2a3d03e64b5041ab052d5a6b10d282a_images.jpg,Women,Footwear,Shoes,Flats,Silver,Fall,2010.0,Casual,Carlton London Women Wedge Silver Sandal,Women Footwear Shoes Flats Silver Fall 2010.0 Casual Carlton London Women Wedge Silver Sandal
27045,27045.jpg,http://assets.myntassets.com/v1/images/style/properties/b548017b7f2a2d8582c75ac1afeeb28b_images.jpg,Women,Accessories,Bags,Clutches,Off White,Summer,2012.0,Casual,Yelloe Off White Fur Zip Clutch,Women Accessories Bags Clutches Off White Summer 2012.0 Casual Yelloe Off White Fur Zip Clutch
13270,13270.jpg,http://assets.myntassets.com/v1/images/style/properties/b590f001fb08f324b17ce869686b27dc_images.jpg,Women,Apparel,Topwear,Tops,White,Fall,2011.0,Casual,Palm Tree Kids Girls Printed White Tops,Women Apparel Topwear Tops White Fall 2011.0 Casual Palm Tree Kids Girls Printed White Tops
18698,18698.jpg,http://assets.myntassets.com/v1/images/style/properties/Hanes-Men-Ultimate-Grey-Brief_0782bb329d30535e2a3bef5657940458_images.jpg,Men,Apparel,Innerwear,Briefs,Grey,Summer,2016.0,Casual,Hanes Men Grey Ultimate Duo Dry Cotton Stretch Bikini Briefs,Men Apparel Innerwear Briefs Grey Summer 2016.0 Casual Hanes Men Grey Ultimate Duo Dry Cotton Stretch Bikini Briefs
55465,55465.jpg,http://assets.myntassets.com/v1/images/style/properties/Revlon-Super-Lusterous-Mad-About-Mauve-Lipstick-304_82c2b163c41babfca78eeb61693c666d_images.jpg,Women,Personal Care,Lips,Lipstick,Red,Spring,2017.0,Casual,Revlon Super Lusterous Lipstick 304,Women Personal Care Lips Lipstick Red Spring 2017.0 Casual Revlon Super Lusterous Lipstick 304
26197,26197.jpg,http://assets.myntassets.com/v1/images/style/properties/ebe4131154706db0b3469237133343e2_images.jpg,Men,Personal Care,Fragrance,Perfume and Body Mist,Green,Spring,2017.0,Casual,Formula 1 Go Men Perfume,Men Personal Care Fragrance Perfume and Body Mist Green Spring 2017.0 Casual Formula 1 Go Men Perfume
31120,31120.jpg,http://assets.myntassets.com/v1/images/style/properties/83f4ab34db71459ba1f80bb8992cf9d5_images.jpg,Girls,Apparel,Topwear,Tops,Pink,Summer,2012.0,Casual,Palm Tree Girls Pink Top,Girls Apparel Topwear Tops Pink Summer 2012.0 Casual Palm Tree Girls Pink Top
25712,25712.jpg,http://assets.myntassets.com/v1/images/style/properties/Adidas-Unisex-Blue-Capf0fdfddb2e26677c8067afe9586c6cba_images.jpg,Unisex,Accessories,Headwear,Caps,Blue,Summer,2012.0,Sports,ADIDAS Unisex Blue Cap,Unisex Accessories Headwear Caps Blue Summer 2012.0 Sports ADIDAS Unisex Blue Cap
11527,11527.jpg,http://assets.myntassets.com/v1/images/style/properties/6c598ee94ff155384130481aec05525e_images.jpg,Men,Apparel,Topwear,Tshirts,Olive,Fall,2011.0,Casual,United Colors of Benetton Men Olive Tshirts,Men Apparel Topwear Tshirts Olive Fall 2011.0 Casual United Colors of Benetton Men Olive Tshirts
14869,14869.jpg,http://assets.myntassets.com/v1/images/style/properties/09fca1f67e3f78b18f76473749d93e59_images.jpg,Men,Accessories,Wallets,Wallets,Black,Summer,2011.0,Casual,United Colors of Benetton Men Solid Black Wallets,Men Accessories Wallets Wallets Black Summer 2011.0 Casual United Colors of Benetton Men Solid Black Wallets
40385,40385.jpg,http://assets.myntassets.com/v1/images/style/properties/9e616458a21ce9d3b0ddf0895b24df0b_images.jpg,Women,Apparel,Topwear,Tops,Yellow,Summer,2012.0,Casual,Tokyo Talkies Women Yellow Top,Women Apparel Topwear Tops Yellow Summer 2012.0 Casual Tokyo Talkies Women Yellow Top
15187,15187.jpg,http://assets.myntassets.com/v1/images/style/properties/10d750eb60726aff0c78cd599a20e0ab_images.jpg,Men,Apparel,Topwear,Tshirts,White,Fall,2011.0,Casual,Arrow Sport Men Solid White Polo Tshirts,Men Apparel Topwear Tshirts White Fall 2011.0 Casual Arrow Sport Men Solid White Polo Tshirts
5402,5402.jpg,http://assets.myntassets.com/v1/images/style/properties/5dfa5ed32e290bbaeedd937ecdaa9a8b_images.jpg,Women,Footwear,Shoes,Sports Shoes,Purple,,2011.0,Sports,Kalenji Ekiden 200 Wn Purple 2011,Women Footwear Shoes Sports Shoes Purple  2011.0 Sports Kalenji Ekiden 200 Wn Purple 2011
44725,44725.jpg,http://assets.myntassets.com/v1/images/style/properties/839c627c80dba9ac4412db3f35a52bb7_images.jpg,Women,Footwear,Flip Flops,Flip Flops,Orange,Summer,2012.0,Casual,Lotto Women Coral Elegant Flip Flops,Women Footwear Flip Flops Flip Flops Orange Summer 2012.0 Casual Lotto Women Coral Elegant Flip Flops
14055,14055.jpg,http://assets.myntassets.com/v1/images/style/properties/6934c2d1bc11313536fd82a1192a1d33_images.jpg,Men,Apparel,Topwear,Shirts,Green,Fall,2011.0,Casual,Flying Machine Men Check Green Shirts,Men Apparel Topwear Shirts Green Fall 2011.0 Casual Flying Machine Men Check Green Shirts
20260,20260.jpg,http://assets.myntassets.com/v1/images/style/properties/7909093ce4f956a24582b330a249d911_images.jpg,Men,Apparel,Topwear,Tshirts,Navy Blue,Fall,2011.0,Casual,Wrangler Men Applique Navy Blue Tshirt,Men Apparel Topwear Tshirts Navy Blue Fall 2011.0 Casual Wrangler Men Applique Navy Blue Tshirt
7731,7731.jpg,http://assets.myntassets.com/v1/images/style/properties/9473ae18face7603f7bdb4b6fda3d8e2_images.jpg,Men,Footwear,Flip Flops,Flip Flops,Grey,Winter,2011.0,Casual,Puma Men's Winglet II Grey Yellow White Flip Flop,Men Footwear Flip Flops Flip Flops Grey Winter 2011.0 Casual Puma Men's Winglet II Grey Yellow White Flip Flop
22153,22153.jpg,http://assets.myntassets.com/v1/images/style/properties/99808c9bdfee6165a0cec81d0219c1a1_images.jpg,Men,Footwear,Sandal,Sandals,Brown,Summer,2011.0,Casual,Lee Cooper Men Brown Casual Sandals,Men Footwear Sandal Sandals Brown Summer 2011.0 Casual Lee Cooper Men Brown Casual Sandals
43958,43958.jpg,http://assets.myntassets.com/v1/images/style/properties/Puma-Men-Olive-Techno-Ind-Sandal_3e7aa0b204f4317a017dfbefe260700b_images.jpg,Men,Footwear,Sandal,Sandals,Olive,Fall,2012.0,Casual,Puma Men Olive Techno Ind Sandal,Men Footwear Sandal Sandals Olive Fall 2012.0 Casual Puma Men Olive Techno Ind Sandal
28469,28469.jpg,http://assets.myntassets.com/v1/images/style/properties/8e3ddd6772fdb8b69c328402aa2baa0c_images.jpg,Women,Apparel,Topwear,Tshirts,Pink,Summer,2012.0,Casual,Urban Yoga Women Printed Pink T-shirt,Women Apparel Topwear Tshirts Pink Summer 2012.0 Casual Urban Yoga Women Printed Pink T-shirt
50573,50573.jpg,http://assets.myntassets.com/v1/images/style/properties/cbcfe2066b676f7852c6282f85dfc43b_images.jpg,Men,Apparel,Innerwear,Trunk,Charcoal,Summer,2016.0,Casual,Chromozome Men Charcoal Trunk Trunks,Men Apparel Innerwear Trunk Charcoal Summer 2016.0 Casual Chromozome Men Charcoal Trunk Trunks
34036,34036.jpg,http://assets.myntassets.com/v1/images/style/properties/17d5cdd77de6f87ee2451b98f3466d88_images.jpg,Boys,Apparel,Topwear,Shirts,Blue,Summer,2012.0,Casual,Palm Tree Boys Check Blue Shirt,Boys Apparel Topwear Shirts Blue Summer 2012.0 Casual Palm Tree Boys Check Blue Shirt
55001,55001.jpg,http://assets.myntassets.com/assets/images/55001/2018/3/9/11520591701090-Lakme-Absolute-Lip-Last-Day-Kiss-Lip-Colour-9831520591701048-1.jpg,Women,Personal Care,Lips,Lipstick,Pink,Spring,2017.0,,Lakme Absolute Lip Last Day Kiss Lip Colour,Women Personal Care Lips Lipstick Pink Spring 2017.0  Lakme Absolute Lip Last Day Kiss Lip Colour
8779,8779.jpg,http://assets.myntassets.com/v1/images/style/properties/f3dc8c5e7e7d7394150506a3f2f417c0_images.jpg,Men,Apparel,Topwear,Shirts,Navy Blue,Fall,2011.0,Casual,Indigo Nation Men Club Satin Hot Stepper Navy Blue Shirt,Men Apparel Topwear Shirts Navy Blue Fall 2011.0 Casual Indigo Nation Men Club Satin Hot Stepper Navy Blue Shirt
3391,3391.jpg,http://assets.myntassets.com/v1/images/style/properties/61d4d060e05c3e4ff1771c5e724d6c16_images.jpg,Women,Accessories,Bags,Handbags,White,Winter,2015.0,Casual,Murcia Women White With Stitch Bag,Women Accessories Bags Handbags White Winter 2015.0 Casual Murcia Women White With Stitch Bag
43164,43164.jpg,http://assets.myntassets.com/v1/images/style/properties/20e55321f145a292edb4cc9776ea1985_images.jpg,Men,Accessories,Watches,Watches,Black,Winter,2016.0,Casual,Fastrack Men Black Watch,Men Accessories Watches Watches Black Winter 2016.0 Casual Fastrack Men Black Watch
2243,2243.jpg,http://assets.myntassets.com/v1/images/style/properties/e1bba450764df5aed92151be769e42d0_images.jpg,Men,Apparel,Topwear,Tshirts,White,Fall,2010.0,Sports,ADIDAS Men Stripe Polo White Polo T-shirt,Men Apparel Topwear Tshirts White Fall 2010.0 Sports ADIDAS Men Stripe Polo White Polo T-shirt
30496,30496.jpg,http://assets.myntassets.com/v1/images/style/properties/Lovable-Women-Fiona-Purple-Bra_82e37d2949af0a30ff61f6f7fc80cadc_images.jpg,Women,Apparel,Innerwear,Bra,Purple,Summer,2014.0,Casual,Lovable Women Fiona Purple Bra,Women Apparel Innerwear Bra Purple Summer 2014.0 Casual Lovable Women Fiona Purple Bra
27421,27421.jpg,http://assets.myntassets.com/assets/images/27421/2015/11/23/11448283185049-Jockey-Women-Blue-Lounge-Pants-3621448283184622-1.jpg,Women,Apparel,Loungewear and Nightwear,Lounge Pants,Blue,Winter,2015.0,Casual,Jockey Women Blue Lounge Pants,Women Apparel Loungewear and Nightwear Lounge Pants Blue Winter 2015.0 Casual Jockey Women Blue Lounge Pants
57756,57756.jpg,http://assets.myntassets.com/v1/images/style/properties/Lotus-Herbals-Neem---Clove-Purifying-Face-Wash_576266f24033ada1522c55008afacea9_images.jpg,Women,Personal Care,Skin Care,Face Wash and Cleanser,Green,Spring,2017.0,Casual,Lotus Herbals Neem & Clove Purifying Face Wash,Women Personal Care Skin Care Face Wash and Cleanser Green Spring 2017.0 Casual Lotus Herbals Neem & Clove Purifying Face Wash
33213,33213.jpg,http://assets.myntassets.com/v1/images/style/properties/cd2a1ae491facf0acf36443998a0c217_images.jpg,Women,Apparel,Topwear,Tops,Magenta,Summer,2012.0,Casual,Sepia Women Printed Magenta Top,Women Apparel Topwear Tops Magenta Summer 2012.0 Casual Sepia Women Printed Magenta Top
39729,39729.jpg,http://assets.myntassets.com/v1/images/style/properties/3d8b78b013627f7e9d738ccec2972480_images.jpg,Women,Apparel,Topwear,Tops,Olive,Summer,2012.0,Casual,Arrow Woman Olive Top,Women Apparel Topwear Tops Olive Summer 2012.0 Casual Arrow Woman Olive Top
25376,25376.jpg,http://assets.myntassets.com/v1/images/style/properties/adc3a5566f4c3e9f3f729ab6f9e44c56_images.jpg,Men,Apparel,Innerwear,Innerwear Vests,Grey,Summer,2016.0,Casual,Levis Men Grey Innerwear T-Shirt,Men Apparel Innerwear Innerwear Vests Grey Summer 2016.0 Casual Levis Men Grey Innerwear T-Shirt
11143,11143.jpg,http://assets.myntassets.com/v1/images/style/properties/62f33289f2a1cbc88d6f8557a2c33638_images.jpg,Men,Apparel,Topwear,Shirts,Black,Fall,2011.0,Casual,Scullers Men Price Catch Black Shirts,Men Apparel Topwear Shirts Black Fall 2011.0 Casual Scullers Men Price Catch Black Shirts
56684,56684.jpg,http://assets.myntassets.com/v1/images/style/properties/Fabindia-Printed-Beige-Sari_b2b862ad19c18dc983c5cf843fe56bcc_images.jpg,Women,Apparel,Saree,Sarees,Beige,Fall,2012.0,Ethnic,Fabindia Beige & Maroon Mull Printed Saree,Women Apparel Saree Sarees Beige Fall 2012.0 Ethnic Fabindia Beige & Maroon Mull Printed Saree
4988,4988.jpg,http://assets.myntassets.com/v1/images/style/properties/e7559ae62df37abf5338b7992aa8c628_images.jpg,Women,Apparel,Dress,Dresses,White,Summer,2011.0,Casual,Gini and Jony Girl's Vanya White Polka Dot Kidswear,Women Apparel Dress Dresses White Summer 2011.0 Casual Gini and Jony Girl's Vanya White Polka Dot Kidswear
44341,44341.jpg,http://assets.myntassets.com/v1/images/style/properties/f202fe30bd9441e163b7fbcfcb53e8c2_images.jpg,Men,Apparel,Topwear,Tshirts,Blue,Summer,2012.0,Casual,Indian Terrain Men Blue T-shirt,Men Apparel Topwear Tshirts Blue Summer 2012.0 Casual Indian Terrain Men Blue T-shirt
14431,14431.jpg,http://assets.myntassets.com/v1/images/style/properties/33fe789a39b0590d649cd052e53b80b6_images.jpg,Women,Footwear,Shoes,Heels,Black,Summer,2012.0,Casual,Enroute Women Casual Black Flats,Women Footwear Shoes Heels Black Summer 2012.0 Casual Enroute Women Casual Black Flats
20604,20604.jpg,http://assets.myntassets.com/v1/images/style/properties/3c67058064553299e3cb62b79fedd1af_images.jpg,Women,Accessories,Bags,Handbags,Brown,Winter,2015.0,Casual,Baggit Women Umbrella Dum Brown Handbag,Women Accessories Bags Handbags Brown Winter 2015.0 Casual Baggit Women Umbrella Dum Brown Handbag
52224,52224.jpg,http://assets.myntassets.com/v1/images/style/properties/Lencia-Grey-Swarovski-Pearl-Necklace_8dca921b0f3b46449bbd5bb25f6f3dbb_images.jpg,Women,Accessories,Jewellery,Necklace and Chains,Silver,Summer,2012.0,Casual,Lencia Grey Swarovski Pearl Necklace,Women Accessories Jewellery Necklace and Chains Silver Summer 2012.0 Casual Lencia Grey Swarovski Pearl Necklace
45293,45293.jpg,http://assets.myntassets.com/v1/image/style/properties/45293/Casio-Women-Red-Dial-Watch_1_cc32a942220788a0b74c5708baff1e74.jpg,Women,Accessories,Watches,Watches,Red,Winter,2016.0,Casual,CASIO SHEEN Women Red Dial Watch SX017,Women Accessories Watches Watches Red Winter 2016.0 Casual CASIO SHEEN Women Red Dial Watch SX017
36761,36761.jpg,http://assets.myntassets.com/v1/images/style/properties/c2f94914c3151fa88bc00b924c9bea22_images.jpg,Men,Accessories,Watches,Watches,Black,Winter,2016.0,Casual,Maxima Men Black Watch,Men Accessories Watches Watches Black Winter 2016.0 Casual Maxima Men Black Watch
33021,33021.jpg,http://assets.myntassets.com/v1/images/style/properties/051884f22b637d9cf40922baecd8ff20_images.jpg,Women,Apparel,Topwear,Kurtas,Cream,Summer,2012.0,Ethnic,Mother Earth Women Printed Cream Kurta,Women Apparel Topwear Kurtas Cream Summer 2012.0 Ethnic Mother Earth Women Printed Cream Kurta
25144,25144.jpg,http://assets.myntassets.com/v1/images/style/properties/460dd2adbff063cc226b7146a811e7dc_images.jpg,Women,Accessories,Bags,Handbags,Orange,Winter,2015.0,Casual,Lino Perros Women Leatherite Orange Handbag,Women Accessories Bags Handbags Orange Winter 2015.0 Casual Lino Perros Women Leatherite Orange Handbag
11371,11371.jpg,http://assets.myntassets.com/v1/images/style/properties/79e693b484848f12265b4dd4a155fae9_images.jpg,Men,Apparel,Topwear,Shirts,Black,Fall,2011.0,Casual,United Colors Of Benetton Men Summer Black Shirts,Men Apparel Topwear Shirts Black Fall 2011.0 Casual United Colors Of Benetton Men Summer Black Shirts
41401,41401.jpg,http://assets.myntassets.com/v1/images/style/properties/907aca262d340d45f49d7d3690fdc953_images.jpg,Women,Apparel,Topwear,Tops,White,Summer,2012.0,Casual,Wrangler Women White Smocked Top,Women Apparel Topwear Tops White Summer 2012.0 Casual Wrangler Women White Smocked Top
14603,14603.jpg,http://assets.myntassets.com/v1/images/style/properties/a82a928bfbfba2e299574580ffa61dc9_images.jpg,Men,Accessories,Socks,Socks,Grey,Summer,2011.0,Casual,United Colors of Benetton Men Pack of 2 Grey Socks,Men Accessories Socks Socks Grey Summer 2011.0 Casual United Colors of Benetton Men Pack of 2 Grey Socks
37481,37481.jpg,http://assets.myntassets.com/v1/images/style/properties/8fa9232495f9cad5e31338c61f615afb_images.jpg,Women,Accessories,Watches,Watches,White,Winter,2016.0,Casual,Esprit Women White Dial Watch,Women Accessories Watches Watches White Winter 2016.0 Casual Esprit Women White Dial Watch
5254,5254.jpg,http://assets.myntassets.com/v1/images/style/properties/8ee197c54df34d4e59d56d847139fe49_images.jpg,Unisex,Accessories,Bags,Duffel Bag,Red,Winter,2015.0,Casual,Wildcraft Unisex Red Duffle Bag,Unisex Accessories Bags Duffel Bag Red Winter 2015.0 Casual Wildcraft Unisex Red Duffle Bag
44173,44173.jpg,http://assets.myntassets.com/v1/images/style/properties/2688bbbcf35b0e739e7d9e5039fd6cbf_images.jpg,Women,Personal Care,Fragrance,Perfume and Body Mist,Pink,Spring,2017.0,Casual,Nike Fragrances Women Trendy Perfume 75ml,Women Personal Care Fragrance Perfume and Body Mist Pink Spring 2017.0 Casual Nike Fragrances Women Trendy Perfume 75ml
25978,25978.jpg,http://assets.myntassets.com/v1/images/style/properties/4a0b8e5cd5f8b9fe8287301280ee204a_images.jpg,Women,Personal Care,Fragrance,Perfume and Body Mist,Pink,Spring,2017.0,Casual,J.Del Pozo Halloween Kiss Sexy Women Perfume,Women Personal Care Fragrance Perfume and Body Mist Pink Spring 2017.0 Casual J.Del Pozo Halloween Kiss Sexy Women Perfume
4386,4386.jpg,http://assets.myntassets.com/v1/images/style/properties/dc7e36dcafbb8aeb71dc2ebbd4427ca7_images.jpg,Men,Apparel,Topwear,Tshirts,Grey,Summer,2011.0,Casual,Wrangler Cowboy Photo T-shirt,Men Apparel Topwear Tshirts Grey Summer 2011.0 Casual Wrangler Cowboy Photo T-shirt
51693,51693.jpg,http://assets.myntassets.com/v1/images/style/properties/Van-Heusen-Unisex-Brown-Sunglasses_2099ffb4f8eb9fd28b80922f653aa42a_images.jpg,Unisex,Accessories,Eyewear,Sunglasses,Brown,Winter,2016.0,Casual,Van Heusen Unisex Brown Sunglasses,Unisex Accessories Eyewear Sunglasses Brown Winter 2016.0 Casual Van Heusen Unisex Brown Sunglasses
16154,16154.jpg,http://assets.myntassets.com/v1/images/style/properties/1e1ddab59626e99f7163c2c8c20743b6_images.jpg,Men,Footwear,Shoes,Formal Shoes,Black,Fall,2011.0,Formal,Enroute Men Leather Black Formal Shoes,Men Footwear Shoes Formal Shoes Black Fall 2011.0 Formal Enroute Men Leather Black Formal Shoes
22361,22361.jpg,http://assets.myntassets.com/v1/images/style/properties/Reebok-Men-Blue-Twist-Sandals_9d151773708628e8efa686c33561b54a_images.jpg,Men,Footwear,Sandal,Sports Sandals,Navy Blue,Summer,2012.0,Casual,Reebok Men Navy Twist Sandals,Men Footwear Sandal Sports Sandals Navy Blue Summer 2012.0 Casual Reebok Men Navy Twist Sandals
29789,29789.jpg,http://assets.myntassets.com/v1/images/style/properties/b5fe34a5c5a88054357f33b0d2b4ce46_images.jpg,Men,Apparel,Topwear,Tshirts,Pink,Summer,2013.0,Casual,Basics Men Pack of 3 T-shirt,Men Apparel Topwear Tshirts Pink Summer 2013.0 Casual Basics Men Pack of 3 T-shirt
19920,19920.jpg,http://assets.myntassets.com/v1/images/style/properties/d0e782df1a7287eb68da5806346605db_images.jpg,Unisex,Accessories,Bags,Backpacks,Black,Winter,2015.0,Casual,Wildcraft Unisex Black Outdoor Backpack,Unisex Accessories Bags Backpacks Black Winter 2015.0 Casual Wildcraft Unisex Black Outdoor Backpack
7503,7503.jpg,http://assets.myntassets.com/v1/images/style/properties/4642a9cf2604998cd7665a76a2bf87c1_images.jpg,Men,Apparel,Topwear,Tshirts,Blue,Summer,2011.0,Sports,Nike Men's As Icon Blue T-shirt,Men Apparel Topwear Tshirts Blue Summer 2011.0 Sports Nike Men's As Icon Blue T-shirt
46624,46624.jpg,http://assets.myntassets.com/v1/images/style/properties/Rasasi-Men-Emotion-Deo-and-Perfume-Set_f2bcc95e69a60ac6b5473ca68bcc5563_images.jpg,Men,Personal Care,Fragrance,Deodorant,Grey,Spring,2017.0,Casual,Rasasi Men Emotion Deo and Perfume Set,Men Personal Care Fragrance Deodorant Grey Spring 2017.0 Casual Rasasi Men Emotion Deo and Perfume Set
34204,34204.jpg,http://assets.myntassets.com/v1/images/style/properties/15324570d805103032f3a593d495aafe_images.jpg,Men,Apparel,Bottomwear,Track Pants,Navy Blue,Fall,2013.0,Casual,Proline Men Navy Track Pants,Men Apparel Bottomwear Track Pants Navy Blue Fall 2013.0 Casual Proline Men Navy Track Pants
17086,17086.jpg,http://assets.myntassets.com/v1/images/style/properties/9cad6be03b1e0b544055e140b526cb94_images.jpg,Women,Accessories,Wallets,Wallets,Orange,Winter,2015.0,Casual,Lino Perros Women Blue Zip Orange Wallet,Women Accessories Wallets Wallets Orange Winter 2015.0 Casual Lino Perros Women Blue Zip Orange Wallet
50741,50741.jpg,http://assets.myntassets.com/v1/images/style/properties/2dba90668d61bd7dd5e25a02d7612ee3_images.jpg,Men,Footwear,Shoes,Casual Shoes,Black,Winter,2018.0,Casual,Red Chief Men Black Shoes,Men Footwear Shoes Casual Shoes Black Winter 2018.0 Casual Red Chief Men Black Shoes
55233,55233.jpg,http://assets.myntassets.com/assets/images/55233/2018/5/3/11525323433330-Lakme-Nine-to-Five-Flawless-Makeup-Shell-Foundation-7251525323433284-1.jpg,Women,Personal Care,Makeup,Foundation and Primer,Skin,Summer,2019.0,Casual,Lakme Nine to Five Flawless Makeup Shell Foundation,Women Personal Care Makeup Foundation and Primer Skin Summer 2019.0 Casual Lakme Nine to Five Flawless Makeup Shell Foundation
13426,13426.jpg,http://assets.myntassets.com/v1/images/style/properties/6723c5b48a019f7940ac913e35240620_images.jpg,Men,Apparel,Topwear,Tshirts,Red,Summer,2011.0,Casual,United Colors of Benetton Men Stripes Red  Polo T-shirts,Men Apparel Topwear Tshirts Red Summer 2011.0 Casual United Colors of Benetton Men Stripes Red  Polo T-shirts
43356,43356.jpg,http://assets.myntassets.com/v1/images/style/properties/ec28a6e80636805d0bf993699b656c88_images.jpg,Women,Footwear,Shoes,Sports Shoes,Charcoal,Summer,2012.0,Sports,Reebok Women Charcoal Grey Fuel Techno Sports Shoes,Women Footwear Shoes Sports Shoes Charcoal Summer 2012.0 Sports Reebok Women Charcoal Grey Fuel Techno Sports Shoes
28207,28207.jpg,http://assets.myntassets.com/v1/images/style/properties/f8b19ba970bf91df7f4c1e263faa331c_images.jpg,Men,Accessories,Eyewear,Sunglasses,Black,Winter,2016.0,Casual,Ray-Ban Men Active Lifestyle Black Sunglasses,Men Accessories Eyewear Sunglasses Black Winter 2016.0 Casual Ray-Ban Men Active Lifestyle Black Sunglasses
13846,13846.jpg,http://assets.myntassets.com/v1/images/style/properties/5f2cc2a725967d426cc03f4a3fbb93c1_images.jpg,Men,Apparel,Topwear,Shirts,Blue,Fall,2011.0,Casual,John Miller Men Stripes Blue Shirts,Men Apparel Topwear Shirts Blue Fall 2011.0 Casual John Miller Men Stripes Blue Shirts
12994,12994.jpg,http://assets.myntassets.com/v1/images/style/properties/39873daedc5a92eef39894b612f5cbaf_images.jpg,Boys,Footwear,Shoes,Sports Shoes,Black,Fall,2011.0,Sports,ADIDAS Kids Boys Duramo Synthetic Black Sports Shoes,Boys Footwear Shoes Sports Shoes Black Fall 2011.0 Sports ADIDAS Kids Boys Duramo Synthetic Black Sports Shoes
46278,46278.jpg,http://assets.myntassets.com/v1/images/style/properties/279197619f868018854ce9bf9b812b87_images.jpg,Women,Apparel,Topwear,Tunics,Red,Summer,2012.0,Casual,109F Women Red & White Striped Tunic,Women Apparel Topwear Tunics Red Summer 2012.0 Casual 109F Women Red & White Striped Tunic
16508,16508.jpg,http://assets.myntassets.com/v1/images/style/properties/6cb6a14583b044dca0a0bd9efc2fc4c7_images.jpg,Men,Apparel,Bottomwear,Jeans,Blue,Fall,2011.0,Casual,Locomotive Men Washed Blue Jeans,Men Apparel Bottomwear Jeans Blue Fall 2011.0 Casual Locomotive Men Washed Blue Jeans
18492,18492.jpg,http://assets.myntassets.com/v1/images/style/properties/b5df5f57f0feda7a42510b6ebedf4f4d_images.jpg,Men,Footwear,Flip Flops,Flip Flops,Blue,Fall,2011.0,Casual,Puma Men Danny Blue Slipper,Men Footwear Flip Flops Flip Flops Blue Fall 2011.0 Casual Puma Men Danny Blue Slipper
19540,19540.jpg,http://assets.myntassets.com/v1/images/style/properties/339f3148805bd725b88cebe54fd52d45_images.jpg,Men,Apparel,Topwear,Sweaters,Blue,Summer,2011.0,Casual,United Colors of Benetton Men Solid Blue Sweater,Men Apparel Topwear Sweaters Blue Summer 2011.0 Casual United Colors of Benetton Men Solid Blue Sweater
7963,7963.jpg,http://assets.myntassets.com/v1/images/style/properties/7f50a98d2319c37ba993f4bd39ec1df9_images.jpg,Men,Apparel,Topwear,Tshirts,White,Fall,2011.0,Sports,Puma Men's Large Logo Graphic White French T-shirt,Men Apparel Topwear Tshirts White Fall 2011.0 Sports Puma Men's Large Logo Graphic White French T-shirt
8117,8117.jpg,http://assets.myntassets.com/v1/images/style/properties/971d32f5f437a3e65d852648dd6bbdad_images.jpg,Men,Accessories,Watches,Watches,Black,Winter,2016.0,Casual,Fastrack Men New Analog Black Navy Watch,Men Accessories Watches Watches Black Winter 2016.0 Casual Fastrack Men New Analog Black Navy Watch
49230,49230.jpg,http://assets.myntassets.com/v1/images/style/properties/Calzini-Men-Pack-of-5-Sports-Socks_3056952ffdf96eaba3df0c68140a951b_images.jpg,Men,Accessories,Socks,Socks,Black,Summer,2016.0,Casual,Calzini Men Pack of 5 Sports Socks,Men Accessories Socks Socks Black Summer 2016.0 Casual Calzini Men Pack of 5 Sports Socks
39147,39147.jpg,http://assets.myntassets.com/v1/images/style/properties/Aneri-Women-Blue-Salwar-Suit_310b83bb9b3c42c1b2a9a0b63e612c78_images.jpg,Women,Apparel,Apparel Set,Kurta Sets,Purple,Fall,2012.0,Ethnic,Aneri Women Purple Salwar Suit,Women Apparel Apparel Set Kurta Sets Purple Fall 2012.0 Ethnic Aneri Women Purple Salwar Suit
36933,36933.jpg,http://assets.myntassets.com/v1/images/style/properties/f98d1337a330597f69db87bdcbe2c3f7_images.jpg,Women,Personal Care,Fragrance,Perfume and Body Mist,Purple,Spring,2017.0,Casual,Bulgari Women Omnia Perfume,Women Personal Care Fragrance Perfume and Body Mist Purple Spring 2017.0 Casual Bulgari Women Omnia Perfume
57138,57138.jpg,http://assets.myntassets.com/v1/images/style/properties/Elle-Women-Brown-Trousers_a7f66d28a9214c62dc8073fa66146018_images.jpg,Women,Apparel,Bottomwear,Trousers,Brown,Summer,2012.0,Casual,Elle Women Brown Trousers,Women Apparel Bottomwear Trousers Brown Summer 2012.0 Casual Elle Women Brown Trousers
20856,20856.jpg,http://assets.myntassets.com/v1/images/style/properties/fc4d12bcdc99ec17c6cbff23ce164f00_images.jpg,Men,Footwear,Shoes,Casual Shoes,Black,Fall,2011.0,Casual,United Colors of Benetton Men Casual Black Shoes,Men Footwear Shoes Casual Shoes Black Fall 2011.0 Casual United Colors of Benetton Men Casual Black Shoes
41861,41861.jpg,http://assets.myntassets.com/v1/images/style/properties/b996cb05ae7c16cabfa4cadc23818247_images.jpg,Men,Footwear,Sandal,Sandals,Black,Summer,2016.0,Casual,Estd. 1977 Men Black Sandals,Men Footwear Sandal Sandals Black Summer 2016.0 Casual Estd. 1977 Men Black Sandals
5608,5608.jpg,http://assets.myntassets.com/v1/images/style/properties/f12bab8f2514a0656f81aa863dd966c3_images.jpg,Men,Footwear,Sandal,Sandals,Black,Summer,2011.0,Casual,ADIDAS Men Kendall Black Navy Floater,Men Footwear Sandal Sandals Black Summer 2011.0 Casual ADIDAS Men Kendall Black Navy Floater
58170,58170.jpg,http://assets.myntassets.com/v1/images/style/properties/Rocky-S-Red-Clutch_6ef925fd1ad1ad8201c607dd14dd5ade_images.jpg,Women,Accessories,Bags,Clutches,Red,Fall,2012.0,Casual,Rocky S Women Red Clutch,Women Accessories Bags Clutches Red Fall 2012.0 Casual Rocky S Women Red Clutch
53598,53598.jpg,http://assets.myntassets.com/v1/images/style/properties/Q-Q-Men-Black-Digital-Watch_a3a296a8c104975d7c8017bc5dd49a52_images.jpg,Men,Free Items,Free Gifts,Free Gifts,Black,Winter,2016.0,Sports,Q&Q Men Black Digital Watch,Men Free Items Free Gifts Free Gifts Black Winter 2016.0 Sports Q&Q Men Black Digital Watch
15983,15983.jpg,http://assets.myntassets.com/v1/images/style/properties/5dca5cfae72251582c7f14ac099212f3_images.jpg,Men,Apparel,Topwear,Shirts,Burgundy,Fall,2011.0,Casual,Turtle Solid Men  Burgundy Shirt,Men Apparel Topwear Shirts Burgundy Fall 2011.0 Casual Turtle Solid Men  Burgundy Shirt
39375,39375.jpg,http://assets.myntassets.com/v1/images/style/properties/Helix-Women-Silver-Dial-Watch_43fa66002d9a709539eb6ff7ed9384ce_images.jpg,Women,Accessories,Watches,Watches,Silver,Winter,2016.0,Casual,Helix Women Silver Dial Watch,Women Accessories Watches Watches Silver Winter 2016.0 Casual Helix Women Silver Dial Watch
14851,14851.jpg,http://assets.myntassets.com/v1/images/style/properties/90a495f259d10b2ff562dc0841721f7d_images.jpg,Women,Accessories,Wallets,Wallets,Coffee Brown,Summer,2011.0,Casual,United Colors of Benetton Women Solid Coffee Brown Wallets,Women Accessories Wallets Wallets Coffee Brown Summer 2011.0 Casual United Colors of Benetton Women Solid Coffee Brown Wallets
59290,59290.jpg,http://assets.myntassets.com/v1/images/style/properties/Titan-Men-Black-Dial-Watch_1b6fb70c7ca8b860eb0f3257b191e129_images.jpg,Men,Accessories,Watches,Watches,Black,Winter,2016.0,Casual,Titan Men Black Dial Watch,Men Accessories Watches Watches Black Winter 2016.0 Casual Titan Men Black Dial Watch
52678,52678.jpg,http://assets.myntassets.com/v1/images/style/properties/Morellato-Men-Black-Watch_75c8db9507b6fbde84d530568ac77b37_images.jpg,Men,Accessories,Watches,Watches,Black,Winter,2016.0,Casual,Morellato Men Black Watch,Men Accessories Watches Watches Black Winter 2016.0 Casual Morellato Men Black Watch
20258,20258.jpg,http://assets.myntassets.com/v1/images/style/properties/bf97cd1840466577838074675a9cbe1f_images.jpg,Men,Apparel,Topwear,Tshirts,Brown,Fall,2011.0,Casual,Wrangler Men Polo Charcoal T-shirt,Men Apparel Topwear Tshirts Brown Fall 2011.0 Casual Wrangler Men Polo Charcoal T-shirt
47198,47198.jpg,http://assets.myntassets.com/v1/images/style/properties/08be9002361c65ffa2e08a8f12464f56_images.jpg,Men,Footwear,Sandal,Sandals,Brown,Summer,2012.0,Casual,Franco Leone Men Brown Sandals,Men Footwear Sandal Sandals Brown Summer 2012.0 Casual Franco Leone Men Brown Sandals
27841,27841.jpg,http://assets.myntassets.com/v1/images/style/properties/8e033a452f0390d83a7c343f07177be0_images.jpg,Men,Accessories,Belts,Belts,White,Summer,2012.0,Casual,Bulchee Men Plain Jeans White Belt,Men Accessories Belts Belts White Summer 2012.0 Casual Bulchee Men Plain Jeans White Belt
28035,28035.jpg,http://assets.myntassets.com/v1/images/style/properties/86767de994125ef8c2482545f20aa370_images.jpg,Men,Apparel,Innerwear,Briefs,Grey Melange,Summer,2016.0,Casual,Jockey ELANCE Men Grey Melange Y Front Briefs 1006,Men Apparel Innerwear Briefs Grey Melange Summer 2016.0 Casual Jockey ELANCE Men Grey Melange Y Front Briefs 1006
31924,31924.jpg,http://assets.myntassets.com/v1/images/style/properties/f2be61ffbdcd20d97ef6aac78a1c3f58_images.jpg,Women,Accessories,Bags,Handbags,Black,Summer,2012.0,Casual,Fabindia Women Black Silk Handbag,Women Accessories Bags Handbags Black Summer 2012.0 Casual Fabindia Women Black Silk Handbag
26993,26993.jpg,http://assets.myntassets.com/v1/images/style/properties/6220c2b37ad0a42be62fb92b1d6c7e14_images.jpg,Women,Apparel,Bottomwear,Jeans,Blue,Summer,2012.0,Casual,Jealous 21 Women Washed Blue Jeans,Women Apparel Bottomwear Jeans Blue Summer 2012.0 Casual Jealous 21 Women Washed Blue Jeans
13248,13248.jpg,http://assets.myntassets.com/v1/images/style/properties/5f064c454ce1578a2a667d28872a0453_images.jpg,Men,Apparel,Bottomwear,Trousers,Brown,Fall,2011.0,Casual,Palm Tree Kids Boy Solid Brown Trousers,Men Apparel Bottomwear Trousers Brown Fall 2011.0 Casual Palm Tree Kids Boy Solid Brown Trousers
43538,43538.jpg,http://assets.myntassets.com/v1/images/style/properties/French-Connection-Women-Blue-Top_1230fe55a5335d7405f43cb5c43b3c90_images.jpg,Women,Apparel,Topwear,Tops,Blue,Summer,2012.0,Casual,French Connection Women Blue Top,Women Apparel Topwear Tops Blue Summer 2012.0 Casual French Connection Women Blue Top
8325,8325.jpg,http://assets.myntassets.com/v1/images/style/properties/e046ebf7dbb7ae5d9dd7980c21d264ac_images.jpg,Boys,Apparel,Topwear,Tshirts,Yellow,Fall,2011.0,Casual,Doodle Boy's Athletic 77 Dept Yellow Teen Kidswear,Boys Apparel Topwear Tshirts Yellow Fall 2011.0 Casual Doodle Boy's Athletic 77 Dept Yellow Teen Kidswear
31118,31118.jpg,http://assets.myntassets.com/v1/images/style/properties/1e3b40d501f5fbbceeab3879db474932_images.jpg,Girls,Apparel,Topwear,Tops,Red,Summer,2012.0,Casual,Gini and Jony Girls Red Top,Girls Apparel Topwear Tops Red Summer 2012.0 Casual Gini and Jony Girls Red Top
19772,19772.jpg,http://assets.myntassets.com/v1/images/style/properties/4ce7d857814ce0fec13e120fe55522c9_images.jpg,Men,Footwear,Shoes,Casual Shoes,Blue,Fall,2011.0,Casual,ADIDAS Men Vigor Blue Casual Shoes,Men Footwear Shoes Casual Shoes Blue Fall 2011.0 Casual ADIDAS Men Vigor Blue Casual Shoes
46876,46876.jpg,http://assets.myntassets.com/v1/images/style/properties/c572452716fa31fb03fa32d43629e335_images.jpg,Men,Accessories,Socks,Socks,Grey,Summer,2012.0,Casual,Lino Perros Men Pack of 2 Socks,Men Accessories Socks Socks Grey Summer 2012.0 Casual Lino Perros Men Pack of 2 Socks
5862,5862.jpg,http://assets.myntassets.com/v1/images/style/properties/9f9f083996862e825eb0ffb32ed9db31_images.jpg,Men,Apparel,Topwear,Tshirts,Black,Summer,2011.0,Casual,ADIDAS Men's Stripe Black T-shirt,Men Apparel Topwear Tshirts Black Summer 2011.0 Casual ADIDAS Men's Stripe Black T-shirt
39711,39711.jpg,http://assets.myntassets.com/v1/images/style/properties/11a62fad1b3fe096677f18cc0e7e75b9_images.jpg,Men,Accessories,Watches,Watches,Black,Winter,2016.0,Casual,ADIDAS Original Men Black Dial Chronograph Watch ADH2641,Men Accessories Watches Watches Black Winter 2016.0 Casual ADIDAS Original Men Black Dial Chronograph Watch ADH2641
14409,14409.jpg,http://assets.myntassets.com/v1/images/style/properties/749afc6258261f28bcd6b94c30f75cba_images.jpg,Women,Footwear,Shoes,Heels,White,Summer,2012.0,Casual,Enroute Women Casual White Heels,Women Footwear Shoes Heels White Summer 2012.0 Casual Enroute Women Casual White Heels
58726,58726.jpg,http://assets.myntassets.com/v1/images/style/properties/Puma-Men-Grey-T-shirt_cf275e8d9abdab9e307d6adbf8fc6d9f_images.jpg,Men,Apparel,Topwear,Tshirts,Grey,Summer,2012.0,Casual,Puma Men Grey T-shirt,Men Apparel Topwear Tshirts Grey Summer 2012.0 Casual Puma Men Grey T-shirt
44379,44379.jpg,http://assets.myntassets.com/v1/images/style/properties/Adidas-Men-Intense-Touch-100-ml-Perfume_97ab5eb6f4451e4af2913edbfde91f54_images.jpg,Men,Personal Care,Fragrance,Perfume and Body Mist,Black,Spring,2017.0,Casual,ADIDAS Men Intense Touch  Perfume,Men Personal Care Fragrance Perfume and Body Mist Black Spring 2017.0 Casual ADIDAS Men Intense Touch  Perfume
11947,11947.jpg,http://assets.myntassets.com/v1/images/style/properties/464879391de4e1a7b881dad3b7bd83a8_images.jpg,Men,Footwear,Sandal,Sandals,Olive,Summer,2012.0,Casual,Ganuchi Men Casual Olive Sandals,Men Footwear Sandal Sandals Olive Summer 2012.0 Casual Ganuchi Men Casual Olive Sandals
36759,36759.jpg,http://assets.myntassets.com/v1/images/style/properties/6addf68b5c1108a0db895cba2157c21f_images.jpg,Men,Accessories,Watches,Watches,White,Winter,2016.0,Casual,Maxima Men White Dial Watch,Men Accessories Watches Watches White Winter 2016.0 Casual Maxima Men White Dial Watch
51499,51499.jpg,http://assets.myntassets.com/v1/images/style/properties/689197cf54631e679c2db7ec742a6e09_images.jpg,Women,Apparel,Bottomwear,Jeans,Blue,Summer,2012.0,Casual,Denizen Women Blue Jeans,Women Apparel Bottomwear Jeans Blue Summer 2012.0 Casual Denizen Women Blue Jeans
29583,29583.jpg,http://assets.myntassets.com/v1/images/style/properties/f8bdfe085e37908f16bd5a9f16660748_images.jpg,Women,Footwear,Shoes,Flats,Silver,Summer,2012.0,Casual,Puma Women Grace Silver Sandals,Women Footwear Shoes Flats Silver Summer 2012.0 Casual Puma Women Grace Silver Sandals
55805,55805.jpg,http://assets.myntassets.com/v1/images/style/properties/SDL-by-Sweet-Dreams-Women-Pink---Black-Pyjama-Set_29ef1a45af8f10f5c12737350c74cfc5_images.jpg,Women,Apparel,Loungewear and Nightwear,Night suits,Pink,Summer,2017.0,Casual,SDL by Sweet Dreams Women Pink & Black Printed Night Suit S11-3134,Women Apparel Loungewear and Nightwear Night suits Pink Summer 2017.0 Casual SDL by Sweet Dreams Women Pink & Black Printed Night Suit S11-3134
7709,7709.jpg,http://assets.myntassets.com/v1/images/style/properties/dc428dc4301332468e7c6f8070c8f06b_images.jpg,Women,Apparel,Bottomwear,Jeans,Black,Fall,2011.0,Casual,Jealous 21 Women's Aaren Black Jegging,Women Apparel Bottomwear Jeans Black Fall 2011.0 Casual Jealous 21 Women's Aaren Black Jegging
28451,28451.jpg,http://assets.myntassets.com/v1/images/style/properties/07555cd5a97cd7ff5492fd344348dfcf_images.jpg,Women,Apparel,Bottomwear,Track Pants,Black,Summer,2012.0,Casual,Urban Yoga Women Black Track Pants,Women Apparel Bottomwear Track Pants Black Summer 2012.0 Casual Urban Yoga Women Black Track Pants
43960,43960.jpg,http://assets.myntassets.com/v1/images/style/properties/b150acdcab19e99002215aa95bffa983_images.jpg,Men,Apparel,Topwear,Shirts,Grey,Summer,2012.0,Formal,Indigo Nation Men Grey Striped Shirt,Men Apparel Topwear Shirts Grey Summer 2012.0 Formal Indigo Nation Men Grey Striped Shirt
8741,8741.jpg,http://assets.myntassets.com/v1/images/style/properties/91351f3c000928d10198c09cfa04611b_images.jpg,Men,Apparel,Topwear,Shirts,Navy Blue,Fall,2011.0,Casual,Indigo Nation Men Checks Shirt Navy Blue Shirts,Men Apparel Topwear Shirts Navy Blue Fall 2011.0 Casual Indigo Nation Men Checks Shirt Navy Blue Shirts
55039,55039.jpg,http://assets.myntassets.com/v1/images/style/properties/Lakme-Absolute-Matte-Merlot-Lipstick-45_bc13569d8288f127c70c917c9c75bb24_images.jpg,Women,Personal Care,Lips,Lipstick,Brown,Spring,2017.0,Casual,Lakme Absolute Matte Merlot Lipstick 45,Women Personal Care Lips Lipstick Brown Spring 2017.0 Casual Lakme Absolute Matte Merlot Lipstick 45
19316,19316.jpg,http://assets.myntassets.com/v1/images/style/properties/300c59d24b13b183d08ceee39e5e3aad_images.jpg,Unisex,Accessories,Bags,Backpacks,Grey,Fall,2011.0,Casual,Nike Unisex Hayward 25M Grey Backpack,Unisex Accessories Bags Backpacks Grey Fall 2011.0 Casual Nike Unisex Hayward 25M Grey Backpack
27419,27419.jpg,http://assets.myntassets.com/v1/images/style/properties/2ebe09ca473dc308c580e25f41fdd66f_images.jpg,Women,Apparel,Loungewear and Nightwear,Lounge Pants,Black,Winter,2015.0,Casual,Jockey Women Black Lounge Pants,Women Apparel Loungewear and Nightwear Lounge Pants Black Winter 2015.0 Casual Jockey Women Black Lounge Pants
34832,34832.jpg,http://assets.myntassets.com/v1/images/style/properties/0eeb810eac77b956c5b62381e1f3010b_images.jpg,Men,Footwear,Shoes,Sports Shoes,White,Summer,2012.0,Sports,ADIDAS Men Sukoi White Sports Shoes,Men Footwear Shoes Sports Shoes White Summer 2012.0 Sports ADIDAS Men Sukoi White Sports Shoes
23885,23885.jpg,http://assets.myntassets.com/v1/images/style/properties/FILA-Men-Sports-Shoes_f76566f76f49de0fdea5bedbe1c7db67_images.jpg,Men,Footwear,Shoes,Sports Shoes,Grey,Winter,2012.0,Sports,Fila Men Grey Hex Sports Shoes,Men Footwear Shoes Sports Shoes Grey Winter 2012.0 Sports Fila Men Grey Hex Sports Shoes
19918,19918.jpg,http://assets.myntassets.com/v1/images/style/properties/567c1373b2efe229d5da57fb9e3eef34_images.jpg,Unisex,Accessories,Bags,Backpacks,Black,Winter,2015.0,Casual,Wildcraft Unisex Black Backpack,Unisex Accessories Bags Backpacks Black Winter 2015.0 Casual Wildcraft Unisex Black Backpack
22359,22359.jpg,http://assets.myntassets.com/v1/images/style/properties/d839e1d71382ca6708416dbf6bfa9054_images.jpg,Men,Apparel,Topwear,Shirts,Blue,Summer,2011.0,Casual,John Players Men Check Blue Shirt,Men Apparel Topwear Shirts Blue Summer 2011.0 Casual John Players Men Check Blue Shirt
19124,19124.jpg,http://assets.myntassets.com/v1/images/style/properties/cd1874ab726cad7a6439f3886af1bd35_images.jpg,Women,Footwear,Flip Flops,Flip Flops,Pink,Fall,2011.0,Casual,Lotto Women XL Kelly Pink Slippers,Women Footwear Flip Flops Flip Flops Pink Fall 2011.0 Casual Lotto Women XL Kelly Pink Slippers
16950,16950.jpg,http://assets.myntassets.com/v1/images/style/properties/Image-Men-Sunglasses_f0ae900da0cad44ab4c6b106005185a1_images.jpg,Men,Accessories,Eyewear,Sunglasses,Brown,Winter,2016.0,Casual,Image Men Sunglasses,Men Accessories Eyewear Sunglasses Brown Winter 2016.0 Casual Image Men Sunglasses
49654,49654.jpg,http://assets.myntassets.com/v1/images/style/properties/4066aebdb467176a1e68e7b5c402130a_images.jpg,Women,Apparel,Bottomwear,Skirts,Grey,Summer,2012.0,Casual,Mineral Women Grey Skirt,Women Apparel Bottomwear Skirts Grey Summer 2012.0 Casual Mineral Women Grey Skirt
48786,48786.jpg,http://assets.myntassets.com/v1/images/style/properties/0454e503672f5f615a92e6c2a424bec6_images.jpg,Women,Accessories,Jewellery,Pendant,Silver,Summer,2013.0,Casual,Lucera Women Silver Pendant,Women Accessories Jewellery Pendant Silver Summer 2013.0 Casual Lucera Women Silver Pendant
2049,2049.jpg,http://assets.myntassets.com/v1/images/style/properties/5b7333bbf40e95f4c57e24d65903288d_images.jpg,Men,Apparel,Topwear,Tshirts,White,Summer,2010.0,Sports,ADIDAS Men's Slim Fit White T-shirt,Men Apparel Topwear Tshirts White Summer 2010.0 Sports ADIDAS Men's Slim Fit White T-shirt
17882,17882.jpg,http://assets.myntassets.com/v1/images/style/properties/1f3bf985f8d74b38a6606f020ea03146_images.jpg,Men,Apparel,Innerwear,Innerwear Vests,White,Summer,2016.0,Casual,Levis Men Comfort Style White Innerwear Vest,Men Apparel Innerwear Innerwear Vests White Summer 2016.0 Casual Levis Men Comfort Style White Innerwear Vest
44977,44977.jpg,http://assets.myntassets.com/v1/images/style/properties/84c52f370e03f1f4b0cc84d51d5022bb_images.jpg,Men,Accessories,Watches,Watches,Silver,Winter,2016.0,Casual,Maxima Men Silver Dial Attivo Watch,Men Accessories Watches Watches Silver Winter 2016.0 Casual Maxima Men Silver Dial Attivo Watch
33019,33019.jpg,http://assets.myntassets.com/v1/images/style/properties/8025d48579dca906daf4b3a72407715b_images.jpg,Women,Apparel,Topwear,Kurtas,Yellow,Summer,2012.0,Ethnic,Mother Earth Women Printed Yellow Kurta,Women Apparel Topwear Kurtas Yellow Summer 2012.0 Ethnic Mother Earth Women Printed Yellow Kurta
41439,41439.jpg,http://assets.myntassets.com/v1/images/style/properties/09edfdb4c1dc1478ea35507b0bdc41ce_images.jpg,Men,Footwear,Shoes,Sports Shoes,Black,Fall,2012.0,Sports,Lee Cooper Men Black Sports Shoes,Men Footwear Shoes Sports Shoes Black Fall 2012.0 Sports Lee Cooper Men Black Sports Shoes
39523,39523.jpg,http://assets.myntassets.com/v1/images/style/properties/2bbf55264e3e2ae8ed8763435341fb9e_images.jpg,Unisex,Accessories,Bags,Trolley Bag,Black,Summer,2012.0,Casual,Peter England Unisex Black One Dayer Black Trolley Bag,Unisex Accessories Bags Trolley Bag Black Summer 2012.0 Casual Peter England Unisex Black One Dayer Black Trolley Bag
52812,52812.jpg,http://assets.myntassets.com/v1/images/style/properties/6b1327e37cd1b6e78b1285ae76dff28a_images.jpg,Men,Accessories,Wallets,Wallets,Black,Summer,2012.0,Casual,JAG Men Black Leather Wallet,Men Accessories Wallets Wallets Black Summer 2012.0 Casual JAG Men Black Leather Wallet
11349,11349.jpg,http://assets.myntassets.com/v1/images/style/properties/cd76a36fca88fe74d1d25ee7fd96881a_images.jpg,Men,Apparel,Bottomwear,Jeans,Blue,Summer,2017.0,Casual,Lee Men Blue Chicago Fit Jeans,Men Apparel Bottomwear Jeans Blue Summer 2017.0 Casual Lee Men Blue Chicago Fit Jeans
24892,24892.jpg,http://assets.myntassets.com/v1/images/style/properties/7806d266865c89cb087a259ab7250e01_images.jpg,Men,Apparel,Topwear,Tshirts,Black,Fall,2011.0,Casual,United Colors of Benetton Men Black T-shirt,Men Apparel Topwear Tshirts Black Fall 2011.0 Casual United Colors of Benetton Men Black T-shirt
58514,58514.jpg,http://assets.myntassets.com/v1/images/style/properties/Tonga-Women-Grey-Top_f73ea340974e7cc7cb4db18f7889cec7_images.jpg,Women,Apparel,Topwear,Tops,Grey,Summer,2012.0,Casual,Tonga Women Grey Top,Women Apparel Topwear Tops Grey Summer 2012.0 Casual Tonga Women Grey Top
33825,33825.jpg,http://assets.myntassets.com/v1/images/style/properties/ab41fd1858b59cd914b435332ed2bffe_images.jpg,Women,Footwear,Shoes,Sports Shoes,Silver,Summer,2012.0,Sports,Puma Women Kuris Silver & Grey Sports Shoes,Women Footwear Shoes Sports Shoes Silver Summer 2012.0 Sports Puma Women Kuris Silver & Grey Sports Shoes
25940,25940.jpg,http://assets.myntassets.com/v1/images/style/properties/2cd34561dd4ed25df6d9fd070a9e88d9_images.jpg,Women,Accessories,Scarves,Scarves,Yellow,Summer,2012.0,Casual,Femella Women Yellow & Blue Scarf,Women Accessories Scarves Scarves Yellow Summer 2012.0 Casual Femella Women Yellow & Blue Scarf
38637,38637.jpg,http://assets.myntassets.com/v1/images/style/properties/048477a26c1da1d6aa87134c253ab97b_images.jpg,Men,Apparel,Topwear,Tshirts,Red,Summer,2012.0,Casual,Nike Men Red Delhi T-shirt,Men Apparel Topwear Tshirts Red Summer 2012.0 Casual Nike Men Red Delhi T-shirt
5896,5896.jpg,http://assets.myntassets.com/v1/images/style/properties/57601ed1977aecafecafbfb1fe49a424_images.jpg,Men,Footwear,Shoes,Casual Shoes,Black,Summer,2011.0,Casual,Puma Men Cavallino Black Shoe,Men Footwear Shoes Casual Shoes Black Summer 2011.0 Casual Puma Men Cavallino Black Shoe
4944,4944.jpg,http://assets.myntassets.com/v1/images/style/properties/a8b30e5a5ba28fc928c0b64cda5811e4_images.jpg,Men,Apparel,Topwear,Shirts,White,Summer,2011.0,Casual,Gini and Jony Boy's Kaleb White Brown Infant Kidswear,Men Apparel Topwear Shirts White Summer 2011.0 Casual Gini and Jony Boy's Kaleb White Brown Infant Kidswear
10861,10861.jpg,http://assets.myntassets.com/v1/images/style/properties/adf22f809f604e821145a616e4766061_images.jpg,Men,Apparel,Topwear,Tshirts,White,Fall,2011.0,Casual,Wrangler Men Dirt Riders White T-Shirts,Men Apparel Topwear Tshirts White Fall 2011.0 Casual Wrangler Men Dirt Riders White T-Shirts
59600,59600.jpg,http://assets.myntassets.com/v1/images/style/properties/FNF-Rust---Green-Collection-for-Wedding-Sari_8a5ee22b73ef48ec683e77ba3b8de5a4_images.jpg,Women,Apparel,Saree,Sarees,Rust,Fall,2012.0,Ethnic,FNF Rust Wedding Collection Sari,Women Apparel Saree Sarees Rust Fall 2012.0 Ethnic FNF Rust Wedding Collection Sari
42846,42846.jpg,http://assets.myntassets.com/v1/images/style/properties/79bf6743e22d6c1a225540a4ab1731a6_images.jpg,Women,Accessories,Bags,Handbags,Multi,Summer,2012.0,Casual,French Connection Women Multi Stripe Hand Bag,Women Accessories Bags Handbags Multi Summer 2012.0 Casual French Connection Women Multi Stripe Hand Bag
35128,35128.jpg,http://assets.myntassets.com/v1/images/style/properties/dc28614f846de2d3dd6d2935f88c4a01_images.jpg,Women,Accessories,Jewellery,Bracelet,Purple,Winter,2012.0,Casual,Allen Solly Woman Purple Bangle,Women Accessories Jewellery Bracelet Purple Winter 2012.0 Casual Allen Solly Woman Purple Bangle
47508,47508.jpg,http://assets.myntassets.com/v1/images/style/properties/ff75150c15d512495e88a438db10884d_images.jpg,Men,Apparel,Innerwear,Briefs,Black,Summer,2016.0,Casual,Facit Men Black Brief,Men Apparel Innerwear Briefs Black Summer 2016.0 Casual Facit Men Black Brief
54923,54923.jpg,http://assets.myntassets.com/v1/images/style/properties/Do-u-speak-Green-Girls-Olive-34-Pant_62311570aeebd7385030de554584a065_images.jpg,Girls,Apparel,Bottomwear,Capris,Olive,Summer,2012.0,Casual,Do u speak Green Girls Olive 3/4 Pant,Girls Apparel Bottomwear Capris Olive Summer 2012.0 Casual Do u speak Green Girls Olive 3/4 Pant
43994,43994.jpg,http://assets.myntassets.com/v1/images/style/properties/5c7d3d8c3d1d6cc0f1cdbe550220bc73_images.jpg,Women,Personal Care,Fragrance,Deodorant,Pink,Spring,2017.0,Casual,Police Women Passion Deo,Women Personal Care Fragrance Deodorant Pink Spring 2017.0 Casual Police Women Passion Deo
17278,17278.jpg,http://assets.myntassets.com/v1/images/style/properties/b6ce9035b4f54b8733940f2f10e2e0d4_images.jpg,Men,Apparel,Topwear,Tshirts,Grey,Fall,2011.0,Casual,U.S. Polo Assn. Men Printed  Steeple Grey Tshirt,Men Apparel Topwear Tshirts Grey Fall 2011.0 Casual U.S. Polo Assn. Men Printed  Steeple Grey Tshirt
31588,31588.jpg,http://assets.myntassets.com/v1/images/style/properties/d6c2a243dd5227d7ae5d10156477c38a_images.jpg,Men,Apparel,Topwear,Tshirts,Maroon,Summer,2012.0,Casual,Mark Taylor Men Printed Maroon T-shirt,Men Apparel Topwear Tshirts Maroon Summer 2012.0 Casual Mark Taylor Men Printed Maroon T-shirt
49492,49492.jpg,http://assets.myntassets.com/v1/images/style/properties/Vans-Men-Maroon---Grey-Era-Shoes_f95fd18a6cf5c1deede9c2a3304cfd2c_images.jpg,Men,Footwear,Shoes,Casual Shoes,Maroon,Summer,2012.0,Casual,Vans Men Maroon & Grey Era Shoes,Men Footwear Shoes Casual Shoes Maroon Summer 2012.0 Casual Vans Men Maroon & Grey Era Shoes
18230,18230.jpg,http://assets.myntassets.com/v1/images/style/properties/4a8e310b6a7184ea58ad3a7dc8590b27_images.jpg,Men,Apparel,Topwear,Tshirts,White,Fall,2011.0,Casual,Manchester United Men Printed White Tshirt,Men Apparel Topwear Tshirts White Fall 2011.0 Casual Manchester United Men Printed White Tshirt
23871,23871.jpg,http://assets.myntassets.com/v1/images/style/properties/be625a96a46f91544eb611751026314f_images.jpg,Men,Apparel,Topwear,Tshirts,Grey,Fall,2011.0,Casual,ADIDAS Men Grey Striped T-shirt,Men Apparel Topwear Tshirts Grey Fall 2011.0 Casual ADIDAS Men Grey Striped T-shirt
9667,9667.jpg,http://assets.myntassets.com/v1/images/style/properties/ceb79e65e6f47c0364f0e4dec3331178_images.jpg,Men,Apparel,Topwear,Shirts,Purple,Fall,2011.0,Casual,Indigo Nation Men Bling Red Black Shirts,Men Apparel Topwear Shirts Purple Fall 2011.0 Casual Indigo Nation Men Bling Red Black Shirts
16198,16198.jpg,http://assets.myntassets.com/v1/images/style/properties/0d44368c0dedf58c07d1ff32ee194abc_images.jpg,Men,Apparel,Bottomwear,Tracksuits,Black,Fall,2011.0,Sports,Puma Men Poly Knitted Black Tracksuit,Men Apparel Bottomwear Tracksuits Black Fall 2011.0 Sports Puma Men Poly Knitted Black Tracksuit
3953,3953.jpg,http://assets.myntassets.com/v1/images/style/properties/812fff8546b72c2f4bea1cf9a0ac0f13_images.jpg,Women,Apparel,Topwear,Tshirts,Red,Summer,2011.0,Casual,Jealous 21 Women's Red Peace T-shirt,Women Apparel Topwear Tshirts Red Summer 2011.0 Casual Jealous 21 Women's Red Peace T-shirt
29745,29745.jpg,http://assets.myntassets.com/v1/images/style/properties/Fossil-Men-Quartz-Chronograph-Watch_575c8fdbe42720059478b19e9dfd5e55_images.jpg,Men,Accessories,Watches,Watches,Black,Winter,2016.0,Casual,Fossil Men Quartz Black Dial Chronograph Watch JR1303,Men Accessories Watches Watches Black Winter 2016.0 Casual Fossil Men Quartz Black Dial Chronograph Watch JR1303
28697,28697.jpg,http://assets.myntassets.com/v1/images/style/properties/7cc9d6974c744535b7343cc863082311_images.jpg,Women,Apparel,Topwear,Kurtas,Black,Summer,2012.0,Ethnic,W Women Printed Black Kurta,Women Apparel Topwear Kurtas Black Summer 2012.0 Ethnic W Women Printed Black Kurta
12538,12538.jpg,http://assets.myntassets.com/v1/images/style/properties/eb3a69a17b6a64c1ad62a00796b91824_images.jpg,Men,Apparel,Bottomwear,Track Pants,Blue,Fall,2011.0,Casual,Puma Men Solid Blue Track Pants,Men Apparel Bottomwear Track Pants Blue Fall 2011.0 Casual Puma Men Solid Blue Track Pants
8587,8587.jpg,http://assets.myntassets.com/v1/images/style/properties/d9497aae4ed436340a1b6764ddc052ce_images.jpg,Men,Apparel,Topwear,Shirts,Red,Fall,2011.0,Casual,Scullers Men Red Check Shirt,Men Apparel Topwear Shirts Red Fall 2011.0 Casual Scullers Men Red Check Shirt
42248,42248.jpg,http://assets.myntassets.com/v1/images/style/properties/e0da05b38a2fe03cace0a8fbddc65006_images.jpg,Women,Apparel,Topwear,Tops,Pink,Summer,2012.0,Casual,Sepia Women Pink Top,Women Apparel Topwear Tops Pink Summer 2012.0 Casual Sepia Women Pink Top
48772,48772.jpg,http://assets.myntassets.com/v1/images/style/properties/33c356143683cffa7582fc7fa85d640f_images.jpg,Women,Accessories,Jewellery,Pendant,Silver,Summer,2013.0,Casual,Lucera Women Silver Pendant,Women Accessories Jewellery Pendant Silver Summer 2013.0 Casual Lucera Women Silver Pendant
17876,17876.jpg,http://assets.myntassets.com/v1/images/style/properties/6ad5930365254d23fcfd8aaabe39d7fd_images.jpg,Men,Apparel,Innerwear,Innerwear Vests,Grey,Summer,2016.0,Casual,Levis Men Comfort Style Grey Innerwear Vest,Men Apparel Innerwear Innerwear Vests Grey Summer 2016.0 Casual Levis Men Comfort Style Grey Innerwear Vest
30668,30668.jpg,http://assets.myntassets.com/v1/images/style/properties/ca1ea916513e30ffbd8d0f3d48460752_images.jpg,Men,Accessories,Eyewear,Sunglasses,Black,Winter,2016.0,Casual,Park Avenue Men Black Sunglasses,Men Accessories Eyewear Sunglasses Black Winter 2016.0 Casual Park Avenue Men Black Sunglasses
9455,9455.jpg,http://assets.myntassets.com/v1/images/style/properties/b51ddd8d00fdcb3261069363d18b6763_images.jpg,Men,Apparel,Topwear,Shirts,Red,Fall,2011.0,Formal,John Miller Men Red Striped Shirt,Men Apparel Topwear Shirts Red Fall 2011.0 Formal John Miller Men Red Striped Shirt
18002,18002.jpg,http://assets.myntassets.com/v1/images/style/properties/c6a98b1107df02d5791d0006235939df_images.jpg,Women,Apparel,Bottomwear,Capris,Black,Summer,2011.0,Sports,Puma Women Essential Skinny Black 3/4 Pant,Women Apparel Bottomwear Capris Black Summer 2011.0 Sports Puma Women Essential Skinny Black 3/4 Pant
44983,44983.jpg,http://assets.myntassets.com/v1/images/style/properties/819aca72eadcdd53e95d1631aae2e701_images.jpg,Women,Accessories,Watches,Watches,Silver,Winter,2016.0,Casual,Maxima Women Silver Dial Watch,Women Accessories Watches Watches Silver Winter 2016.0 Casual Maxima Women Silver Dial Watch
38405,38405.jpg,http://assets.myntassets.com/v1/images/style/properties/059445627a9611d38218864729d5eeb0_images.jpg,Women,Accessories,Belts,Belts,White,Summer,2012.0,Casual,Baggit Women White Capri Taj Belt,Women Accessories Belts Belts White Summer 2012.0 Casual Baggit Women White Capri Taj Belt
53934,53934.jpg,http://assets.myntassets.com/v1/images/style/properties/KIARA-Women-Brown-Handbag_98bb55cffd970f479b59b9e16d0713b6_images.jpg,Women,Accessories,Bags,Handbags,Brown,Summer,2012.0,Casual,Kiara Women Brown Handbag,Women Accessories Bags Handbags Brown Summer 2012.0 Casual Kiara Women Brown Handbag
1638,1638.jpg,http://assets.myntassets.com/v1/images/style/properties/332172e96e45f1a6d5ba979215736176_images.jpg,Unisex,Apparel,Bottomwear,Swimwear,Blue,Fall,2010.0,Sports,Nabaiji Swimming Goggles Blue Black,Unisex Apparel Bottomwear Swimwear Blue Fall 2010.0 Sports Nabaiji Swimming Goggles Blue Black
25188,25188.jpg,http://assets.myntassets.com/v1/images/style/properties/dabc32d2b3e99f80ef908374f84d161c_images.jpg,Women,Accessories,Bags,Handbags,Brown,Winter,2015.0,Casual,Lino Perros Women Leatherite Brown Handbag,Women Accessories Bags Handbags Brown Winter 2015.0 Casual Lino Perros Women Leatherite Brown Handbag
24866,24866.jpg,http://assets.myntassets.com/v1/images/style/properties/048fb21b5cddf5bf4bafb5b507ba9872_images.jpg,Men,Accessories,Belts,Belts,Black,Summer,2012.0,Casual,Reid & Taylor Men Formal Black Belt,Men Accessories Belts Belts Black Summer 2012.0 Casual Reid & Taylor Men Formal Black Belt
53108,53108.jpg,http://assets.myntassets.com/v1/images/style/properties/Fabindia-Silver-Earrings_35496103f164781c2264c2467b46a846_images.jpg,Women,Accessories,Jewellery,Earrings,Silver,Winter,2016.0,Casual,Fabindia Silver Earrings,Women Accessories Jewellery Earrings Silver Winter 2016.0 Casual Fabindia Silver Earrings
21528,21528.jpg,http://assets.myntassets.com/v1/images/style/properties/348a1c79e91c3c74047eecd5dd374957_images.jpg,Women,Accessories,Bags,Handbags,Copper,Winter,2015.0,Casual,Kiara Women Sequins Copper Handbag,Women Accessories Bags Handbags Copper Winter 2015.0 Casual Kiara Women Sequins Copper Handbag
59432,59432.jpg,http://assets.myntassets.com/v1/images/style/properties/Spice-Art-Women-Black-Handbag_2bf4728580599984a2a555db977b9e35_images.jpg,Women,Accessories,Bags,Handbags,Black,Summer,2012.0,Casual,Spice Art Women Black Handbag,Women Accessories Bags Handbags Black Summer 2012.0 Casual Spice Art Women Black Handbag
32903,32903.jpg,http://assets.myntassets.com/v1/images/style/properties/Allen-Solly-Women-Red-Shorts_a99033bbbb95bbf0b9cc2945a99e5f18_images.jpg,Women,Apparel,Bottomwear,Shorts,Red,Summer,2012.0,Casual,Allen Solly Women Red Shorts,Women Apparel Bottomwear Shorts Red Summer 2012.0 Casual Allen Solly Women Red Shorts
6079,6079.jpg,http://assets.myntassets.com/v1/images/style/properties/4ac891da14f596c2e69f75cfb8d1a56a_images.jpg,Men,Apparel,Topwear,Tshirts,Grey,Summer,2011.0,Casual,UCB Men's Johny Collar With Two Tone Grey T-shirt,Men Apparel Topwear Tshirts Grey Summer 2011.0 Casual UCB Men's Johny Collar With Two Tone Grey T-shirt
12960,12960.jpg,http://assets.myntassets.com/v1/images/style/properties/81780f9a8eebc7fb3d57ffffa7f455ae_images.jpg,Men,Footwear,Shoes,Sports Shoes,White,Fall,2011.0,Sports,ADIDAS Men Sports White Sports Shoes,Men Footwear Shoes Sports Shoes White Fall 2011.0 Sports ADIDAS Men Sports White Sports Shoes
29321,29321.jpg,http://assets.myntassets.com/v1/images/style/properties/08ba360a042300fffa932e37235edd6d_images.jpg,Men,Apparel,Topwear,Tshirts,Black,Summer,2012.0,Sports,ADIDAS Men Black Jersey,Men Apparel Topwear Tshirts Black Summer 2012.0 Sports ADIDAS Men Black Jersey
9031,9031.jpg,http://assets.myntassets.com/v1/images/style/properties/c42e34c84003a87f8fc0d5694e82d4c3_images.jpg,Men,Footwear,Shoes,Casual Shoes,Tan,Winter,2011.0,Casual,Buckaroo Men loma Tan Casual Shoes,Men Footwear Shoes Casual Shoes Tan Winter 2011.0 Casual Buckaroo Men loma Tan Casual Shoes
6845,6845.jpg,http://assets.myntassets.com/v1/images/style/properties/faf1d3dd73a661e25ed526e28fd8ea85_images.jpg,Unisex,Accessories,Shoe Accessories,Shoe Laces,Black,Summer,2011.0,Casual,Timberland Unisex Hiker Round Lace Shoe Accessories,Unisex Accessories Shoe Accessories Shoe Laces Black Summer 2011.0 Casual Timberland Unisex Hiker Round Lace Shoe Accessories
18466,18466.jpg,http://assets.myntassets.com/v1/images/style/properties/4d321b82e59d37960f77916416a4d594_images.jpg,Women,Personal Care,Fragrance,Perfume and Body Mist,White,Spring,2017.0,Casual,Reebok Reebounce Women Perfumes,Women Personal Care Fragrance Perfume and Body Mist White Spring 2017.0 Casual Reebok Reebounce Women Perfumes
26369,26369.jpg,http://assets.myntassets.com/v1/images/style/properties/2b2bb303e1b844960d62d84888b226e0_images.jpg,Women,Apparel,Topwear,Shirts,Blue,Summer,2012.0,Casual,Arrow Woman Blue Shirt,Women Apparel Topwear Shirts Blue Summer 2012.0 Casual Arrow Woman Blue Shirt
33489,33489.jpg,http://assets.myntassets.com/v1/images/style/properties/47d964476bfd4b4c30627d74c4f6a94d_images.jpg,Men,Apparel,Topwear,Shirts,Green,Summer,2012.0,Casual,Doodle Kids Boy Check Green Shirt,Men Apparel Topwear Shirts Green Summer 2012.0 Casual Doodle Kids Boy Check Green Shirt
59056,59056.jpg,http://assets.myntassets.com/v1/images/style/properties/Carlton-London-Women-Blue---Cream-Shoes_243d3b1aebc988e696a0ea409daff4bf_images.jpg,Women,Footwear,Shoes,Casual Shoes,Blue,Winter,2012.0,Casual,Carlton London Women Blue & Cream Shoes,Women Footwear Shoes Casual Shoes Blue Winter 2012.0 Casual Carlton London Women Blue & Cream Shoes
15379,15379.jpg,http://assets.myntassets.com/v1/images/style/properties/593368a3e9649a12de803e50fa2ed17a_images.jpg,Men,Footwear,Shoes,Casual Shoes,Black,Summer,2012.0,Casual,Fila Men Lobato Black Casual Shoes,Men Footwear Shoes Casual Shoes Black Summer 2012.0 Casual Fila Men Lobato Black Casual Shoes
45409,45409.jpg,http://assets.myntassets.com/v1/images/style/properties/54af17814bd8787468092abb74e7636a_images.jpg,Women,Footwear,Shoes,Flats,Black,Winter,2012.0,Casual,Rocia Women Black & Brown Sandals,Women Footwear Shoes Flats Black Winter 2012.0 Casual Rocia Women Black & Brown Sandals
56822,56822.jpg,http://assets.myntassets.com/v1/images/style/properties/John-Players-Men-Beige-Shorts_121cc979460c6139c92c31e560abc152_images.jpg,Men,Apparel,Bottomwear,Trousers,Beige,Summer,2012.0,Casual,John Players Men Beige Shorts,Men Apparel Bottomwear Trousers Beige Summer 2012.0 Casual John Players Men Beige Shorts
58184,58184.jpg,http://assets.myntassets.com/v1/images/style/properties/Rocky-S-Women-Beige-Handbag_cf13243aa8a7454917b557edd377d46e_images.jpg,Women,Accessories,Bags,Handbags,Beige,Summer,2012.0,Casual,Rocky S Women Beige Handbag,Women Accessories Bags Handbags Beige Summer 2012.0 Casual Rocky S Women Beige Handbag
40947,40947.jpg,http://assets.myntassets.com/v1/images/style/properties/ecfcc90e4ae597955732adf2680b9fa3_images.jpg,Boys,Apparel,Topwear,Tshirts,Red,Summer,2012.0,Casual,Gini and Jony Boys Core Red T-shirt,Boys Apparel Topwear Tshirts Red Summer 2012.0 Casual Gini and Jony Boys Core Red T-shirt
39381,39381.jpg,http://assets.myntassets.com/v1/images/style/properties/78bf924de236777a9bc6662b076449e4_images.jpg,Men,Apparel,Bottomwear,Jeans,Black,Summer,2012.0,Casual,Peter England Men Party Black Jeans,Men Apparel Bottomwear Jeans Black Summer 2012.0 Casual Peter England Men Party Black Jeans
15977,15977.jpg,http://assets.myntassets.com/v1/images/style/properties/0a031662373e7c27ae1415f5afb76e42_images.jpg,Men,Apparel,Topwear,Shirts,Red,Fall,2011.0,Casual,Turtle Solid Men Red Shirt,Men Apparel Topwear Shirts Red Fall 2011.0 Casual Turtle Solid Men Red Shirt
32769,32769.jpg,http://assets.myntassets.com/v1/images/style/properties/f811ce4aaa2f4c37fc962f2c069f0ee4_images.jpg,Men,Apparel,Topwear,Tshirts,Blue,Spring,2013.0,Casual,Music Men Printed Blue T-shirt,Men Apparel Topwear Tshirts Blue Spring 2013.0 Casual Music Men Printed Blue T-shirt
10439,10439.jpg,http://assets.myntassets.com/v1/images/style/properties/6703b9bc9762e04f4e53afaa0aaecb3d_images.jpg,Men,Apparel,Topwear,Tshirts,Brown,Fall,2011.0,Casual,Flying Machine Men Walnut Brown Tshirts,Men Apparel Topwear Tshirts Brown Fall 2011.0 Casual Flying Machine Men Walnut Brown Tshirts
59264,59264.jpg,http://assets.myntassets.com/v1/images/style/properties/Titan-Women-White-Watch_4f0365e5beb2f39bd6f333064101cb06_images.jpg,Women,Accessories,Watches,Watches,White,Winter,2016.0,Casual,Titan Women White Watch,Women Accessories Watches Watches White Winter 2016.0 Casual Titan Women White Watch
14099,14099.jpg,http://assets.myntassets.com/v1/images/style/properties/1c2d217895f9a1bf02a20b09084491da_images.jpg,Women,Apparel,Topwear,Tops,Pink,Fall,2011.0,Casual,Flying Machine Women Solid Pink Tops,Women Apparel Topwear Tops Pink Fall 2011.0 Casual Flying Machine Women Solid Pink Tops
1852,1852.jpg,http://assets.myntassets.com/v1/images/style/properties/2e95da933ac14a9c46b2629146a5ad51_images.jpg,Men,Apparel,Topwear,Tshirts,Blue,Summer,2011.0,Casual,Inkfruit Men Ride It Or Die T-shirt,Men Apparel Topwear Tshirts Blue Summer 2011.0 Casual Inkfruit Men Ride It Or Die T-shirt
30802,30802.jpg,http://assets.myntassets.com/v1/images/style/properties/51e88043cd7d2b28569c641fdb2fdc4c_images.jpg,Men,Apparel,Topwear,Shirts,Blue,Summer,2012.0,Ethnic,Fabindia Men Blue Shirt,Men Apparel Topwear Shirts Blue Summer 2012.0 Ethnic Fabindia Men Blue Shirt
51009,51009.jpg,http://assets.myntassets.com/v1/images/style/properties/Enamor-Rose-Full-Figure-Bra_d04d8cdbc6cef8399424eb4aa236a47b_images.jpg,Women,Apparel,Innerwear,Bra,Rose,Summer,2017.0,Casual,Enamor Rose Full Figure Bra FF07,Women Apparel Innerwear Bra Rose Summer 2017.0 Casual Enamor Rose Full Figure Bra FF07
29113,29113.jpg,http://assets.myntassets.com/v1/images/style/properties/305e775fce152c8d7ad4334dee5d2cae_images.jpg,Women,Accessories,Socks,Socks,White,Summer,2012.0,Casual,Puma Women Pack of 3 Socks,Women Accessories Socks Socks White Summer 2012.0 Casual Puma Women Pack of 3 Socks
7399,7399.jpg,http://assets.myntassets.com/v1/images/style/properties/f100c2c689ac3bf1ecbf643b1921c001_images.jpg,Men,Footwear,Shoes,Formal Shoes,Black,Winter,2018.0,Formal,Red Tape Men's Black Formal Shoe,Men Footwear Shoes Formal Shoes Black Winter 2018.0 Formal Red Tape Men's Black Formal Shoe
26967,26967.jpg,http://assets.myntassets.com/v1/images/style/properties/85d720a91f528535d65276aabff0ee69_images.jpg,Women,Apparel,Topwear,Tops,Navy Blue,Summer,2012.0,Casual,Jealous 21 Women Check Navy Blue Top,Women Apparel Topwear Tops Navy Blue Summer 2012.0 Casual Jealous 21 Women Check Navy Blue Top
27089,27089.jpg,http://assets.myntassets.com/v1/images/style/properties/fb270d2a6f06ba2d0736b2700ee916eb_images.jpg,Women,Apparel,Topwear,Kurtas,Brown,Summer,2012.0,Ethnic,Aneri Women Jazz Brown Kurta,Women Apparel Topwear Kurtas Brown Summer 2012.0 Ethnic Aneri Women Jazz Brown Kurta
48124,48124.jpg,http://assets.myntassets.com/v1/images/style/properties/6b6891bafdee4f7a91dc6198bb172de1_images.jpg,Women,Accessories,Belts,Belts,Brown,Summer,2012.0,Casual,Fossil Women Brown Huarache Weave Belt,Women Accessories Belts Belts Brown Summer 2012.0 Casual Fossil Women Brown Huarache Weave Belt
9203,9203.jpg,http://assets.myntassets.com/v1/images/style/properties/70ffebcb332030e98e65461076ac2fb0_images.jpg,Men,Footwear,Shoes,Sports Shoes,Black,Fall,2011.0,Sports,Puma Men Axis XT Black Shoes,Men Footwear Shoes Sports Shoes Black Fall 2011.0 Sports Puma Men Axis XT Black Shoes
51835,51835.jpg,http://assets.myntassets.com/v1/images/style/properties/0e1d36b05c6bd99ed90a50af5f4000a7_images.jpg,Women,Apparel,Innerwear,Briefs,Red,Summer,2016.0,Casual,Bwitch Red Lace  Briefs,Women Apparel Innerwear Briefs Red Summer 2016.0 Casual Bwitch Red Lace  Briefs
3739,3739.jpg,http://assets.myntassets.com/v1/images/style/properties/0c4bbbabc7387cf6190f60f42d28782c_images.jpg,Men,Accessories,Headwear,Caps,Blue,Fall,2010.0,Sports,ADIDAS Men Delhi Daredevil Blue Cap,Men Accessories Headwear Caps Blue Fall 2010.0 Sports ADIDAS Men Delhi Daredevil Blue Cap
19786,19786.jpg,http://assets.myntassets.com/v1/images/style/properties/4dcc3b32e48ebb49502a3384edff6ccf_images.jpg,Men,Apparel,Topwear,Tshirts,Navy Blue,Winter,2016.0,Casual,U.S. Polo Assn. Men Solid Navy Blue Tshirt,Men Apparel Topwear Tshirts Navy Blue Winter 2016.0 Casual U.S. Polo Assn. Men Solid Navy Blue Tshirt
44948,44948.jpg,http://assets.myntassets.com/v1/images/style/properties/39cef2982137215d71ed41a558159659_images.jpg,Men,Footwear,Shoes,Sports Shoes,Black,Summer,2012.0,Sports,Puma Men Black Aquil II Sports Shoes,Men Footwear Shoes Sports Shoes Black Summer 2012.0 Sports Puma Men Black Aquil II Sports Shoes
24091,24091.jpg,http://assets.myntassets.com/v1/images/style/properties/cd8e03fcea2341e5cf5dfad3a47734d3_images.jpg,Men,Apparel,Topwear,Tshirts,Navy Blue,Fall,2011.0,Casual,Manchester United Men Navy Blue Striped T-shirt,Men Apparel Topwear Tshirts Navy Blue Fall 2011.0 Casual Manchester United Men Navy Blue Striped T-shirt
57563,57563.jpg,http://assets.myntassets.com/assets/images/57563/2016/11/21/11479705887376-Lotus-Herbals-Pure-Colours-Nutty-Brown-Lipstick-666-2131479705887284-1.jpg,Women,Personal Care,Lips,Lipstick,Brown,Spring,2017.0,,Lotus Herbals Pure Colours Nutty Brown Lipstick 666,Women Personal Care Lips Lipstick Brown Spring 2017.0  Lotus Herbals Pure Colours Nutty Brown Lipstick 666
33026,33026.jpg,http://assets.myntassets.com/v1/images/style/properties/Mother-Earth-Women-Red-Kurta_573ea7192ffd5b39893b3eda44983b1f_images.jpg,Women,Apparel,Topwear,Kurtas,Pink,Fall,2012.0,Ethnic,Mother Earth Women Pink Kurta,Women Apparel Topwear Kurtas Pink Fall 2012.0 Ethnic Mother Earth Women Pink Kurta
41406,41406.jpg,http://assets.myntassets.com/v1/images/style/properties/8801f4359aee713a7036663fd1684d60_images.jpg,Women,Apparel,Topwear,Tshirts,Pink,Summer,2012.0,Casual,Wrangler Women Pink T-shirt,Women Apparel Topwear Tshirts Pink Summer 2012.0 Casual Wrangler Women Pink T-shirt
11376,11376.jpg,http://assets.myntassets.com/v1/images/style/properties/9aeb7516044919916346d95f0a5d2c99_images.jpg,Women,Apparel,Topwear,Tops,Grey,Fall,2011.0,Casual,United Colors Of Benetton Women Light Winter Grey Tops,Women Apparel Topwear Tops Grey Fall 2011.0 Casual United Colors Of Benetton Women Light Winter Grey Tops
25143,25143.jpg,http://assets.myntassets.com/v1/images/style/properties/Lino-Perros-Women-Silver-Clutchd9e16c28cd153b082ef61c4f6765a109_images.jpg,Women,Accessories,Bags,Clutches,Silver,Winter,2015.0,Casual,Lino Perros Women Silver Clutch,Women Accessories Bags Clutches Silver Winter 2015.0 Casual Lino Perros Women Silver Clutch
44174,44174.jpg,http://assets.myntassets.com/v1/images/style/properties/2dd0e7200dcf5daacf75e84254cf44da_images.jpg,Women,Personal Care,Fragrance,Fragrance Gift Set,White,Spring,2017.0,Casual,Nike Fragrances Women Sensual Touch Perfume and Deo Set,Women Personal Care Fragrance Fragrance Gift Set White Spring 2017.0 Casual Nike Fragrances Women Sensual Touch Perfume and Deo Set
5253,5253.jpg,http://assets.myntassets.com/v1/images/style/properties/Wildcraft-Unisex-Black---Grey-Printed-Duffle-Bag-Cum-Backpack_690474057244f1cc1f6c1f546fe244e9_images.jpg,Unisex,Accessories,Bags,Duffel Bag,Grey,Winter,2015.0,Casual,Wildcraft Unisex Black & Grey Duffel Bag,Unisex Accessories Bags Duffel Bag Grey Winter 2015.0 Casual Wildcraft Unisex Black & Grey Duffel Bag
20431,20431.jpg,http://assets.myntassets.com/v1/images/style/properties/a37f66d6f15149ddeeaf17f4cdfd13d3_images.jpg,Women,Accessories,Wallets,Wallets,Brown,Winter,2015.0,Casual,Baggit Women Tijori Viva Brown Wallet,Women Accessories Wallets Wallets Brown Winter 2015.0 Casual Baggit Women Tijori Viva Brown Wallet
14604,14604.jpg,http://assets.myntassets.com/v1/images/style/properties/ddb28ca95c2f393d91fbc1480d4052b8_images.jpg,Men,Accessories,Socks,Socks,Green,Summer,2011.0,Casual,United Colors of Benetton Men Stripes Green Socks,Men Accessories Socks Socks Green Summer 2011.0 Casual United Colors of Benetton Men Stripes Green Socks
4381,4381.jpg,http://assets.myntassets.com/v1/images/style/properties/9af8eb6d150cbf09178137613fb1e594_images.jpg,Men,Apparel,Topwear,Tshirts,Blue,Summer,2011.0,Casual,Superman Men's Silhouette Light Blue T-shirt,Men Apparel Topwear Tshirts Blue Summer 2011.0 Casual Superman Men's Silhouette Light Blue T-shirt
46623,46623.jpg,http://assets.myntassets.com/v1/images/style/properties/8705fb78a89aedee509372dabeb00045_images.jpg,Unisex,Accessories,Bags,Backpacks,Black,Summer,2012.0,Casual,Nike Unisex Ultimatum Max Backpack,Unisex Accessories Bags Backpacks Black Summer 2012.0 Casual Nike Unisex Ultimatum Max Backpack
19927,19927.jpg,http://assets.myntassets.com/v1/images/style/properties/3fa8e7f3bd3eeb217a8cb060d1db2567_images.jpg,Men,Footwear,Sandal,Sandals,Grey,Fall,2011.0,Casual,ADIDAS Men Receptor Grey Sandals,Men Footwear Sandal Sandals Grey Fall 2011.0 Casual ADIDAS Men Receptor Grey Sandals
7504,7504.jpg,http://assets.myntassets.com/v1/images/style/properties/45238d144ec35bc28a35230fb0f7934b_images.jpg,Women,Apparel,Topwear,Tshirts,Pink,Summer,2011.0,Sports,Nike Women's Smash Pink T-shirt,Women Apparel Topwear Tshirts Pink Summer 2011.0 Sports Nike Women's Smash Pink T-shirt
22366,22366.jpg,http://assets.myntassets.com/v1/images/style/properties/b470ee8121b08981d0e1385aaf7b4f46_images.jpg,Men,Apparel,Topwear,Tshirts,White,Fall,2011.0,Casual,Ed Hardy Men New Tiger White T-Shirt,Men Apparel Topwear Tshirts White Fall 2011.0 Casual Ed Hardy Men New Tiger White T-Shirt
3998,3998.jpg,http://assets.myntassets.com/v1/images/style/properties/91352b9549b9c0d570180dd1be12738d_images.jpg,Men,Footwear,Flip Flops,Flip Flops,Black,Summer,2011.0,Casual,Spalding Men's Black and White Graphic Flip Flop,Men Footwear Flip Flops Flip Flops Black Summer 2011.0 Casual Spalding Men's Black and White Graphic Flip Flop
51694,51694.jpg,http://assets.myntassets.com/v1/images/style/properties/Van-Heusen-Unisex-Brown-Sunglasses_c9daa6b4b86307e4a8ce1f4576923e67_images.jpg,Unisex,Accessories,Eyewear,Sunglasses,Brown,Winter,2016.0,Casual,Van Heusen Unisex Sunglasses VH216-C2,Unisex Accessories Eyewear Sunglasses Brown Winter 2016.0 Casual Van Heusen Unisex Sunglasses VH216-C2
16153,16153.jpg,http://assets.myntassets.com/v1/images/style/properties/c80c08ee91ff76e9ef5f3ec53fc6b6a7_images.jpg,Men,Footwear,Shoes,Formal Shoes,Black,Fall,2011.0,Formal,Enroute Men Leather Black Formal Shoes,Men Footwear Shoes Formal Shoes Black Fall 2011.0 Formal Enroute Men Leather Black Formal Shoes
17081,17081.jpg,http://assets.myntassets.com/v1/images/style/properties/8adcbdc72af005d52b053e6dd93ecc2c_images.jpg,Women,Accessories,Wallets,Wallets,Blue,Winter,2015.0,Casual,Lino Perros Women Denim Blue Wallet,Women Accessories Wallets Wallets Blue Winter 2015.0 Casual Lino Perros Women Denim Blue Wallet
50746,50746.jpg,http://assets.myntassets.com/v1/images/style/properties/70545e7653ee98ed7a82d2b13fc2d93b_images.jpg,Men,Footwear,Shoes,Formal Shoes,Black,Winter,2018.0,Formal,Red Chief Men Black Formal Shoes,Men Footwear Shoes Formal Shoes Black Winter 2018.0 Formal Red Chief Men Black Formal Shoes
34203,34203.jpg,http://assets.myntassets.com/v1/images/style/properties/Proline-Men-Grey-Track-Pants_0bfd1e2ecdfb383b0b95593b68ef704d_images.jpg,Men,Apparel,Bottomwear,Track Pants,Charcoal,Winter,2013.0,Casual,Proline Men Charcoal Grey Track Pants,Men Apparel Bottomwear Track Pants Charcoal Winter 2013.0 Casual Proline Men Charcoal Grey Track Pants
55234,55234.jpg,http://assets.myntassets.com/assets/images/55234/2018/5/3/11525323471619-Lakme-9to5-Flawless-Makeup-Marble-Foundation-7751525323471576-1.jpg,Women,Personal Care,Makeup,Foundation and Primer,Skin,Summer,2019.0,Casual,Lakme 9to5 Flawless Makeup Marble Foundation,Women Personal Care Makeup Foundation and Primer Skin Summer 2019.0 Casual Lakme 9to5 Flawless Makeup Marble Foundation
13421,13421.jpg,http://assets.myntassets.com/v1/images/style/properties/783442c36bbe6603d9bd4b370af1bf9f_images.jpg,Men,Apparel,Topwear,Tshirts,Black,Summer,2011.0,Casual,United Colors of Benetton Men Stripes Black Polo T-shirts,Men Apparel Topwear Tshirts Black Summer 2011.0 Casual United Colors of Benetton Men Stripes Black Polo T-shirts
27614,27614.jpg,http://assets.myntassets.com/v1/images/style/properties/40b830e01b25eee921ea6c1ba16f1629_images.jpg,Men,Apparel,Bottomwear,Trousers,Beige,Summer,2012.0,Casual,Scullers Men Beige Trousers,Men Apparel Bottomwear Trousers Beige Summer 2012.0 Casual Scullers Men Beige Trousers
22154,22154.jpg,http://assets.myntassets.com/v1/images/style/properties/8ad35a71d39ef0432055771175ca3adc_images.jpg,Men,Footwear,Shoes,Formal Shoes,Black,Fall,2011.0,Formal,Lee Cooper Men Black Formal Shoes,Men Footwear Shoes Formal Shoes Black Fall 2011.0 Formal Lee Cooper Men Black Formal Shoes
16361,16361.jpg,http://assets.myntassets.com/v1/images/style/properties/9eb242530f597631a641415ccee785eb_images.jpg,Men,Apparel,Topwear,Shirts,Maroon,Fall,2011.0,Formal,Peter England Men Stripes Maroon Shirt,Men Apparel Topwear Shirts Maroon Fall 2011.0 Formal Peter England Men Stripes Maroon Shirt
46411,46411.jpg,http://assets.myntassets.com/v1/images/style/properties/261167465883f9d74752dfbcb912fa60_images.jpg,Men,Apparel,Topwear,Sweatshirts,Black,Summer,2012.0,Casual,ADIDAS Men Black Sweatshirt,Men Apparel Topwear Sweatshirts Black Summer 2012.0 Casual ADIDAS Men Black Sweatshirt
7736,7736.jpg,http://assets.myntassets.com/v1/images/style/properties/Puma-Men-Ferrari-Lifestyle-Red-Cap_48586ae4176104869e154c76a09aace4_images.jpg,Men,Accessories,Headwear,Caps,Red,Fall,2011.0,Casual,Puma Men Ferrari Lifestyle Red Cap,Men Accessories Headwear Caps Red Fall 2011.0 Casual Puma Men Ferrari Lifestyle Red Cap
34031,34031.jpg,http://assets.myntassets.com/v1/images/style/properties/0f5f0082a3413804e4f2adc80d59a3bb_images.jpg,Boys,Apparel,Topwear,Shirts,Blue,Summer,2012.0,Casual,Gini and Jony Boys Check Blue Shirt,Boys Apparel Topwear Shirts Blue Summer 2012.0 Casual Gini and Jony Boys Check Blue Shirt
50574,50574.jpg,http://assets.myntassets.com/v1/images/style/properties/Chromozome-Men-Charcoal-Pack-of-Two-Trunks_eee242524c525aeba025d69edbfac784_images.jpg,Men,Apparel,Innerwear,Trunk,Charcoal,Summer,2016.0,Casual,Chromozome Men Pack of Two Trunks,Men Apparel Innerwear Trunk Charcoal Summer 2016.0 Casual Chromozome Men Pack of Two Trunks
22968,22968.jpg,http://assets.myntassets.com/v1/images/style/properties/768a928ae2726a525ee2a7142b977491_images.jpg,Unisex,Accessories,Bags,Backpacks,Black,Summer,2011.0,Casual,U.S. Polo Assn. Unisex Casual Olive Backpack,Unisex Accessories Bags Backpacks Black Summer 2011.0 Casual U.S. Polo Assn. Unisex Casual Olive Backpack
3396,3396.jpg,http://assets.myntassets.com/v1/images/style/properties/f71789410ce672f1c9c1be939ecd9f7e_images.jpg,Women,Accessories,Bags,Handbags,Blue,Winter,2015.0,Casual,Murcia Women Turquoise Blue Handbag,Women Accessories Bags Handbags Blue Winter 2015.0 Casual Murcia Women Turquoise Blue Handbag
31543,31543.jpg,http://assets.myntassets.com/v1/images/style/properties/4a043d1c950303676ebb777a1f31efde_images.jpg,Men,Apparel,Topwear,Tshirts,Navy Blue,Summer,2012.0,Casual,Classic Polo Men Striped Navy Blue T-shirt,Men Apparel Topwear Tshirts Navy Blue Summer 2012.0 Casual Classic Polo Men Striped Navy Blue T-shirt
55006,55006.jpg,http://assets.myntassets.com/v1/images/style/properties/Lakme-Sheer-Satin-Lip-Gloss-51_a10d5925678851da0b94a7e230f4e6e9_images.jpg,Women,Personal Care,Lips,Lip Gloss,Copper,Spring,2017.0,,Lakme Sheer Satin Lip Gloss 51,Women Personal Care Lips Lip Gloss Copper Spring 2017.0  Lakme Sheer Satin Lip Gloss 51
19329,19329.jpg,http://assets.myntassets.com/v1/images/style/properties/bcb01252e8d12d743d85d0001586fee0_images.jpg,Men,Footwear,Shoes,Casual Shoes,Brown,Fall,2011.0,Casual,Puma Men Standpunkt Brown Casual Shoes,Men Footwear Shoes Casual Shoes Brown Fall 2011.0 Casual Puma Men Standpunkt Brown Casual Shoes
13613,13613.jpg,http://assets.myntassets.com/v1/images/style/properties/edc8bd246a01901b33b58dad2aba1386_images.jpg,Men,Apparel,Innerwear,Innerwear Vests,Red,Summer,2016.0,Casual,Hanes Men Sleeveless V Neck Red Innerwear T-shirt,Men Apparel Innerwear Innerwear Vests Red Summer 2016.0 Casual Hanes Men Sleeveless V Neck Red Innerwear T-shirt
27426,27426.jpg,http://assets.myntassets.com/assets/images/27426/2016/2/8/11454933652080-Jockey-Women-Grey-Melange-Shorts-1291454933651500-1.jpg,Women,Apparel,Bottomwear,Shorts,Grey Melange,Winter,2015.0,Casual,Jockey Women Grey Melange Shorts,Women Apparel Bottomwear Shorts Grey Melange Winter 2015.0 Casual Jockey Women Grey Melange Shorts
2244,2244.jpg,http://assets.myntassets.com/v1/images/style/properties/683aba986f6883e3a5c64fb97c994342_images.jpg,Women,Apparel,Topwear,Tshirts,Black,Fall,2010.0,Casual,ADIDAS Women's Black T-shirt,Women Apparel Topwear Tshirts Black Fall 2010.0 Casual ADIDAS Women's Black T-shirt
43163,43163.jpg,http://assets.myntassets.com/v1/images/style/properties/0eb97e007901b52825760ea05ab73f09_images.jpg,Men,Accessories,Watches,Watches,White,Winter,2016.0,Casual,Fastrack Men White Dial Watch,Men Accessories Watches Watches White Winter 2016.0 Casual Fastrack Men White Dial Watch
33214,33214.jpg,http://assets.myntassets.com/v1/images/style/properties/03ebf01907cd1829a47dd66600543a56_images.jpg,Women,Apparel,Topwear,Tunics,Black,Summer,2012.0,Casual,Sepia Women Printed Black & Green Tunic,Women Apparel Topwear Tunics Black Summer 2012.0 Casual Sepia Women Printed Black & Green Tunic
10096,10096.jpg,http://assets.myntassets.com/v1/images/style/properties/ab539228aaa6b834a99eef6cf339c057_images.jpg,Women,Footwear,Shoes,Sports Shoes,Blue,Fall,2011.0,Sports,Reebok Women Reeflex Run Blue Sports Shoes,Women Footwear Shoes Sports Shoes Blue Fall 2011.0 Sports Reebok Women Reeflex Run Blue Sports Shoes
11144,11144.jpg,http://assets.myntassets.com/v1/images/style/properties/94ff278a731ad83bf42f0b44ebd6e38b_images.jpg,Men,Apparel,Topwear,Shirts,Black,Fall,2011.0,Casual,Scullers Men Price Catch Black Shirts,Men Apparel Topwear Shirts Black Fall 2011.0 Casual Scullers Men Price Catch Black Shirts
25371,25371.jpg,http://assets.myntassets.com/v1/images/style/properties/b6ba990c288d73cee599dedcd27e1098_images.jpg,Men,Apparel,Innerwear,Innerwear Vests,Maroon,Summer,2016.0,Casual,Levis Men Maroon Innerwear Vest,Men Apparel Innerwear Innerwear Vests Maroon Summer 2016.0 Casual Levis Men Maroon Innerwear Vest
20603,20603.jpg,http://assets.myntassets.com/v1/images/style/properties/9598b35f6e2de51542d2c2ef9110f86b_images.jpg,Women,Accessories,Bags,Handbags,Black,Winter,2015.0,Casual,Baggit Women Selection Mayur Black Sling Bag,Women Accessories Bags Handbags Black Winter 2015.0 Casual Baggit Women Selection Mayur Black Sling Bag
58719,58719.jpg,http://assets.myntassets.com/v1/images/style/properties/ALayna-Women-Off-White-Kurta_7bcf85e4b08cb7c1dd41f805d4dfae1d_images.jpg,Women,Apparel,Topwear,Kurtas,Off White,Summer,2012.0,Ethnic,ALayna Women Off White  Kurta,Women Apparel Topwear Kurtas Off White Summer 2012.0 Ethnic ALayna Women Off White  Kurta
11978,11978.jpg,http://assets.myntassets.com/v1/images/style/properties/5c439c0c29672ff85b3aaafb66a43ae8_images.jpg,Men,Footwear,Sandal,Sandals,Navy Blue,Summer,2012.0,Casual,FILA Men Aruba Navy Blue Sandal,Men Footwear Sandal Sandals Navy Blue Summer 2012.0 Casual FILA Men Aruba Navy Blue Sandal
36766,36766.jpg,http://assets.myntassets.com/v1/images/style/properties/244ce269d1bb4273bdf95a427083ef2a_images.jpg,Men,Accessories,Watches,Watches,Black,Winter,2016.0,Casual,Maxima Men Black Watch,Men Accessories Watches Watches Black Winter 2016.0 Casual Maxima Men Black Watch
45294,45294.jpg,http://assets.myntassets.com/assets/images/45294/2016/2/11/11455184679645-Casio-Women-Black-Dial-Watch-6591455184679230-1.jpg,Women,Accessories,Watches,Watches,Black,Winter,2016.0,Casual,CASIO SHEEN Women Black Dial Watch SX041,Women Accessories Watches Watches Black Winter 2016.0 Casual CASIO SHEEN Women Black Dial Watch SX041
52223,52223.jpg,http://assets.myntassets.com/v1/images/style/properties/Lencia-White-Swarovski-Pearl-Necklace_e5da32190af372b0a3a58a27f6616450_images.jpg,Women,Accessories,Jewellery,Necklace and Chains,White,Fall,2012.0,Casual,Lencia White Swarovski Pearl Necklace,Women Accessories Jewellery Necklace and Chains White Fall 2012.0 Casual Lencia White Swarovski Pearl Necklace
34455,34455.jpg,http://assets.myntassets.com/v1/images/style/properties/45f254c1992b0d9a55adf6c7c7f20ed8_images.jpg,Women,Footwear,Shoes,Heels,Black,Spring,2013.0,Formal,Rocia Women Black Shoes,Women Footwear Shoes Heels Black Spring 2013.0 Formal Rocia Women Black Shoes
6280,6280.jpg,http://assets.myntassets.com/v1/images/style/properties/841e642f22d1031b940126b54f3fe2bc_images.jpg,Men,Apparel,Topwear,Tshirts,Pink,Summer,2011.0,Casual,UCB Men's Making Light Pink T-shirt,Men Apparel Topwear Tshirts Pink Summer 2011.0 Casual UCB Men's Making Light Pink T-shirt
46075,46075.jpg,http://assets.myntassets.com/v1/images/style/properties/4384892e6c432bcd6aad44d1e3792437_images.jpg,Men,Accessories,Belts,Belts,Black,Summer,2012.0,Casual,Lino Perros Men Black Leather Belt,Men Accessories Belts Belts Black Summer 2012.0 Casual Lino Perros Men Black Leather Belt
35587,35587.jpg,http://assets.myntassets.com/v1/images/style/properties/Gliders-Men-Brown-Leather-Sandals_95633c99c7d10aa8995f5c3d6920374d_images.jpg,Men,Footwear,Sandal,Sandals,Brown,Summer,2013.0,Casual,Gliders Men Brown Leather Sandals,Men Footwear Sandal Sandals Brown Summer 2013.0 Casual Gliders Men Brown Leather Sandals
7352,7352.jpg,http://assets.myntassets.com/v1/images/style/properties/d4622bdcbde3a2544ce0ba6c4ae4541b_images.jpg,Men,Apparel,Topwear,Tshirts,Purple,Fall,2011.0,Casual,Tantra Men's Whatever Purple T-shirt,Men Apparel Topwear Tshirts Purple Fall 2011.0 Casual Tantra Men's Whatever Purple T-shirt
27042,27042.jpg,http://assets.myntassets.com/v1/images/style/properties/Yelloe-Black-Animal-Print-Clutche15b6d1186ace2eb2a844cf143e0e597_images.jpg,Women,Accessories,Bags,Clutches,Black,Summer,2012.0,Casual,Yelloe Black Animal Print Clutch,Women Accessories Bags Clutches Black Summer 2012.0 Casual Yelloe Black Animal Print Clutch
2620,2620.jpg,http://assets.myntassets.com/v1/images/style/properties/bb406db0fb2f98a1a49538fc1b14c444_images.jpg,Men,Apparel,Topwear,Tshirts,Blue,Fall,2010.0,Sports,Nike Men's Colors Team India T-shirt,Men Apparel Topwear Tshirts Blue Fall 2010.0 Sports Nike Men's Colors Team India T-shirt
43507,43507.jpg,http://assets.myntassets.com/v1/images/style/properties/e12348ff6e8ce788a82060aa7bbd55f6_images.jpg,Men,Apparel,Topwear,Tshirts,Maroon,Summer,2012.0,Casual,French Connection Men Maroon T-shirt,Men Apparel Topwear Tshirts Maroon Summer 2012.0 Casual French Connection Men Maroon T-shirt
28836,28836.jpg,http://assets.myntassets.com/v1/images/style/properties/cf493bdbb43980ef920fbc7b0186defb_images.jpg,Women,Apparel,Topwear,Kurtas,Multi,Summer,2012.0,Ethnic,BIBA Women Printed Multi Coloured Kurta,Women Apparel Topwear Kurtas Multi Summer 2012.0 Ethnic BIBA Women Printed Multi Coloured Kurta
31127,31127.jpg,http://assets.myntassets.com/v1/images/style/properties/1f7c87ee0ac12c35df8c1dd28e2cd692_images.jpg,Girls,Apparel,Dress,Dresses,Black,Summer,2012.0,Casual,Gini and Jony Girls Black Dress,Girls Apparel Dress Dresses Black Summer 2012.0 Casual Gini and Jony Girls Black Dress
26190,26190.jpg,http://assets.myntassets.com/v1/images/style/properties/7a987d9396adbb584aa6ceb2cca10fa0_images.jpg,Men,Personal Care,Fragrance,Perfume and Body Mist,Blue,Spring,2017.0,Casual,4711 Kolnisch Wasser Men Perfume,Men Personal Care Fragrance Perfume and Body Mist Blue Spring 2017.0 Casual 4711 Kolnisch Wasser Men Perfume
55462,55462.jpg,http://assets.myntassets.com/v1/images/style/properties/Revlon-Super-Lustrous-Plum-Baby-Lipstick-313_fa487d6576dd8b154e41518ee55a70e5_images.jpg,Women,Personal Care,Lips,Lipstick,Purple,Spring,2017.0,Casual,Revlon Super Lustrous Plum Baby Lipstick 313,Women Personal Care Lips Lipstick Purple Spring 2017.0 Casual Revlon Super Lustrous Plum Baby Lipstick 313
11520,11520.jpg,http://assets.myntassets.com/v1/images/style/properties/5c145f1074d79ebf9aff413ccfe6e910_images.jpg,Women,Apparel,Bottomwear,Jeans,Black,Fall,2011.0,Casual,United Colors of Benetton Women Denim Black Jeans,Women Apparel Bottomwear Jeans Black Fall 2011.0 Casual United Colors of Benetton Women Denim Black Jeans
25715,25715.jpg,http://assets.myntassets.com/v1/images/style/properties/Adidas-Unisex-Green-Cape37522dbe6fd8d3810a3b39ef9aa6f2e_images.jpg,Unisex,Accessories,Headwear,Caps,Blue,Summer,2012.0,Sports,ADIDAS Unisex Blue Cap,Unisex Accessories Headwear Caps Blue Summer 2012.0 Sports ADIDAS Unisex Blue Cap
41250,41250.jpg,http://assets.myntassets.com/v1/images/style/properties/Arrow-Men-Black---Brown-Reversible-Belt_869df184bfc3eb57e41573e7b3b7c076_images.jpg,Men,Accessories,Belts,Belts,Brown,Summer,2012.0,Formal,Arrow Men Black & Brown Reversible Belt,Men Accessories Belts Belts Brown Summer 2012.0 Formal Arrow Men Black & Brown Reversible Belt
40382,40382.jpg,http://assets.myntassets.com/v1/images/style/properties/ff487d5e2a7f343d35859997db375cab_images.jpg,Women,Apparel,Topwear,Tops,Pink,Summer,2012.0,Casual,Tokyo Talkies Women Pink Top,Women Apparel Topwear Tops Pink Summer 2012.0 Casual Tokyo Talkies Women Pink Top
38298,38298.jpg,http://assets.myntassets.com/v1/images/style/properties/Reid---Taylor-Men-Wallets_96ad37ba32edf59cba28a45efa7d9571_images.jpg,Men,Accessories,Wallets,Wallets,Brown,Summer,2012.0,Casual,Reid & Taylor Men Brown Wallet,Men Accessories Wallets Wallets Brown Summer 2012.0 Casual Reid & Taylor Men Brown Wallet
57335,57335.jpg,http://assets.myntassets.com/v1/images/style/properties/Amante-Women-AmanteWhiteBra-White-Bra_377ee108d4470e931fb1c5bab38ed295_images.jpg,Women,Apparel,Innerwear,Bra,White,Winter,2015.0,Casual,Amante White Bra BCSO01,Women Apparel Innerwear Bra White Winter 2015.0 Casual Amante White Bra BCSO01
52647,52647.jpg,http://assets.myntassets.com/v1/images/style/properties/Modacc-Women-Black-Handbag_bc90660f883df700267dfac2d919b455_images.jpg,Women,Accessories,Bags,Handbags,Black,Summer,2012.0,Casual,Mod'acc Women Black Handbag,Women Accessories Bags Handbags Black Summer 2012.0 Casual Mod'acc Women Black Handbag
20267,20267.jpg,http://assets.myntassets.com/v1/images/style/properties/dedbae54d5a67c52c6b08cb832f50622_images.jpg,Women,Footwear,Shoes,Heels,Black,Winter,2015.0,Casual,Catwalk Women Casual Black Heels,Women Footwear Shoes Heels Black Winter 2015.0 Casual Catwalk Women Casual Black Heels
14052,14052.jpg,http://assets.myntassets.com/v1/images/style/properties/1c40d2b94c58f8037380b197a26f567d_images.jpg,Men,Apparel,Topwear,Shirts,White,Fall,2011.0,Casual,Flying Machine Men Solid White Shirts,Men Apparel Topwear Shirts White Fall 2011.0 Casual Flying Machine Men Solid White Shirts
53795,53795.jpg,http://assets.myntassets.com/v1/images/style/properties/Puma-Men-Black-T-shirt_d019196a9f38dbfea90a6f38649bfef6_images.jpg,Men,Apparel,Topwear,Tshirts,Black,Summer,2012.0,Casual,Puma Men Black T-shirt,Men Apparel Topwear Tshirts Black Summer 2012.0 Casual Puma Men Black T-shirt
44722,44722.jpg,http://assets.myntassets.com/v1/images/style/properties/Lotto-Women-Blue---Red-Disco-Holic-Flip-Flops_0eabb4ca00b0b575b10fa37c8c8bd4a0_images.jpg,Women,Footwear,Flip Flops,Flip Flops,Orange,Summer,2012.0,Casual,Lotto Women Red & Orange Disco Holic Flip Flops,Women Footwear Flip Flops Flip Flops Orange Summer 2012.0 Casual Lotto Women Red & Orange Disco Holic Flip Flops
5405,5405.jpg,http://assets.myntassets.com/v1/images/style/properties/07932c2277eda49d29639f0fe3c4e4c6_images.jpg,Men,Footwear,Shoes,Sports Shoes,White,Fall,2011.0,Sports,Kalenji Ekiden Comfort Prime 2011,Men Footwear Shoes Sports Shoes White Fall 2011.0 Sports Kalenji Ekiden Comfort Prime 2011
39178,39178.jpg,http://assets.myntassets.com/v1/images/style/properties/63db656dc4734d22a042a82d4d2220b4_images.jpg,Women,Apparel,Topwear,Kurtas,Blue,Summer,2012.0,Ethnic,Aneri Women Blue & Brown Printed Kurta,Women Apparel Topwear Kurtas Blue Summer 2012.0 Ethnic Aneri Women Blue & Brown Printed Kurta
32590,32590.jpg,http://assets.myntassets.com/v1/images/style/properties/36fea288ee96091dc00afe5c45ba4805_images.jpg,Women,Apparel,Bottomwear,Shorts,Brown,Summer,2012.0,Casual,ONLY Women Brown Shorts,Women Apparel Bottomwear Shorts Brown Summer 2012.0 Casual ONLY Women Brown Shorts
11712,11712.jpg,http://assets.myntassets.com/v1/images/style/properties/167dfcd0f558d3963d42cb9d98961f95_images.jpg,Men,Apparel,Topwear,Shirts,Blue,Summer,2011.0,Casual,Lee Men Solid Blue Shirts,Men Apparel Topwear Shirts Blue Summer 2011.0 Casual Lee Men Solid Blue Shirts
25527,25527.jpg,http://assets.myntassets.com/v1/images/style/properties/265eaf9a05b99fdb4dbe35b18b471e8d_images.jpg,Women,Apparel,Topwear,Shirts,Green,Summer,2012.0,Casual,Wrangler Women Stella Green Shirt,Women Apparel Topwear Shirts Green Summer 2012.0 Casual Wrangler Women Stella Green Shirt
57107,57107.jpg,http://assets.myntassets.com/v1/images/style/properties/Elle-Women-Green-Essentials-Top_4005e959727a4e1d62466cbac510a810_images.jpg,Women,Apparel,Topwear,Tops,Olive,Summer,2012.0,Casual,Elle Women Green Essentials Top,Women Apparel Topwear Tops Olive Summer 2012.0 Casual Elle Women Green Essentials Top
20869,20869.jpg,http://assets.myntassets.com/v1/images/style/properties/29fd56a0b77043ee672235e0cfd353cc_images.jpg,Men,Footwear,Sandal,Sandals,Brown,Fall,2011.0,Casual,Fila Men Camper Brown Sandals,Men Footwear Sandal Sandals Brown Fall 2011.0 Casual Fila Men Camper Brown Sandals
33442,33442.jpg,http://assets.myntassets.com/v1/images/style/properties/80ffbb3edcd94ef2b348c5e53dc29621_images.jpg,Women,Accessories,Bags,Handbags,Teal,Winter,2016.0,Casual,Baggit Women Rade Doko Teal Handbag,Women Accessories Bags Handbags Teal Winter 2016.0 Casual Baggit Women Rade Doko Teal Handbag
58973,58973.jpg,http://assets.myntassets.com/v1/images/style/properties/Colour-Me-Women-Pink-Perfume_0fce837cf337e245edf7830f2884376d_images.jpg,Women,Personal Care,Fragrance,Perfume and Body Mist,Pink,Spring,2017.0,Casual,Colour Me Women Pink Perfume,Women Personal Care Fragrance Perfume and Body Mist Pink Spring 2017.0 Casual Colour Me Women Pink Perfume
52475,52475.jpg,http://assets.myntassets.com/assets/images/52475/2016/1/4/11451906716090-Red-Rose-Women-White--Red-Polka-Dot-Print-Bath-Robe-8241451906713582-1.jpg,Women,Apparel,Loungewear and Nightwear,Bath Robe,White,Winter,2015.0,,Red Rose White & Red Dot Print Bath Robe,Women Apparel Loungewear and Nightwear Bath Robe White Winter 2015.0  Red Rose White & Red Dot Print Bath Robe
39944,39944.jpg,http://assets.myntassets.com/v1/images/style/properties/a63da69bf6b0a00d95dde7d444f57bc5_images.jpg,Men,Footwear,Shoes,Casual Shoes,Grey,Summer,2013.0,Casual,GAS Men Grey Namib Shoes,Men Footwear Shoes Casual Shoes Grey Summer 2013.0 Casual GAS Men Grey Namib Shoes
21187,21187.jpg,http://assets.myntassets.com/v1/images/style/properties/fc3c2314edb31f522eab09b78ebede00_images.jpg,Men,Footwear,Flip Flops,Flip Flops,Yellow,Summer,2011.0,Casual,ADIDAS Men Plugged In Yellow Flip Flops,Men Footwear Flip Flops Flip Flops Yellow Summer 2011.0 Casual ADIDAS Men Plugged In Yellow Flip Flops
36130,36130.jpg,http://assets.myntassets.com/v1/images/style/properties/ca603a625578f83eebaa222051bb442b_images.jpg,Men,Footwear,Shoes,Casual Shoes,Grey,Summer,2012.0,Casual,Nike Men Dunk High Grey Shoes,Men Footwear Shoes Casual Shoes Grey Summer 2012.0 Casual Nike Men Dunk High Grey Shoes
44510,44510.jpg,http://assets.myntassets.com/v1/images/style/properties/60e3adcc93dac38c1a11aeff00b90822_images.jpg,Unisex,Footwear,Shoes,Casual Shoes,Black,Summer,2012.0,Casual,Converse Unisex Black Shoes,Unisex Footwear Shoes Casual Shoes Black Summer 2012.0 Casual Converse Unisex Black Shoes
20055,20055.jpg,http://assets.myntassets.com/v1/images/style/properties/fa0228df29b9f0e6f46a58f62fed8038_images.jpg,Women,Accessories,Mufflers,Mufflers,Grey,Fall,2011.0,Casual,United Colors Of Benetton Women Grey Muffler,Women Accessories Mufflers Mufflers Grey Fall 2011.0 Casual United Colors Of Benetton Women Grey Muffler
50322,50322.jpg,http://assets.myntassets.com/v1/images/style/properties/Aurelia-Women-Black-Kurta_c4c320f95ca75370cd5968f71c1e94f0_images.jpg,Women,Apparel,Topwear,Kurtas,Black,Summer,2012.0,Ethnic,Aurelia Women Black Kurta,Women Apparel Topwear Kurtas Black Summer 2012.0 Ethnic Aurelia Women Black Kurta
28238,28238.jpg,http://assets.myntassets.com/v1/images/style/properties/9d22cd623d2c887d649df21a6a1758ce_images.jpg,Men,Personal Care,Fragrance,Deodorant,Black,Spring,2017.0,Casual,Park Avenue Men Cruise Deo,Men Personal Care Fragrance Deodorant Black Spring 2017.0 Casual Park Avenue Men Cruise Deo
13879,13879.jpg,http://assets.myntassets.com/v1/images/style/properties/01e181b9f43cdda40a21b6f05e97666c_images.jpg,Men,Apparel,Topwear,Shirts,Red,Fall,2011.0,Casual,Scullers Men Check Red Shirts,Men Apparel Topwear Shirts Red Fall 2011.0 Casual Scullers Men Check Red Shirts
47395,47395.jpg,http://assets.myntassets.com/v1/images/style/properties/83e6f0f11f87f208f15e833fede48f5c_images.jpg,Women,Accessories,Bags,Handbags,Green,Summer,2012.0,Casual,Baggit Women Green Handbag,Women Accessories Bags Handbags Green Summer 2012.0 Casual Baggit Women Green Handbag
46247,46247.jpg,http://assets.myntassets.com/v1/images/style/properties/552349c3a71d91b9f26a26d66dafc5fa_images.jpg,Women,Apparel,Topwear,Tunics,Pink,Summer,2012.0,Casual,Fusion Beats Women Dark Pink Tunic,Women Apparel Topwear Tunics Pink Summer 2012.0 Casual Fusion Beats Women Dark Pink Tunic
7160,7160.jpg,http://assets.myntassets.com/v1/images/style/properties/c50036bd2469e6bceef6f8ac1c34fe8e_images.jpg,Women,Apparel,Topwear,Tunics,Purple,Fall,2011.0,Casual,Scullers For Her Women Fashion Summer Lite Aubergine Tunics,Women Apparel Topwear Tunics Purple Fall 2011.0 Casual Scullers For Her Women Fashion Summer Lite Aubergine Tunics
22702,22702.jpg,http://assets.myntassets.com/v1/images/style/properties/072446b47aeccf5ef6837c6ec38dee0c_images.jpg,Women,Footwear,Shoes,Casual Shoes,Beige,Fall,2011.0,Casual,Nike Women Beige Dunk High Casual Shoes,Women Footwear Shoes Casual Shoes Beige Fall 2011.0 Casual Nike Women Beige Dunk High Casual Shoes
8914,8914.jpg,http://assets.myntassets.com/v1/images/style/properties/b1d9e4498de202e29570bd08090f26a9_images.jpg,Men,Footwear,Shoes,Sports Shoes,White,Fall,2011.0,Sports,Puma Men Future Cat Remix SF White Sports Shoes,Men Footwear Shoes Sports Shoes White Fall 2011.0 Sports Puma Men Future Cat Remix SF White Sports Shoes
16537,16537.jpg,http://assets.myntassets.com/v1/images/style/properties/8680d7b6d8acbf1405c70fb76d61c50d_images.jpg,Men,Accessories,Headwear,Caps,Blue,Fall,2011.0,Casual,Probase Men Check Blue Cap,Men Accessories Headwear Caps Blue Fall 2011.0 Casual Probase Men Check Blue Cap
43735,43735.jpg,http://assets.myntassets.com/v1/images/style/properties/844538a2e29332348d82db7ac9e654f3_images.jpg,Women,Accessories,Jewellery,Bangle,Gold,Summer,2012.0,Ethnic,Royal Diadem Set of 2 Golden Bangles,Women Accessories Jewellery Bangle Gold Summer 2012.0 Ethnic Royal Diadem Set of 2 Golden Bangles
13045,13045.jpg,http://assets.myntassets.com/v1/images/style/properties/32d7552ec969da21fa44144d0feacd1b_images.jpg,Women,Footwear,Shoes,Flats,Maroon,Winter,2012.0,Casual,Inc 5 Women Casual Maroon Sandals,Women Footwear Shoes Flats Maroon Winter 2012.0 Casual Inc 5 Women Casual Maroon Sandals
27270,27270.jpg,http://assets.myntassets.com/v1/images/style/properties/ffd7ff3429c7b21608356a3151f9d3d4_images.jpg,Women,Apparel,Topwear,Kurtas,Maroon,Fall,2011.0,Ethnic,Mother Earth Women Printed Maroon Kurta,Women Apparel Topwear Kurtas Maroon Fall 2011.0 Ethnic Mother Earth Women Printed Maroon Kurta
12197,12197.jpg,http://assets.myntassets.com/v1/images/style/properties/18df81e244e799aeac9f715dd9465b2d_images.jpg,Men,Apparel,Topwear,Tshirts,Orange,Summer,2013.0,Casual,Basics Men Orange Polo T-shirt,Men Apparel Topwear Tshirts Orange Summer 2013.0 Casual Basics Men Orange Polo T-shirt
55650,55650.jpg,http://assets.myntassets.com/v1/images/style/properties/Catwalk-Women-Multi-coloured-Heels_be86b9c7d80ce88c557298beaad57be2_images.jpg,Women,Footwear,Shoes,Heels,Multi,Winter,2015.0,Casual,Catwalk Women Multi-coloured Heels,Women Footwear Shoes Heels Multi Winter 2015.0 Casual Catwalk Women Multi-coloured Heels
31315,31315.jpg,http://assets.myntassets.com/v1/images/style/properties/1b95cb05b0764bd86a680349f5d6fb1f_images.jpg,Women,Apparel,Topwear,Kurtas,Brown,Summer,2012.0,Ethnic,W Women Brown Kurta,Women Apparel Topwear Kurtas Brown Summer 2012.0 Ethnic W Women Brown Kurta
6274,6274.jpg,http://assets.myntassets.com/v1/images/style/properties/UCB-Womens-Crystal-Benetton-Green-T-shirt_b968dc92b9557aa699a993e633f3ec77_images.jpg,Women,Apparel,Topwear,Tshirts,Green,Summer,2011.0,Casual,UCB Women's Crystal Benetton Green T-shirt,Women Apparel Topwear Tshirts Green Summer 2011.0 Casual UCB Women's Crystal Benetton Green T-shirt
47153,47153.jpg,http://assets.myntassets.com/v1/images/style/properties/87321ab7962a30b2e9b01fa16997029c_images.jpg,Girls,Apparel,Bottomwear,Capris,Pink,Summer,2012.0,Casual,Gini and Jony Girls Pink Capris,Girls Apparel Bottomwear Capris Pink Summer 2012.0 Casual Gini and Jony Girls Pink Capris
17623,17623.jpg,http://assets.myntassets.com/v1/images/style/properties/94218ed43f33a3f01c61df343a0260f3_images.jpg,Men,Apparel,Bottomwear,Track Pants,Grey,Fall,2011.0,Sports,ADIDAS Men Solid Grey Track Pant,Men Apparel Bottomwear Track Pants Grey Fall 2011.0 Sports ADIDAS Men Solid Grey Track Pant
48927,48927.jpg,http://assets.myntassets.com/v1/images/style/properties/Lucera-Women-Silver-Ring_f10d9935a0b8f21d6127ff07fb615643_images.jpg,Women,Accessories,Jewellery,Ring,Silver,Summer,2012.0,Casual,Lucera Women Silver Ring,Women Accessories Jewellery Ring Silver Summer 2012.0 Casual Lucera Women Silver Ring
51036,51036.jpg,http://assets.myntassets.com/v1/images/style/properties/071dd59248e30f876b273d0cd2b6ec2b_images.jpg,Women,Apparel,Loungewear and Nightwear,Nightdress,Lime Green,Summer,2017.0,Casual,Enamor Women Lavender Nightdress,Women Apparel Loungewear and Nightwear Nightdress Lime Green Summer 2017.0 Casual Enamor Women Lavender Nightdress
26958,26958.jpg,http://assets.myntassets.com/v1/images/style/properties/Jealous-21-Women-Teal-Shirt_33d3c1ebfd4326101c5d138dbef83c65_images.jpg,Women,Apparel,Topwear,Shirts,Teal,Summer,2012.0,Casual,Jealous 21 Women Teal Shirt,Women Apparel Topwear Shirts Teal Summer 2012.0 Casual Jealous 21 Women Teal Shirt
46081,46081.jpg,http://assets.myntassets.com/v1/images/style/properties/4c6e1b047904fe55b1b3fd4e1f26afea_images.jpg,Men,Footwear,Sandal,Sandals,Navy Blue,Summer,2012.0,Casual,ADIDAS Men Navy Blue Benton Sandals,Men Footwear Sandal Sandals Navy Blue Summer 2012.0 Casual ADIDAS Men Navy Blue Benton Sandals
35573,35573.jpg,http://assets.myntassets.com/v1/images/style/properties/250838b0730b8630f23237809398b114_images.jpg,Men,Footwear,Flip Flops,Flip Flops,Blue,Summer,2013.0,Casual,Gliders Men Esquire Blue Flip Flops,Men Footwear Flip Flops Flip Flops Blue Summer 2013.0 Casual Gliders Men Esquire Blue Flip Flops
13283,13283.jpg,http://assets.myntassets.com/v1/images/style/properties/2558270228d27a0f9c0d6eff4e540c0d_images.jpg,Men,Apparel,Topwear,Shirts,Blue,Fall,2011.0,Casual,Gini and Jony Kids Boys Check Blue Shirts,Men Apparel Topwear Shirts Blue Fall 2011.0 Casual Gini and Jony Kids Boys Check Blue Shirts
54544,54544.jpg,http://assets.myntassets.com/v1/images/style/properties/F-Sports-Men-Black-Pace-Sports-Shoes_564a9fd92f55538cafab82567a7fbce3_images.jpg,Men,Footwear,Shoes,Sports Shoes,Black,Fall,2012.0,Sports,F Sports Men Black Pace Sports Shoes,Men Footwear Shoes Sports Shoes Black Fall 2012.0 Sports F Sports Men Black Pace Sports Shoes
30001,30001.jpg,http://assets.myntassets.com/v1/images/style/properties/Aspen-Women-White-Dial-Watch_afe4ddc9872ccf04a851dd843b7b1203_images.jpg,Women,Accessories,Watches,Watches,White,Winter,2016.0,Casual,Aspen Women White Dial Watch,Women Accessories Watches Watches White Winter 2016.0 Casual Aspen Women White Dial Watch
29910,29910.jpg,http://assets.myntassets.com/v1/images/style/properties/Police-Men-Black-Dial-Watch_a6fcb77e1c453be2e1f5837a29cf258d_images.jpg,Men,Accessories,Watches,Watches,Black,Winter,2016.0,Casual,Police Men Black Dial Watch PL12170JSB,Men Accessories Watches Watches Black Winter 2016.0 Casual Police Men Black Dial Watch PL12170JSB
3706,3706.jpg,http://assets.myntassets.com/v1/images/style/properties/4ef2abf41a4d35aec21fa772bb74adf5_images.jpg,Men,Apparel,Topwear,Tshirts,Grey,Summer,2011.0,Casual,Classic Polo Men's Grey Red & Brown Stripe T-shirt,Men Apparel Topwear Tshirts Grey Summer 2011.0 Casual Classic Polo Men's Grey Red & Brown Stripe T-shirt
26164,26164.jpg,http://assets.myntassets.com/v1/images/style/properties/5b8f4d8f89d556b20cdba75bad71a23e_images.jpg,Men,Apparel,Bottomwear,Trousers,Grey,Summer,2012.0,Formal,John Miller Men Striped Grey Trousers,Men Apparel Bottomwear Trousers Grey Summer 2012.0 Formal John Miller Men Striped Grey Trousers
55496,55496.jpg,http://assets.myntassets.com/v1/images/style/properties/Revlon-Color-Brust-Hot-Pink-Lip-Gloss-10_edeac468abc18e53ae151c9947320d1b_images.jpg,Women,Personal Care,Lips,Lip Gloss,Pink,Spring,2017.0,Casual,Revlon ColorBurst Hot Pink Lip Gloss 10,Women Personal Care Lips Lip Gloss Pink Spring 2017.0 Casual Revlon ColorBurst Hot Pink Lip Gloss 10
56213,56213.jpg,http://assets.myntassets.com/v1/images/style/properties/Estelle-Earrings_1ea09ecbdb3e6808144918ecab70122a_images.jpg,Women,Accessories,Jewellery,Earrings,Gold,Winter,2016.0,Casual,Estelle Women Gold Earrings,Women Accessories Jewellery Earrings Gold Winter 2016.0 Casual Estelle Women Gold Earrings
15948,15948.jpg,http://assets.myntassets.com/v1/images/style/properties/95be55c54f165083eaf611739c261183_images.jpg,Men,Accessories,Ties,Ties,Burgundy,Fall,2011.0,Formal,Turtle Men Stripes Burgundy Ties,Men Accessories Ties Ties Burgundy Fall 2011.0 Formal Turtle Men Stripes Burgundy Ties
40376,40376.jpg,http://assets.myntassets.com/v1/images/style/properties/3fab2ad9e05ab42350a215e39a88e81e_images.jpg,Women,Apparel,Topwear,Tops,Yellow,Summer,2012.0,Casual,Tokyo Talkies Women Yellow Top,Women Apparel Topwear Tops Yellow Summer 2012.0 Casual Tokyo Talkies Women Yellow Top
24633,24633.jpg,http://assets.myntassets.com/v1/images/style/properties/33924b87c12a1b72deb3c8297cf9a72d_images.jpg,Women,Footwear,Flip Flops,Flip Flops,Pink,Fall,2011.0,Casual,ADIDAS Women Polka Pink Flip Flops,Women Footwear Flip Flops Flip Flops Pink Fall 2011.0 Casual ADIDAS Women Polka Pink Flip Flops
10406,10406.jpg,http://assets.myntassets.com/v1/images/style/properties/6e87fe4893ca930227d3491f46947783_images.jpg,Women,Apparel,Dress,Dresses,Grey,Fall,2011.0,Casual,United Colors of Benetton Women Solid Grey Dresses,Women Apparel Dress Dresses Grey Fall 2011.0 Casual United Colors of Benetton Women Solid Grey Dresses
4523,4523.jpg,http://assets.myntassets.com/v1/images/style/properties/0411da3a022ade1d11dfb7affdc6f536_images.jpg,Men,Footwear,Shoes,Sports Shoes,Blue,Summer,2011.0,Sports,Puma Men's Faas Blue White Silver Red Shoe,Men Footwear Shoes Sports Shoes Blue Summer 2011.0 Sports Puma Men's Faas Blue White Silver Red Shoe
45604,45604.jpg,http://assets.myntassets.com/v1/images/style/properties/2b27b053871a6e9325c0f422fe92b67a_images.jpg,Men,Footwear,Shoes,Formal Shoes,Brown,Summer,2012.0,Formal,Arrow Men Brown Formal Shoes,Men Footwear Shoes Formal Shoes Brown Summer 2012.0 Formal Arrow Men Brown Formal Shoes
15174,15174.jpg,http://assets.myntassets.com/v1/images/style/properties/241cb3c033e40196e1c7ce5f21f20ad5_images.jpg,Men,Apparel,Topwear,Tshirts,Yellow,Fall,2013.0,Casual,Arrow Men Yellow Polo T-shirt,Men Apparel Topwear Tshirts Yellow Fall 2013.0 Casual Arrow Men Yellow Polo T-shirt
21341,21341.jpg,http://assets.myntassets.com/v1/images/style/properties/4f0ccca7a9e076bbb478348e321df468_images.jpg,Men,Accessories,Eyewear,Sunglasses,Steel,Winter,2016.0,Casual,Pal Zileri Men Casual Steel Frame Sunglasses,Men Accessories Eyewear Sunglasses Steel Winter 2016.0 Casual Pal Zileri Men Casual Steel Frame Sunglasses
53761,53761.jpg,http://assets.myntassets.com/v1/images/style/properties/Puma-Men-Green-and-Blue-Striped-Polo-T-shirt_a59ed8a1d192b9095cb5904aae3d2783_images.jpg,Men,Apparel,Topwear,Tshirts,Green,Summer,2012.0,Casual,Puma Men Green and Blue T-shirt,Men Apparel Topwear Tshirts Green Summer 2012.0 Casual Puma Men Green and Blue T-shirt
37224,37224.jpg,http://assets.myntassets.com/v1/images/style/properties/7f98a5ed0ace114dd53496079ebf66be_images.jpg,Women,Apparel,Topwear,Shirts,Purple,Summer,2012.0,Casual,United Colors of Benetton Women Purple Shirt,Women Apparel Topwear Shirts Purple Summer 2012.0 Casual United Colors of Benetton Women Purple Shirt
32564,32564.jpg,http://assets.myntassets.com/v1/images/style/properties/ONLY-Women-Orange-Trousers_317f0e045fb28b45820102148bdc4f7b_images.jpg,Women,Apparel,Bottomwear,Trousers,Orange,Summer,2012.0,Casual,ONLY Women Orange Trousers,Women Apparel Bottomwear Trousers Orange Summer 2012.0 Casual ONLY Women Orange Trousers
56021,56021.jpg,http://assets.myntassets.com/assets/images/56021/2018/2/16/11518767275065-Colorbar-Soft-Touch-Venus-Lipstick-034-1191518767275028-1.jpg,Women,Personal Care,Lips,Lipstick,Mauve,Spring,2017.0,Casual,Colorbar Soft Touch Venus Lipstick 034,Women Personal Care Lips Lipstick Mauve Spring 2017.0 Casual Colorbar Soft Touch Venus Lipstick 034
24401,24401.jpg,http://assets.myntassets.com/v1/images/style/properties/15921a3a0cb13a30a920f8bfbef3c7ed_images.jpg,Women,Apparel,Topwear,Kurtas,Brown,Summer,2012.0,Ethnic,Vishudh Women Brown Printed Kurta,Women Apparel Topwear Kurtas Brown Summer 2012.0 Ethnic Vishudh Women Brown Printed Kurta
10634,10634.jpg,http://assets.myntassets.com/v1/images/style/properties/f1d954cfacfc79f32325794d43b6c3a0_images.jpg,Men,Footwear,Shoes,Formal Shoes,Black,Winter,2012.0,Formal,Carlton London Men Black Oxford Wingtip Brogues,Men Footwear Shoes Formal Shoes Black Winter 2012.0 Formal Carlton London Men Black Oxford Wingtip Brogues
40144,40144.jpg,http://assets.myntassets.com/v1/images/style/properties/1397081a5a637d539b0197aae4a6855e_images.jpg,Girls,Apparel,Topwear,Tops,Pink,Summer,2012.0,Casual,Gini and Jony Girls Pretty Blossom Pink Top,Girls Apparel Topwear Tops Pink Summer 2012.0 Casual Gini and Jony Girls Pretty Blossom Pink Top
58987,58987.jpg,http://assets.myntassets.com/v1/images/style/properties/Cavallini-Women-Deo_24f86c03497ca88209bc4639565152ad_images.jpg,Women,Personal Care,Fragrance,Deodorant,Lavender,Spring,2017.0,Casual,Cavallini Women Deo,Women Personal Care Fragrance Deodorant Lavender Spring 2017.0 Casual Cavallini Women Deo
59069,59069.jpg,http://assets.myntassets.com/v1/images/style/properties/Peri-Peri-Women-White-Bra_e94a285c2c2dfc0ab742eda172d0e2c3_images.jpg,Women,Apparel,Innerwear,Bra,White,Summer,2017.0,Casual,Peri Peri Women White Bra,Women Apparel Innerwear Bra White Summer 2017.0 Casual Peri Peri Women White Bra
15346,15346.jpg,http://assets.myntassets.com/v1/images/style/properties/29363780401bc3b628796450214d5266_images.jpg,Men,Apparel,Topwear,Tshirts,Black,Fall,2011.0,Casual,Nike Men Special Edition 3 Star Beed Black Tshirts,Men Apparel Topwear Tshirts Black Fall 2011.0 Casual Nike Men Special Edition 3 Star Beed Black Tshirts
52481,52481.jpg,http://assets.myntassets.com/v1/images/style/properties/Red-Rose-Pink---Black-Nightdress_7135320d1c8d8a91765103eacd79ff19_images.jpg,Women,Apparel,Loungewear and Nightwear,Baby Dolls,Pink,Winter,2015.0,Casual,Red Rose Pink & Black Nightdress,Women Apparel Loungewear and Nightwear Baby Dolls Pink Winter 2015.0 Casual Red Rose Pink & Black Nightdress
21173,21173.jpg,http://assets.myntassets.com/v1/images/style/properties/sOliver-Women-Grey-Shirt_cefde0d6bd0b74888e9d34814be33deb_images.jpg,Women,Apparel,Topwear,Shirts,Grey,Fall,2011.0,Casual,s.Oliver Women Grey Shirt,Women Apparel Topwear Shirts Grey Fall 2011.0 Casual s.Oliver Women Grey Shirt
4711,4711.jpg,http://assets.myntassets.com/v1/images/style/properties/ace210a5d0c0192e586736ceef135dff_images.jpg,Unisex,Accessories,Watches,Watches,Black,Winter,2016.0,Sports,ADIDAS Unisex Toronto Hand Black Watch,Unisex Accessories Watches Watches Black Winter 2016.0 Sports ADIDAS Unisex Toronto Hand Black Watch
40978,40978.jpg,http://assets.myntassets.com/v1/images/style/properties/4fb51b6af9daa7d7e7b37a54ee98d6a8_images.jpg,Boys,Apparel,Topwear,Tshirts,Red,Summer,2012.0,Casual,Gini and Jony Boys United Red T-shirt,Boys Apparel Topwear Tshirts Red Summer 2012.0 Casual Gini and Jony Boys United Red T-shirt
14294,14294.jpg,http://assets.myntassets.com/v1/images/style/properties/aaf0b739cd9003999c599bc0fba283e4_images.jpg,Men,Apparel,Topwear,Tshirts,Black,Fall,2011.0,Casual,Classic Polo Men Stripes Black Tshirts,Men Apparel Topwear Tshirts Black Fall 2011.0 Casual Classic Polo Men Stripes Black Tshirts
17411,17411.jpg,http://assets.myntassets.com/v1/images/style/properties/95dd8b87ceff0247a70579ba850c0164_images.jpg,Men,Footwear,Shoes,Sports Shoes,White,Fall,2011.0,Sports,Lotto Men Basketball Mid White Sports Shoe,Men Footwear Shoes Sports Shoes White Fall 2011.0 Sports Lotto Men Basketball Mid White Sports Shoe
9832,9832.jpg,http://assets.myntassets.com/v1/images/style/properties/b4912a94db18a093e185d9e4c2649edf_images.jpg,Women,Apparel,Topwear,Tshirts,Orange,Fall,2011.0,Casual,Little Miss Women Printed Rust T-shirt,Women Apparel Topwear Tshirts Orange Fall 2011.0 Casual Little Miss Women Printed Rust T-shirt
23624,23624.jpg,http://assets.myntassets.com/v1/images/style/properties/5ab7fb83e0891f3453746c9a073e3ec6_images.jpg,Girls,Apparel,Topwear,Tops,White,Fall,2011.0,Casual,Doodle Kids Girls White I love Shopping Top,Girls Apparel Topwear Tops White Fall 2011.0 Casual Doodle Kids Girls White I love Shopping Top
6046,6046.jpg,http://assets.myntassets.com/v1/images/style/properties/91a4e27feeff9df032dab2f078513732_images.jpg,Men,Apparel,Topwear,Shirts,Green,Summer,2011.0,Casual,UCB Men Logo Chest Green Shirt,Men Apparel Topwear Shirts Green Summer 2011.0 Casual UCB Men Logo Chest Green Shirt
34693,34693.jpg,http://assets.myntassets.com/v1/images/style/properties/c8c6fd3233823726f484da6b7007f016_images.jpg,Girls,Apparel,Bottomwear,Shorts,Pink,Summer,2012.0,Casual,Allen Solly Kids Girls Poplin Pink Shorts,Girls Apparel Bottomwear Shorts Pink Summer 2012.0 Casual Allen Solly Kids Girls Poplin Pink Shorts
47361,47361.jpg,http://assets.myntassets.com/v1/images/style/properties/967bf381f8fa631bae7830f11c6f3aaa_images.jpg,Women,Accessories,Bags,Handbags,Black,Summer,2012.0,Casual,Baggit Women Black Voodoo Gang Handbag,Women Accessories Bags Handbags Black Summer 2012.0 Casual Baggit Women Black Voodoo Gang Handbag
7194,7194.jpg,http://assets.myntassets.com/v1/images/style/properties/2302abf56311dd985dd4f2227f3159e5_images.jpg,Women,Apparel,Topwear,Tops,White,Fall,2011.0,Casual,Jealous 21 Women's BFF Printed White Top,Women Apparel Topwear Tops White Fall 2011.0 Casual Jealous 21 Women's BFF Printed White Top
51204,51204.jpg,http://assets.myntassets.com/v1/images/style/properties/Enamor-Women-Peach-Bra_92f183113d2e2308280712d09ba91658_images.jpg,Women,Apparel,Innerwear,Bra,Peach,Summer,2017.0,Casual,Enamor Women Peach Bra,Women Apparel Innerwear Bra Peach Summer 2017.0 Casual Enamor Women Peach Bra
30233,30233.jpg,http://assets.myntassets.com/v1/images/style/properties/115e53e76402ea9af077f2d5e44a7ea4_images.jpg,Men,Footwear,Shoes,Casual Shoes,White,Summer,2012.0,Casual,Numero Uno Men White Shoes,Men Footwear Shoes Casual Shoes White Summer 2012.0 Casual Numero Uno Men White Shoes
48329,48329.jpg,http://assets.myntassets.com/v1/images/style/properties/4082c1426acb0becf0a683c7632bdefb_images.jpg,Women,Accessories,Bags,Handbags,Purple,Summer,2012.0,Casual,Pitaraa Women Purple Sling Bag,Women Accessories Bags Handbags Purple Summer 2012.0 Casual Pitaraa Women Purple Sling Bag
18459,18459.jpg,http://assets.myntassets.com/v1/images/style/properties/e8b9dff957e93239e3dc85fbb4711eea_images.jpg,Men,Personal Care,Fragrance,Deodorant,White,Spring,2017.0,Casual,David Beckham Intimately Men Deos,Men Personal Care Fragrance Deodorant White Spring 2017.0 Casual David Beckham Intimately Men Deos
27284,27284.jpg,http://assets.myntassets.com/v1/images/style/properties/cf5d17a1ea049fde4d93c31d7a5d3249_images.jpg,Women,Apparel,Topwear,Kurtas,Brown,Fall,2011.0,Ethnic,Mother Earth Women Dark Brown Kurta,Women Apparel Topwear Kurtas Brown Fall 2011.0 Ethnic Mother Earth Women Dark Brown Kurta
12163,12163.jpg,http://assets.myntassets.com/v1/images/style/properties/8c29f66ec78e78081504b6ad73e6af8b_images.jpg,Women,Apparel,Bottomwear,Leggings,Purple,Fall,2011.0,Ethnic,Aurelia Women Solid Purple Leggings,Women Apparel Bottomwear Leggings Purple Fall 2011.0 Ethnic Aurelia Women Solid Purple Leggings
42613,42613.jpg,http://assets.myntassets.com/v1/images/style/properties/19bcac6a0dfadc76e51f433c21353070_images.jpg,Women,Accessories,Jewellery,Jewellery Set,Gold,Winter,2016.0,Casual,Estelle Women Gold Earring & Pendant Set,Women Accessories Jewellery Jewellery Set Gold Winter 2016.0 Casual Estelle Women Gold Earring & Pendant Set
3534,3534.jpg,http://assets.myntassets.com/v1/images/style/properties/2a09216723dc52a345f4b19213147e0d_images.jpg,Women,Apparel,Topwear,Tshirts,Black,Summer,2011.0,Casual,Myntra Women's I Want You Black T-shirt,Women Apparel Topwear Tshirts Black Summer 2011.0 Casual Myntra Women's I Want You Black T-shirt
24065,24065.jpg,http://assets.myntassets.com/v1/images/style/properties/69b55593f043e59513642eeea29a737b_images.jpg,Men,Apparel,Topwear,Shirts,Green,Fall,2011.0,Casual,Locomotive Men Checked Green Shirt,Men Apparel Topwear Shirts Green Fall 2011.0 Casual Locomotive Men Checked Green Shirt
10250,10250.jpg,http://assets.myntassets.com/v1/images/style/properties/65b6116e73b95222a12a01d5460b0e85_images.jpg,Women,Accessories,Bags,Handbags,Brown,Winter,2015.0,Casual,Murcia Women Hahk Brown Handbags,Women Accessories Bags Handbags Brown Winter 2015.0 Casual Murcia Women Hahk Brown Handbags
57597,57597.jpg,http://assets.myntassets.com/v1/images/style/properties/Lotus-Herbals-Moistpetals-Rudy-Pink-Lipstick-140_fa1c58eb5de4afa96296ebd0d17aede2_images.jpg,Women,Personal Care,Lips,Lipstick,Pink,Spring,2017.0,Casual,Lotus Herbals Moistpetals Rudy Pink Lipstick 140,Women Personal Care Lips Lipstick Pink Spring 2017.0 Casual Lotus Herbals Moistpetals Rudy Pink Lipstick 140
40520,40520.jpg,http://assets.myntassets.com/v1/images/style/properties/30bdfec62477379208f3867499e951da_images.jpg,Men,Accessories,Watches,Watches,Cream,Winter,2016.0,Casual,Titan Men Cream Dial Watch,Men Accessories Watches Watches Cream Winter 2016.0 Casual Titan Men Cream Dial Watch
1607,1607.jpg,http://assets.myntassets.com/v1/images/style/properties/b9828d5eb23f75d6cb4ba5a66f292b83_images.jpg,Men,Apparel,Bottomwear,Track Pants,Blue,Fall,2010.0,Sports,Reebok Men trackpant- male Track Pants,Men Apparel Bottomwear Track Pants Blue Fall 2010.0 Sports Reebok Men trackpant- male Track Pants
11382,11382.jpg,http://assets.myntassets.com/v1/images/style/properties/ee72992612c863eb745e67ffdfd710ce_images.jpg,Women,Apparel,Topwear,Tshirts,Grey,Fall,2011.0,Casual,United Colors Of Benetton Women Light Winter Grey T-Shirts,Women Apparel Topwear Tshirts Grey Fall 2011.0 Casual United Colors Of Benetton Women Light Winter Grey T-Shirts
44180,44180.jpg,http://assets.myntassets.com/v1/images/style/properties/d2a8d3e7f53e9eb31a35f84f100b5def_images.jpg,Women,Personal Care,Fragrance,Perfume and Body Mist,White,Spring,2017.0,Casual,Nike Fragrances Women Spicy Love Perfume 150 ml,Women Personal Care Fragrance Perfume and Body Mist White Spring 2017.0 Casual Nike Fragrances Women Spicy Love Perfume 150 ml
37472,37472.jpg,http://assets.myntassets.com/v1/images/style/properties/4a4b697ef1fe5d38b38c85a357e21364_images.jpg,Men,Accessories,Watches,Watches,Grey,Winter,2016.0,Casual,Esprit Men Grey Dial Watch,Men Accessories Watches Watches Grey Winter 2016.0 Casual Esprit Men Grey Dial Watch
53137,53137.jpg,http://assets.myntassets.com/v1/images/style/properties/8e313b831ecb312d445cb49176d23b8f_images.jpg,Women,Footwear,Shoes,Flats,Brown,Winter,2015.0,Casual,Catwalk Women Brown Sandals,Women Footwear Shoes Flats Brown Winter 2015.0 Casual Catwalk Women Brown Sandals
15722,15722.jpg,http://assets.myntassets.com/v1/images/style/properties/9854a566783e31b6172f1deab77281fa_images.jpg,Men,Footwear,Shoes,Sports Shoes,Grey,Fall,2011.0,Sports,Nike Men Lunarswift+ 3 Shield Grey Sports Shoes,Men Footwear Shoes Sports Shoes Grey Fall 2011.0 Sports Nike Men Lunarswift+ 3 Shield Grey Sports Shoes
4375,4375.jpg,http://assets.myntassets.com/v1/images/style/properties/2168c1954a31148429a42e0b4713da75_images.jpg,Men,Apparel,Topwear,Tshirts,Navy Blue,Summer,2011.0,Casual,Marvel Comics Men's Comic Poses Navy T-shirt,Men Apparel Topwear Tshirts Navy Blue Summer 2011.0 Casual Marvel Comics Men's Comic Poses Navy T-shirt
35325,35325.jpg,http://assets.myntassets.com/v1/images/style/properties/45cf3125c4b4d62a70d092642cb20ade_images.jpg,Women,Accessories,Jewellery,Earrings,Silver,Winter,2016.0,Ethnic,Fabindia Women Anusuya Silver Earrings,Women Accessories Jewellery Earrings Silver Winter 2016.0 Ethnic Fabindia Women Anusuya Silver Earrings
22392,22392.jpg,http://assets.myntassets.com/v1/images/style/properties/14a0d59953458f475aefe3feda05a59c_images.jpg,Women,Apparel,Topwear,Tops,White,Fall,2011.0,Casual,ADIDAS Women Whalf Striper White Top,Women Apparel Topwear Tops White Fall 2011.0 Casual ADIDAS Women Whalf Striper White Top
51660,51660.jpg,http://assets.myntassets.com/assets/images/51660/2016/5/20/11463745871517-Fossil-Men-Black-Dial-Watch-AM4384-9531463745871355-1.jpg,Men,Accessories,Watches,Watches,Black,Winter,2016.0,Casual,Fossil Men Black Dial Watch AM4384,Men Accessories Watches Watches Black Winter 2016.0 Casual Fossil Men Black Dial Watch AM4384
17075,17075.jpg,http://assets.myntassets.com/v1/images/style/properties/a3740805ecd4cfcc325c62f31f36ac19_images.jpg,Women,Accessories,Belts,Belts,Navy Blue,Winter,2015.0,Casual,Lino Perros Women Weaved  Navy Blue Belt,Women Accessories Belts Belts Navy Blue Winter 2015.0 Casual Lino Perros Women Weaved  Navy Blue Belt
23240,23240.jpg,http://assets.myntassets.com/v1/images/style/properties/fe55685f6ea6d6adffb2591f2c72135e_images.jpg,Women,Apparel,Topwear,Kurtas,Blue,Fall,2011.0,Ethnic,Aneri Women Ashna Blue Kurta,Women Apparel Topwear Kurtas Blue Fall 2011.0 Ethnic Aneri Women Ashna Blue Kurta
6422,6422.jpg,http://assets.myntassets.com/v1/images/style/properties/a537d39e1561221aed28102099c90c66_images.jpg,Unisex,Footwear,Shoes,Casual Shoes,Black,Summer,2011.0,Casual,Lotto Unisex Canvas Black Grey Shoe,Unisex Footwear Shoes Casual Shoes Black Summer 2011.0 Casual Lotto Unisex Canvas Black Grey Shoe
18801,18801.jpg,http://assets.myntassets.com/v1/images/style/properties/036080ad254438901d32fb0e3c6369e6_images.jpg,Men,Accessories,Belts,Belts,Brown,Summer,2011.0,Casual,Peter England Men Casual Brown Belt,Men Accessories Belts Belts Brown Summer 2011.0 Casual Peter England Men Casual Brown Belt
26732,26732.jpg,http://assets.myntassets.com/v1/images/style/properties/6fb082f65d44f4202ec31a692072c670_images.jpg,Women,Personal Care,Fragrance,Deodorant,Purple,Spring,2017.0,Casual,Reebok Women Reestyle Deo,Women Personal Care Fragrance Deodorant Purple Spring 2017.0 Casual Reebok Women Reestyle Deo
12507,12507.jpg,http://assets.myntassets.com/v1/images/style/properties/b1ff46e8d902c8cf2eb2664e792014a6_images.jpg,Men,Footwear,Shoes,Casual Shoes,Black,Winter,2018.0,Casual,Red Tape Men Casual Black Casual Shoes,Men Footwear Shoes Casual Shoes Black Winter 2018.0 Casual Red Tape Men Casual Black Casual Shoes
31785,31785.jpg,http://assets.myntassets.com/v1/images/style/properties/440c755b5bf8e95bd75d3a8b511f96da_images.jpg,Women,Apparel,Topwear,Tops,Navy Blue,Summer,2012.0,Casual,Lee Women Katie Navy Blue Top,Women Apparel Topwear Tops Navy Blue Summer 2012.0 Casual Lee Women Katie Navy Blue Top
3150,3150.jpg,http://assets.myntassets.com/v1/images/style/properties/f23c4d59eb6ca3cd621c3db690e0c708_images.jpg,Men,Footwear,Shoes,Sports Shoes,Black,Fall,2010.0,Sports,Nike Men's Lunarswift Black Shoe,Men Footwear Shoes Sports Shoes Black Fall 2010.0 Sports Nike Men's Lunarswift Black Shoe
17849,17849.jpg,http://assets.myntassets.com/v1/images/style/properties/6e945cb500ebcec2187d5289389062d4_images.jpg,Women,Apparel,Topwear,Tshirts,Grey,Fall,2011.0,Casual,Flying Machine Women This & That Grey Tshirt,Women Apparel Topwear Tshirts Grey Fall 2011.0 Casual Flying Machine Women This & That Grey Tshirt
29548,29548.jpg,http://assets.myntassets.com/v1/images/style/properties/ea3f97ed1d89b449b782c01da33591b3_images.jpg,Men,Apparel,Topwear,Tshirts,Navy Blue,Summer,2012.0,Casual,Classic Polo Men Printed Navy Blue T-shirt,Men Apparel Topwear Tshirts Navy Blue Summer 2012.0 Casual Classic Polo Men Printed Navy Blue T-shirt
42879,42879.jpg,http://assets.myntassets.com/v1/images/style/properties/6ddb4d4164841bb5cef5b7b7f282d563_images.jpg,Women,Accessories,Bags,Clutches,Black,Summer,2012.0,Casual,French Connection Women Black Buffy Clutch,Women Accessories Bags Clutches Black Summer 2012.0 Casual French Connection Women Black Buffy Clutch
16395,16395.jpg,http://assets.myntassets.com/v1/images/style/properties/c7118251a3a216f7667ba45f8f621ccc_images.jpg,Men,Apparel,Topwear,Shirts,Black,Fall,2011.0,Casual,Levis Men Check Black Shirts,Men Apparel Topwear Shirts Black Fall 2011.0 Casual Levis Men Check Black Shirts
51452,51452.jpg,http://assets.myntassets.com/v1/images/style/properties/1cd4ff69be2545cf4bd12e62f3c68890_images.jpg,Women,Apparel,Topwear,Tops,White,Summer,2012.0,Casual,Tonga Women White & Pink Top,Women Apparel Topwear Tops White Summer 2012.0 Casual Tonga Women White & Pink Top
6610,6610.jpg,http://assets.myntassets.com/v1/images/style/properties/5e64f7d7273ccbd20f45fd27c20f2d5b_images.jpg,Men,Apparel,Topwear,Tshirts,White,Summer,2011.0,Casual,Spykar Men's Stinger Basket Ball Team White Blue Stripes T-shirt,Men Apparel Topwear Tshirts White Summer 2011.0 Casual Spykar Men's Stinger Basket Ball Team White Blue Stripes T-shirt
47537,47537.jpg,http://assets.myntassets.com/v1/images/style/properties/850fe0b3abd042bd9af245d22f884528_images.jpg,Women,Footwear,Shoes,Flats,Brown,Winter,2012.0,Casual,Portia Women Brown Flats,Women Footwear Shoes Flats Brown Winter 2012.0 Casual Portia Women Brown Flats
17247,17247.jpg,http://assets.myntassets.com/v1/images/style/properties/f8d3472a2bd68974dda67781d80156ce_images.jpg,Men,Apparel,Topwear,Tshirts,Blue,Fall,2011.0,Casual,U.S. Polo Assn. Men Stripes Blue Polo Tshirt,Men Apparel Topwear Tshirts Blue Fall 2011.0 Casual U.S. Polo Assn. Men Stripes Blue Polo Tshirt
23072,23072.jpg,http://assets.myntassets.com/v1/images/style/properties/64c62f3e3406deb5326d7bf6f4c417f4_images.jpg,Men,Apparel,Bottomwear,Trousers,Navy Blue,Winter,2014.0,Formal,Arrow Men Navy Blue Solid Trousers,Men Apparel Bottomwear Trousers Navy Blue Winter 2014.0 Formal Arrow Men Navy Blue Solid Trousers
42045,42045.jpg,http://assets.myntassets.com/v1/images/style/properties/bf609f778c0433c073cf4857238104eb_images.jpg,Men,Footwear,Shoes,Casual Shoes,Yellow,Summer,2012.0,Casual,Nike Men Wardour Chukka Yellow Casual Shoes,Men Footwear Shoes Casual Shoes Yellow Summer 2012.0 Casual Nike Men Wardour Chukka Yellow Casual Shoes
3362,3362.jpg,http://assets.myntassets.com/v1/images/style/properties/942600076a8ee0acef2e6ac94bafbc17_images.jpg,Men,Apparel,Topwear,Tshirts,Black,Summer,2011.0,Casual,Myntra Men's Creative designs Black T-shirt,Men Apparel Topwear Tshirts Black Summer 2011.0 Casual Myntra Men's Creative designs Black T-shirt
12735,12735.jpg,http://assets.myntassets.com/v1/images/style/properties/Nike-Unisex-U-Black-Capsaef73c0e1cbf3f01b86867ee3cb01263_images.jpg,Unisex,Accessories,Headwear,Caps,Black,Fall,2011.0,Sports,Nike Unisex U Black Caps,Unisex Accessories Headwear Caps Black Fall 2011.0 Sports Nike Unisex U Black Caps
54120,54120.jpg,http://assets.myntassets.com/v1/images/style/properties/24f753782c9608794f668bb11e121a37_images.jpg,Women,Footwear,Shoes,Flats,Beige,Winter,2012.0,Casual,Rocia Women Beige Flats,Women Footwear Shoes Flats Beige Winter 2012.0 Casual Rocia Women Beige Flats
30465,30465.jpg,http://assets.myntassets.com/v1/images/style/properties/37da655b48ef258563ea85941746348b_images.jpg,Women,Apparel,Innerwear,Bra,Black,Summer,2014.0,Casual,Lovable Women All Day Long Black Bra,Women Apparel Innerwear Bra Black Summer 2014.0 Casual Lovable Women All Day Long Black Bra
9658,9658.jpg,http://assets.myntassets.com/v1/images/style/properties/793eb55fe964506704a09f4113f6fe19_images.jpg,Men,Apparel,Topwear,Shirts,Maroon,Fall,2011.0,Casual,Indigo Nation Men Reversible Bling Maroon Shirt,Men Apparel Topwear Shirts Maroon Fall 2011.0 Casual Indigo Nation Men Reversible Bling Maroon Shirt
43197,43197.jpg,http://assets.myntassets.com/v1/images/style/properties/97dd8facb3d7f56c2c92dc4d29e456ed_images.jpg,Women,Accessories,Watches,Watches,Grey,Winter,2016.0,Casual,Fastrack Women Grey Dial Watch,Women Accessories Watches Watches Grey Winter 2016.0 Casual Fastrack Women Grey Dial Watch
38608,38608.jpg,http://assets.myntassets.com/v1/images/style/properties/bb16165bfc63aacfc18bd93325220359_images.jpg,Men,Apparel,Topwear,Tshirts,Grey,Summer,2012.0,Casual,Nike Men Grey T-shirt,Men Apparel Topwear Tshirts Grey Summer 2012.0 Casual Nike Men Grey T-shirt
24257,24257.jpg,http://assets.myntassets.com/v1/images/style/properties/d0ee2c3d9795f7a1d0f5679e3a6cde55_images.jpg,Men,Footwear,Shoes,Casual Shoes,Navy Blue,Summer,2012.0,Casual,Numero Uno Men Navy Blue Casual Shoes,Men Footwear Shoes Casual Shoes Navy Blue Summer 2012.0 Casual Numero Uno Men Navy Blue Casual Shoes
10062,10062.jpg,http://assets.myntassets.com/v1/images/style/properties/821d377e49f3aa198c1937e9793099a6_images.jpg,Men,Apparel,Topwear,Tshirts,Grey,Fall,2011.0,Casual,Puma Men Puma runhard tee Grey Tshirts,Men Apparel Topwear Tshirts Grey Fall 2011.0 Casual Puma Men Puma runhard tee Grey Tshirts
56677,56677.jpg,http://assets.myntassets.com/v1/images/style/properties/Maxima-Men-White-Dial-Watch_2c70c1ed41ee4cd5fdc723fce9187a94_images.jpg,Men,Accessories,Watches,Watches,White,Winter,2016.0,Casual,Maxima Men White Dial Watch,Men Accessories Watches Watches White Winter 2016.0 Casual Maxima Men White Dial Watch
25385,25385.jpg,http://assets.myntassets.com/v1/images/style/properties/Levis-Men-Navy-Blue-Brief_c16b7fac8aaf798d7c9b9fe48afc1d8a_images.jpg,Men,Apparel,Innerwear,Briefs,Navy Blue,Summer,2016.0,Casual,Levis Men Navy Blue Briefs,Men Apparel Innerwear Briefs Navy Blue Summer 2016.0 Casual Levis Men Navy Blue Briefs
32332,32332.jpg,http://assets.myntassets.com/v1/images/style/properties/Q-Q-Men-Steel-Digital-Watch_e51dddb12b940435f212771f64dfc98b_images.jpg,Men,Accessories,Watches,Watches,Steel,Winter,2016.0,Casual,Q&Q Men Steel Digital Watch,Men Accessories Watches Watches Steel Winter 2016.0 Casual Q&Q Men Steel Digital Watch
5095,5095.jpg,http://assets.myntassets.com/v1/images/style/properties/105c607753deea7b4ae6bc41d51661ee_images.jpg,Men,Apparel,Topwear,Tshirts,Blue,Summer,2011.0,Casual,Wrangler Men's Greensboro Raw Edge Blue T-shirt,Men Apparel Topwear Tshirts Blue Summer 2011.0 Casual Wrangler Men's Greensboro Raw Edge Blue T-shirt
37640,37640.jpg,http://assets.myntassets.com/v1/images/style/properties/150dc3ae68a4b567aad9e604044ff122_images.jpg,Women,Accessories,Bags,Clutches,Red,Summer,2012.0,Casual,Wills Lifestyle Women Red Clutch,Women Accessories Bags Clutches Red Summer 2012.0 Casual Wills Lifestyle Women Red Clutch
4147,4147.jpg,http://assets.myntassets.com/v1/images/style/properties/bcb241296d93b8198038571a64f99b97_images.jpg,Women,Footwear,Shoes,Sports Shoes,White,Summer,2011.0,Sports,Nike Women Glide White Grey Shoe,Women Footwear Shoes Sports Shoes White Summer 2011.0 Sports Nike Women Glide White Grey Shoe
36792,36792.jpg,http://assets.myntassets.com/v1/images/style/properties/9d0dd0e253b33b263398d4bf0e13b4af_images.jpg,Men,Accessories,Watches,Watches,Black,Winter,2016.0,Casual,Maxima Men Black Dial Attivo Watch,Men Accessories Watches Watches Black Winter 2016.0 Casual Maxima Men Black Dial Attivo Watch
45260,45260.jpg,http://assets.myntassets.com/assets/images/45260/2018/3/5/11520251183737-CASIO-G-Shock-Men-Black-Digital-Watch-G001-5601520251183526-1.jpg,Men,Accessories,Watches,Watches,Black,Winter,2016.0,Casual,CASIO G-Shock Men Black Digital Watch DW-5600E-1VDF G001,Men Accessories Watches Watches Black Winter 2016.0 Casual CASIO G-Shock Men Black Digital Watch DW-5600E-1VDF G001
15510,15510.jpg,http://assets.myntassets.com/v1/images/style/properties/659ca18f067f9fb78cc7824eaf1d165e_images.jpg,Men,Footwear,Shoes,Casual Shoes,Charcoal,Fall,2011.0,Casual,Rockport Men CV Toe HI Charcoal Casual Shoes,Men Footwear Shoes Casual Shoes Charcoal Fall 2011.0 Casual Rockport Men CV Toe HI Charcoal Casual Shoes
21725,21725.jpg,http://assets.myntassets.com/v1/images/style/properties/Adidas-Men-Navy-Blue-Sweatshirt_be449d995ae665cbce81fbce0d69ea1e_images.jpg,Men,Apparel,Topwear,Sweatshirts,Navy Blue,Fall,2011.0,Casual,ADIDAS Men Navy Blue Sweatshirt,Men Apparel Topwear Sweatshirts Navy Blue Fall 2011.0 Casual ADIDAS Men Navy Blue Sweatshirt
34038,34038.jpg,http://assets.myntassets.com/v1/images/style/properties/95b4fd12eab9acd511b805a11601c92c_images.jpg,Boys,Apparel,Topwear,Shirts,Red,Summer,2012.0,Casual,Gini and Jony Boys Check Red Shirt,Boys Apparel Topwear Shirts Red Summer 2012.0 Casual Gini and Jony Boys Check Red Shirt
43956,43956.jpg,http://assets.myntassets.com/v1/images/style/properties/ab1244dde780b3a3275ff5ace796ecf3_images.jpg,Women,Footwear,Sandal,Sports Sandals,Purple,Summer,2012.0,Casual,Puma Women Purple Techno Sandals,Women Footwear Sandal Sports Sandals Purple Summer 2012.0 Casual Puma Women Purple Techno Sandals
28467,28467.jpg,http://assets.myntassets.com/v1/images/style/properties/8f19a26145719f3b827d29e1d82dc969_images.jpg,Women,Apparel,Topwear,Tshirts,Rust,Summer,2012.0,Casual,Urban Yoga Women Printed Rust T-shirt,Women Apparel Topwear Tshirts Rust Summer 2012.0 Casual Urban Yoga Women Printed Rust T-shirt
16368,16368.jpg,http://assets.myntassets.com/v1/images/style/properties/9fbf62acb109790ee9cf91bf5594cf5c_images.jpg,Men,Apparel,Bottomwear,Trousers,Charcoal,Fall,2011.0,Formal,Peter England Men Stripes Charcoal Trouser,Men Apparel Bottomwear Trousers Charcoal Fall 2011.0 Formal Peter England Men Stripes Charcoal Trouser
42884,42884.jpg,http://assets.myntassets.com/v1/images/style/properties/French-Connection-Women-Beige-Clutch_41c343d3db1461f9ba4fd8e5e0211906_images.jpg,Women,Accessories,Bags,Clutches,Beige,Summer,2012.0,Casual,French Connection Women Beige Clutch,Women Accessories Bags Clutches Beige Summer 2012.0 Casual French Connection Women Beige Clutch
55833,55833.jpg,http://assets.myntassets.com/assets/images/55833/2019/1/10/b111ce8e-7f66-4319-b753-90a5580f08221547122964116-Colorbar-Glamour-Radiant-Glow-001-6691547122964016-1.jpg,Women,Personal Care,Makeup,Highlighter and Blush,Skin,Spring,2017.0,Casual,Colorbar Glamour Radiant Glow 001,Women Personal Care Makeup Highlighter and Blush Skin Spring 2017.0 Casual Colorbar Glamour Radiant Glow 001
46418,46418.jpg,http://assets.myntassets.com/assets/images/46418/2016/1/11/11452508572308-Timex-Men-Olive-Green-Dial-Watch-DV10-6571452508571875-1.jpg,Men,Accessories,Watches,Watches,Olive,Winter,2016.0,Casual,Timex Men Olive Green Dial Watch DV10,Men Accessories Watches Watches Olive Winter 2016.0 Casual Timex Men Olive Green Dial Watch DV10
48582,48582.jpg,http://assets.myntassets.com/v1/images/style/properties/1e295b7875db19e9378ece6bb0bf23f8_images.jpg,Men,Accessories,Jewellery,Bracelet,Steel,Summer,2012.0,Casual,Revv Men Steel Bracelet,Men Accessories Jewellery Bracelet Steel Summer 2012.0 Casual Revv Men Steel Bracelet
30498,30498.jpg,http://assets.myntassets.com/v1/images/style/properties/d6b11ef3c249b0534ead09f4c42f3f2b_images.jpg,Women,Apparel,Innerwear,Bra,Brown,Summer,2012.0,Casual,Lovable Women Fiona Brown Bra,Women Apparel Innerwear Bra Brown Summer 2012.0 Casual Lovable Women Fiona Brown Bra
8777,8777.jpg,http://assets.myntassets.com/v1/images/style/properties/6b27c58fd2eb926c7f9b9d5efc0c1818_images.jpg,Men,Apparel,Topwear,Shirts,Blue,Fall,2011.0,Casual,Indigo Nation Men Price catch Blue Shirts,Men Apparel Topwear Shirts Blue Fall 2011.0 Casual Indigo Nation Men Price catch Blue Shirts
19320,19320.jpg,http://assets.myntassets.com/v1/images/style/properties/288e3c2cd409935a0e01540f7057859d_images.jpg,Unisex,Accessories,Bags,Backpacks,Pink,Fall,2011.0,Casual,Nike Unisex Classic Turf Pink Backpack,Unisex Accessories Bags Backpacks Pink Fall 2011.0 Casual Nike Unisex Classic Turf Pink Backpack
25378,25378.jpg,http://assets.myntassets.com/v1/images/style/properties/5489e314ba8c88e1641bf549fbf6ad0d_images.jpg,Men,Apparel,Innerwear,Innerwear Vests,Beige,Summer,2016.0,Casual,Levis Men Beige Innerwear T-shirt,Men Apparel Innerwear Innerwear Vests Beige Summer 2016.0 Casual Levis Men Beige Innerwear T-shirt
4986,4986.jpg,http://assets.myntassets.com/v1/images/style/properties/8580e2e688a9ccf9b2bb20e3a89c69cc_images.jpg,Men,Apparel,Topwear,Tshirts,Red,Summer,2011.0,Sports,ADIDAS Men Bayern Munchen Red Jersey,Men Apparel Topwear Tshirts Red Summer 2011.0 Sports ADIDAS Men Bayern Munchen Red Jersey
39727,39727.jpg,http://assets.myntassets.com/v1/images/style/properties/7de446d3e6ec4218c2a71e76aa91ce5a_images.jpg,Women,Apparel,Topwear,Shirts,Blue,Summer,2012.0,Formal,Arrow Woman Blue Shirt,Women Apparel Topwear Shirts Blue Summer 2012.0 Formal Arrow Woman Blue Shirt
57758,57758.jpg,http://assets.myntassets.com/v1/images/style/properties/Lotus-Herbals-Jojobawash-Face-Wash_f4d1e20721e77abd1c7d75e378f09f7b_images.jpg,Women,Personal Care,Skin Care,Face Wash and Cleanser,White,Spring,2017.0,,Lotus Herbals Jojobawash Face Wash,Women Personal Care Skin Care Face Wash and Cleanser White Spring 2017.0  Lotus Herbals Jojobawash Face Wash
5854,5854.jpg,http://assets.myntassets.com/v1/images/style/properties/ff765bacfb935d26ebd72c44547cde93_images.jpg,Women,Accessories,Bags,Handbags,Pink,Summer,2011.0,Casual,ADIDAS Women Pink Handbag,Women Accessories Bags Handbags Pink Summer 2011.0 Casual ADIDAS Women Pink Handbag
11971,11971.jpg,http://assets.myntassets.com/v1/images/style/properties/ab1fe16c66350052ecb0ade9502ebcca_images.jpg,Men,Footwear,Shoes,Sports Shoes,White,Fall,2011.0,Sports,Fila Men Glow White Sports Shoes,Men Footwear Shoes Sports Shoes White Fall 2011.0 Sports Fila Men Glow White Sports Shoes
5068,5068.jpg,http://assets.myntassets.com/v1/images/style/properties/015d474f1a5f2759e4cff6b78ef7bb2d_images.jpg,Men,Accessories,Watches,Watches,Blue,Winter,2016.0,Casual,Being Human Men Grey Dial Blue Strap Watch,Men Accessories Watches Watches Blue Winter 2016.0 Casual Being Human Men Grey Dial Blue Strap Watch
39515,39515.jpg,http://assets.myntassets.com/v1/images/style/properties/c48c9cad79bcb6e7563bbb292192d8c7_images.jpg,Unisex,Accessories,Bags,Laptop Bag,Brown,Summer,2012.0,Casual,Peter England Unisex Brown Laptop Bag,Unisex Accessories Bags Laptop Bag Brown Summer 2012.0 Casual Peter England Unisex Brown Laptop Bag
45893,45893.jpg,http://assets.myntassets.com/v1/images/style/properties/9772297f624ac9384d9b349fe62cdc1d_images.jpg,Men,Accessories,Watches,Watches,Black,Winter,2016.0,Casual,Maxima Ssteele Men Black Dial Watch,Men Accessories Watches Watches Black Winter 2016.0 Casual Maxima Ssteele Men Black Dial Watch
44941,44941.jpg,http://assets.myntassets.com/v1/images/style/properties/851760e82d34ebdc4b38d0dcd399e3f2_images.jpg,Men,Footwear,Shoes,Formal Shoes,Black,Summer,2013.0,Formal,Franco Leone Men Formal Shoes,Men Footwear Shoes Formal Shoes Black Summer 2013.0 Formal Franco Leone Men Formal Shoes
24098,24098.jpg,http://assets.myntassets.com/v1/images/style/properties/3f605d586102ca09379cc592e697610a_images.jpg,Men,Footwear,Sandal,Sandals,Black,Summer,2012.0,Casual,Red Tape Men Black Sandals,Men Footwear Sandal Sandals Black Summer 2012.0 Casual Red Tape Men Black Sandals
4388,4388.jpg,http://assets.myntassets.com/v1/images/style/properties/8fb251ea403fab32952058a73088aeb2_images.jpg,Men,Apparel,Topwear,Tshirts,Green,Summer,2011.0,Casual,DC Comics Lantern Arrow All Over Green T-shirt,Men Apparel Topwear Tshirts Green Summer 2011.0 Casual DC Comics Lantern Arrow All Over Green T-shirt
58522,58522.jpg,http://assets.myntassets.com/v1/images/style/properties/Wildcraft-Unisex-Orange-Chalk-Bag_b52edc6279b3e1f016a8e7d822a0b2d6_images.jpg,Unisex,Accessories,Accessories,Travel Accessory,Rust,Summer,2015.0,Casual,Wildcraft Unisex Rust Orange Travel Pouch,Unisex Accessories Accessories Travel Accessory Rust Summer 2015.0 Casual Wildcraft Unisex Rust Orange Travel Pouch
28655,28655.jpg,http://assets.myntassets.com/v1/images/style/properties/03024db69975ad4be6f33eb928e08f96_images.jpg,Men,Footwear,Shoes,Sports Shoes,White,Summer,2012.0,Sports,Nike Men Zoom Structure White Sports Shoes,Men Footwear Shoes Sports Shoes White Summer 2012.0 Sports Nike Men Zoom Structure White Sports Shoes
2843,2843.jpg,http://assets.myntassets.com/v1/images/style/properties/9972e0224ec65fe016e2703e8576475a_images.jpg,Men,Apparel,Topwear,Tshirts,Pink,Summer,2011.0,Casual,Mr.Men Men's Mr.Mischief Pink T-shirt,Men Apparel Topwear Tshirts Pink Summer 2011.0 Casual Mr.Men Men's Mr.Mischief Pink T-shirt
17088,17088.jpg,http://assets.myntassets.com/v1/images/style/properties/21decd2edae167eecd19870c7e879e3e_images.jpg,Women,Accessories,Wallets,Wallets,Brown,Winter,2015.0,Casual,Lino Perros Women Flower LT.Brown Wallet,Women Accessories Wallets Wallets Brown Winter 2015.0 Casual Lino Perros Women Flower LT.Brown Wallet
3991,3991.jpg,http://assets.myntassets.com/v1/images/style/properties/b102d8273537781b5cc6b28a929c501c_images.jpg,Men,Apparel,Topwear,Tshirts,White,Summer,2011.0,Casual,Mr.Men Men's Wave Rider White T-shirt,Men Apparel Topwear Tshirts White Summer 2011.0 Casual Mr.Men Men's Wave Rider White T-shirt
29787,29787.jpg,http://assets.myntassets.com/v1/images/style/properties/Basics-Men-White-T-shirt_09fac0ea8036d4de33ceec2351630e04_images.jpg,Men,Apparel,Topwear,Tshirts,White,Summer,2013.0,Casual,Basics Men White T-shirt,Men Apparel Topwear Tshirts White Summer 2013.0 Casual Basics Men White T-shirt
9497,9497.jpg,http://assets.myntassets.com/v1/images/style/properties/11371998e15f21cf032b30fdba5e972c_images.jpg,Men,Footwear,Sandal,Sandals,Black,Summer,2011.0,Casual,Decathlon Men Arpenaz Black Sandals,Men Footwear Sandal Sandals Black Summer 2011.0 Casual Decathlon Men Arpenaz Black Sandals
13428,13428.jpg,http://assets.myntassets.com/v1/images/style/properties/121642283d962bd7397e6d615345cb43_images.jpg,Men,Apparel,Topwear,Tshirts,White,Summer,2011.0,Casual,United Colors of Benetton Men Printed White Tshirts,Men Apparel Topwear Tshirts White Summer 2011.0 Casual United Colors of Benetton Men Printed White Tshirts
19112,19112.jpg,http://assets.myntassets.com/v1/images/style/properties/8dc1ff8347d5114e89baee9aeebfa68d_images.jpg,Men,Apparel,Topwear,Tshirts,Grey,Summer,2016.0,Casual,Campbell Men Pack of 3 Solid Tshirts,Men Apparel Topwear Tshirts Grey Summer 2016.0 Casual Campbell Men Pack of 3 Solid Tshirts
16966,16966.jpg,http://assets.myntassets.com/v1/images/style/properties/b4a93449c1fd4666bf2572c3d8d9763d_images.jpg,Men,Footwear,Shoes,Sports Shoes,Black,Fall,2011.0,Sports,Reebok Men Sprintfit Lite Black Sports Shoe,Men Footwear Shoes Sports Shoes Black Fall 2011.0 Sports Reebok Men Sprintfit Lite Black Sports Shoe
49662,49662.jpg,http://assets.myntassets.com/v1/images/style/properties/United-Colors-of-Benetton-Women-Sunglass_49a571ec79bd31b21bebc48eaf89dc47_images.jpg,Women,Accessories,Eyewear,Sunglasses,Black,Winter,2016.0,Casual,United Colors of Benetton Women Sunglass,Women Accessories Eyewear Sunglasses Black Winter 2016.0 Casual United Colors of Benetton Women Sunglass
20860,20860.jpg,http://assets.myntassets.com/v1/images/style/properties/d66a2ecd159e4e9b8f73856bc49cc26c_images.jpg,Women,Accessories,Eyewear,Sunglasses,Black,Winter,2016.0,Casual,United Colors of Benetton Women Casual Sunglasses,Women Accessories Eyewear Sunglasses Black Winter 2016.0 Casual United Colors of Benetton Women Casual Sunglasses
32599,32599.jpg,http://assets.myntassets.com/v1/images/style/properties/6a6896f41351e322a0beb82f444b0251_images.jpg,Women,Apparel,Topwear,Tops,Black,Summer,2012.0,Casual,ONLY Women Black Top,Women Apparel Topwear Tops Black Summer 2012.0 Casual ONLY Women Black Top
39171,39171.jpg,http://assets.myntassets.com/v1/images/style/properties/cfdb8d86d2a58e31cf47ad9106a7cf27_images.jpg,Women,Apparel,Topwear,Kurtas,Pink,Summer,2012.0,Ethnic,Aneri Women Pink & White Kurta,Women Apparel Topwear Kurtas Pink Summer 2012.0 Ethnic Aneri Women Pink & White Kurta
36905,36905.jpg,http://assets.myntassets.com/assets/images/36905/2016/5/20/11463745835251-Fossil-Men-Black-Dial-Watch-ME1113-3451463745835125-1.jpg,Men,Accessories,Watches,Watches,Black,Winter,2016.0,Casual,Fossil Men Black Dial Watch ME1113,Men Accessories Watches Watches Black Winter 2016.0 Casual Fossil Men Black Dial Watch ME1113
57932,57932.jpg,http://assets.myntassets.com/v1/images/style/properties/French-Connection-Men-White-T-shirt_48e05ffbe5d9005728594678420f7a3c_images.jpg,Men,Apparel,Topwear,Tshirts,White,Summer,2012.0,Casual,French Connection Men White T-shirt,Men Apparel Topwear Tshirts White Summer 2012.0 Casual French Connection Men White T-shirt
58146,58146.jpg,http://assets.myntassets.com/v1/images/style/properties/Puma-Unisex-Black-Backpack_93048ae205ab1474008b7a4efd4219b2_images.jpg,Unisex,Accessories,Bags,Backpacks,Black,Summer,2012.0,Casual,Puma Unisex Black Backpack,Unisex Accessories Bags Backpacks Black Summer 2012.0 Casual Puma Unisex Black Backpack
40985,40985.jpg,http://assets.myntassets.com/v1/images/style/properties/9ba6a4c84ec057a0ccd9a1a559b16531_images.jpg,Boys,Apparel,Topwear,Tshirts,White,Summer,2012.0,Casual,Gini and Jony Boys United White T-shirt,Boys Apparel Topwear Tshirts White Summer 2012.0 Casual Gini and Jony Boys United White T-shirt
41857,41857.jpg,http://assets.myntassets.com/v1/images/style/properties/5209f6e3a73471f764528cf56902d50b_images.jpg,Men,Footwear,Sandal,Sandals,Olive,Summer,2012.0,Casual,Bata Men Hummer Grey Sandals,Men Footwear Sandal Sandals Olive Summer 2012.0 Casual Bata Men Hummer Grey Sandals
59094,59094.jpg,http://assets.myntassets.com/v1/images/style/properties/Peri-Peri-Women-Black-Bra_2cf09a3a63a883806f14fa3c351007da_images.jpg,Women,Apparel,Innerwear,Bra,Black,Summer,2017.0,Casual,Peri Peri Women Black Bra,Women Apparel Innerwear Bra Black Summer 2017.0 Casual Peri Peri Women Black Bra
36139,36139.jpg,http://assets.myntassets.com/v1/images/style/properties/0834f6ae67b7891d53e9a0d612a6fe46_images.jpg,Men,Footwear,Shoes,Sports Shoes,Black,Summer,2012.0,Sports,Nike Men The Overplay VII Black Sports Shoes,Men Footwear Shoes Sports Shoes Black Summer 2012.0 Sports Nike Men The Overplay VII Black Sports Shoes
7169,7169.jpg,http://assets.myntassets.com/v1/images/style/properties/b70d4b2a4a1aab207368a75db5327917_images.jpg,Men,Apparel,Topwear,Shirts,Blue,Fall,2011.0,Casual,Scullers Men Scul Navy Blue Shirt,Men Apparel Topwear Shirts Blue Fall 2011.0 Casual Scullers Men Scul Navy Blue Shirt
28231,28231.jpg,http://assets.myntassets.com/v1/images/style/properties/0c378df9234ae3b2cf1b9f45d9fda3e3_images.jpg,Men,Personal Care,Fragrance,Deodorant,Black,Spring,2017.0,Casual,Playboy Men Malibu Deo,Men Personal Care Fragrance Deodorant Black Spring 2017.0 Casual Playboy Men Malibu Deo
13870,13870.jpg,http://assets.myntassets.com/v1/images/style/properties/0295bfcf59cb9a1066e44415b5108461_images.jpg,Men,Apparel,Topwear,Shirts,Beige,Fall,2011.0,Casual,Scullers Men Stripes Beige Shirts,Men Apparel Topwear Shirts Beige Fall 2011.0 Casual Scullers Men Stripes Beige Shirts
19576,19576.jpg,http://assets.myntassets.com/v1/images/style/properties/efa0a68179993f78b8b710b5e27f5554_images.jpg,Women,Apparel,Topwear,Tops,White,Summer,2011.0,Casual,United Colors of Benetton Women White Top,Women Apparel Topwear Tops White Summer 2011.0 Casual United Colors of Benetton Women White Top
7955,7955.jpg,http://assets.myntassets.com/v1/images/style/properties/853a100f5d3d8c1e8ef88b41ca0d2c88_images.jpg,Men,Apparel,Topwear,Tshirts,Grey,Fall,2011.0,Sports,Puma Men's Foundation Grey Polo T-shirt,Men Apparel Topwear Tshirts Grey Fall 2011.0 Sports Puma Men's Foundation Grey Polo T-shirt
8121,8121.jpg,http://assets.myntassets.com/v1/images/style/properties/Fastrack-Men-White-Stiches-Brown-Belts_d65df135bf78b95f729f5e0b4868bd3d_images.jpg,Men,Accessories,Belts,Belts,Brown,Winter,2016.0,Casual,Fastrack Men Brown Belt,Men Accessories Belts Belts Brown Winter 2016.0 Casual Fastrack Men Brown Belt
27279,27279.jpg,http://assets.myntassets.com/v1/images/style/properties/b11b94d5243d093905e5a5b20cfd4880_images.jpg,Women,Apparel,Topwear,Kurtas,Blue,Fall,2011.0,Ethnic,Mother Earth Women Blue Kurta,Women Apparel Topwear Kurtas Blue Fall 2011.0 Ethnic Mother Earth Women Blue Kurta
6887,6887.jpg,http://assets.myntassets.com/v1/images/style/properties/617c3ae8332e7ace12ceaa500bdeddec_images.jpg,Women,Apparel,Topwear,Jackets,Blue,Summer,2011.0,Casual,Forever New Women Indigo Wash Blue Jacket,Women Apparel Topwear Jackets Blue Summer 2011.0 Casual Forever New Women Indigo Wash Blue Jacket
31912,31912.jpg,http://assets.myntassets.com/v1/images/style/properties/d5aff6e7c302aeb65ba08ec3f4a81040_images.jpg,Women,Accessories,Bags,Handbags,Green,Summer,2012.0,Casual,Fabindia Women Green Sling Bag,Women Accessories Bags Handbags Green Summer 2012.0 Casual Fabindia Women Green Sling Bag
49808,49808.jpg,http://assets.myntassets.com/v1/images/style/properties/de79d341584312b09b3af7968b5146f4_images.jpg,Women,Footwear,Flip Flops,Flip Flops,Blue,Winter,2012.0,Casual,iPanema Women Blue Flip Flops,Women Footwear Flip Flops Flip Flops Blue Winter 2012.0 Casual iPanema Women Blue Flip Flops
22539,22539.jpg,http://assets.myntassets.com/v1/images/style/properties/Inc5-Women-Brown-Casual-Sandals_b942bed0e0fe8a1bdebfe77e8d6014db_images.jpg,Women,Footwear,Shoes,Heels,Brown,Winter,2012.0,Casual,Inc.5  Women Grey Flats,Women Footwear Shoes Heels Brown Winter 2012.0 Casual Inc.5  Women Grey Flats
27877,27877.jpg,http://assets.myntassets.com/v1/images/style/properties/06cc852ed1afab724ce3e88089a7e27f_images.jpg,Women,Apparel,Topwear,Shirts,Navy Blue,Summer,2012.0,Casual,Scullers For Her Women Printed Navy Blue Shirt,Women Apparel Topwear Shirts Navy Blue Summer 2012.0 Casual Scullers For Her Women Printed Navy Blue Shirt
6289,6289.jpg,http://assets.myntassets.com/v1/images/style/properties/c8c70971b1f7161865e49623121ba10a_images.jpg,Men,Apparel,Topwear,Tshirts,Brown,Summer,2011.0,Casual,Classic Polo Classic Polo Swiss Brown Tee T-Shirt,Men Apparel Topwear Tshirts Brown Summer 2011.0 Casual Classic Polo Classic Polo Swiss Brown Tee T-Shirt
28003,28003.jpg,http://assets.myntassets.com/v1/images/style/properties/2d9c7cf072865c543cf4405c798bddd3_images.jpg,Men,Apparel,Innerwear,Briefs,White,Summer,2016.0,Casual,Jockey ZONE Men Zone White Brief US18,Men Apparel Innerwear Briefs White Summer 2016.0 Casual Jockey ZONE Men Zone White Brief US18
8313,8313.jpg,http://assets.myntassets.com/v1/images/style/properties/0d5b2f896f80fc803118b823fe79d1c7_images.jpg,Women,Accessories,Bags,Handbags,Black,Winter,2016.0,Casual,Fastrack Women Nylon Black Handbag,Women Accessories Bags Handbags Black Winter 2016.0 Casual Fastrack Women Nylon Black Handbag
49034,49034.jpg,http://assets.myntassets.com/v1/images/style/properties/Lucera-Women-Silver-Ring_5d162856c37b870f1273a8fc1923b5cf_images.jpg,Women,Accessories,Jewellery,Ring,Silver,Summer,2012.0,Casual,Lucera Women Silver Ring,Women Accessories Jewellery Ring Silver Summer 2012.0 Casual Lucera Women Silver Ring
19744,19744.jpg,http://assets.myntassets.com/v1/images/style/properties/9fd9eaba65ab73f9860505d46894efb8_images.jpg,Men,Apparel,Topwear,Jackets,Green,Fall,2011.0,Casual,ADIDAS Originals Men Solid Green Jacket,Men Apparel Topwear Jackets Green Fall 2011.0 Casual ADIDAS Originals Men Solid Green Jacket
26199,26199.jpg,http://assets.myntassets.com/v1/images/style/properties/e63d4b367eeb7bfb99c2b11fa8082e75_images.jpg,Men,Personal Care,Fragrance,Perfume and Body Mist,Black,Spring,2017.0,Casual,Formula 1 Men Power Perfume,Men Personal Care Fragrance Perfume and Body Mist Black Spring 2017.0 Casual Formula 1 Men Power Perfume
47992,47992.jpg,http://assets.myntassets.com/v1/images/style/properties/Helix-Women-Black-Watch_53672b2d26b2cfa4870ab333f98b94b9_images.jpg,Women,Accessories,Watches,Watches,Black,Winter,2016.0,Casual,Helix Women Black Watch,Women Accessories Watches Watches Black Winter 2016.0 Casual Helix Women Black Watch
18696,18696.jpg,http://assets.myntassets.com/v1/images/style/properties/26cb109d81f58b1d89bd221d7111f4cf_images.jpg,Men,Apparel,Innerwear,Briefs,Black,Summer,2016.0,Casual,Hanes Men Black Ultimate Duo Dry Cotton Stretch Bikini Briefs,Men Apparel Innerwear Briefs Black Summer 2016.0 Casual Hanes Men Black Ultimate Duo Dry Cotton Stretch Bikini Briefs
2629,2629.jpg,http://assets.myntassets.com/v1/images/style/properties/3c1282e51eb6c43ff789db59376f9c02_images.jpg,Women,Footwear,Shoes,Flats,Black,Fall,2010.0,Casual,Carlton London Women Four Strapped Black Sandal,Women Footwear Shoes Flats Black Fall 2010.0 Casual Carlton London Women Four Strapped Black Sandal
14867,14867.jpg,http://assets.myntassets.com/v1/images/style/properties/442b28f764a40d8defe99095aca7bcab_images.jpg,Men,Accessories,Wallets,Wallets,Black,Summer,2011.0,Casual,United Colors of Benetton Men Solid Black Wallets,Men Accessories Wallets Wallets Black Summer 2011.0 Casual United Colors of Benetton Men Solid Black Wallets
38291,38291.jpg,http://assets.myntassets.com/v1/images/style/properties/1954feb80a70a495099a1c9b3868cebb_images.jpg,Men,Accessories,Wallets,Wallets,Black,Summer,2012.0,Casual,Reid & Taylor Men Black Wallet,Men Accessories Wallets Wallets Black Summer 2012.0 Casual Reid & Taylor Men Black Wallet
11529,11529.jpg,http://assets.myntassets.com/v1/images/style/properties/adf8000f76b545306c6e284c518a60fc_images.jpg,Men,Apparel,Topwear,Sweaters,Grey,Fall,2011.0,Casual,United Colors Of Benetton Men Heavy Winter Grey Sweaters,Men Apparel Topwear Sweaters Grey Fall 2011.0 Casual United Colors Of Benetton Men Heavy Winter Grey Sweaters
41259,41259.jpg,http://assets.myntassets.com/v1/image/style/properties/41259/Arrow-Men-Brown-Wallet_1_b251de97852a02a341c13ad721d5b8ce.jpg,Men,Accessories,Wallets,Wallets,Brown,Summer,2012.0,Casual,Arrow Men Brown Leather Wallet,Men Accessories Wallets Wallets Brown Summer 2012.0 Casual Arrow Men Brown Leather Wallet
1890,1890.jpg,http://assets.myntassets.com/v1/images/style/properties/f0fbf247458326317521ec367f72a2a7_images.jpg,Men,Apparel,Topwear,Tshirts,Red,Winter,2010.0,Casual,FIFA Mens Essentials Red T-shirt,Men Apparel Topwear Tshirts Red Winter 2010.0 Casual FIFA Mens Essentials Red T-shirt
15189,15189.jpg,http://assets.myntassets.com/v1/images/style/properties/8ecd514f28da61172ad5a38e58079315_images.jpg,Men,Apparel,Topwear,Tshirts,Green,Fall,2011.0,Casual,Arrow Sport Men Solid Green Polo Tshirts,Men Apparel Topwear Tshirts Green Fall 2011.0 Casual Arrow Sport Men Solid Green Polo Tshirts
24408,24408.jpg,http://assets.myntassets.com/v1/images/style/properties/724a329e2ac5bcf1aadfc7fda484cba9_images.jpg,Men,Footwear,Shoes,Sports Shoes,Black,Summer,2012.0,Sports,ADIDAS Men Black Vanquish Sports Shoes,Men Footwear Shoes Sports Shoes Black Summer 2012.0 Sports ADIDAS Men Black Vanquish Sports Shoes
20894,20894.jpg,http://assets.myntassets.com/v1/images/style/properties/6cdbcb8a0c91f6f08a5eca566a30ba9e_images.jpg,Men,Footwear,Shoes,Casual Shoes,Red,Fall,2011.0,Casual,Basics Men Red Casual Shoes,Men Footwear Shoes Casual Shoes Red Fall 2011.0 Casual Basics Men Red Casual Shoes
21946,21946.jpg,http://assets.myntassets.com/v1/images/style/properties/618749890e73cc6094d688ec6fa17287_images.jpg,Women,Accessories,Bags,Handbags,Black,Winter,2015.0,Casual,Murcia Women Casual Black Handbag,Women Accessories Bags Handbags Black Winter 2015.0 Casual Murcia Women Casual Black Handbag
39185,39185.jpg,http://assets.myntassets.com/v1/images/style/properties/2fb9b4426226b19e83c8363be89733e9_images.jpg,Women,Apparel,Topwear,Kurtas,Khaki,Summer,2012.0,Ethnic,Aneri Women Khaki Kurta,Women Apparel Topwear Kurtas Khaki Summer 2012.0 Ethnic Aneri Women Khaki Kurta
56028,56028.jpg,http://assets.myntassets.com/assets/images/56028/2019/1/11/79ad8d1e-ae5d-40a5-99f6-d4b4ac57867e1547190851117-Colorbar-Soft-Touch-Spring-Fling-Lipstick-023-30315471908508-1.jpg,Women,Personal Care,Lips,Lipstick,Maroon,Spring,2017.0,Casual,Colorbar Soft Touch Spring Fling Lipstick 023,Women Personal Care Lips Lipstick Maroon Spring 2017.0 Casual Colorbar Soft Touch Spring Fling Lipstick 023
40971,40971.jpg,http://assets.myntassets.com/v1/images/style/properties/e5b5823706a1c890f4300f30c92f59b2_images.jpg,Men,Footwear,Shoes,Casual Shoes,Brown,Winter,2012.0,Casual,Buckaroo Men Brown Casual Shoes,Men Footwear Shoes Casual Shoes Brown Winter 2012.0 Casual Buckaroo Men Brown Casual Shoes
52488,52488.jpg,http://assets.myntassets.com/v1/images/style/properties/Red-Rose-Red-Bra_64099f0aef908cd3497d33ddb05c43b3_images.jpg,Women,Apparel,Innerwear,Camisoles,Red,Winter,2015.0,Casual,Red Rose Red Camisole,Women Apparel Innerwear Camisoles Red Winter 2015.0 Casual Red Rose Red Camisole
59060,59060.jpg,http://assets.myntassets.com/v1/images/style/properties/Global-Desi-Women-Red-Kurta_df19e6470157467637aa52222a974e2a_images.jpg,Women,Apparel,Topwear,Kurtas,Red,Summer,2012.0,Ethnic,Global Desi Women Multi Coloured Kurta,Women Apparel Topwear Kurtas Red Summer 2012.0 Ethnic Global Desi Women Multi Coloured Kurta
4718,4718.jpg,http://assets.myntassets.com/v1/images/style/properties/1109685531795f17aca2acaba2ab39ad_images.jpg,Girls,Apparel,Topwear,Tshirts,Yellow,Summer,2011.0,Casual,Disney Kids Girl's Summer Fun Fair Yellow Teen Kidswear,Girls Apparel Topwear Tshirts Yellow Summer 2011.0 Casual Disney Kids Girl's Summer Fun Fair Yellow Teen Kidswear
56814,56814.jpg,http://assets.myntassets.com/v1/images/style/properties/Aneri-Women-Multi-Coloured-Tunic_394955836bc5b226b11e9dfcd559c900_images.jpg,Women,Apparel,Topwear,Kurtis,Multi,Summer,2012.0,Ethnic,Aneri Women Multi Coloured Kurti,Women Apparel Topwear Kurtis Multi Summer 2012.0 Ethnic Aneri Women Multi Coloured Kurti
12956,12956.jpg,http://assets.myntassets.com/v1/images/style/properties/3a9f62b28cc78e42ffc030e179f8a438_images.jpg,Men,Footwear,Shoes,Sports Shoes,Blue,Fall,2011.0,Sports,ADIDAS Men Sports Blue Sports Shoes,Men Footwear Shoes Sports Shoes Blue Fall 2011.0 Sports ADIDAS Men Sports Blue Sports Shoes
29317,29317.jpg,http://assets.myntassets.com/v1/images/style/properties/3892cb9dff0774f694ea34308089f19d_images.jpg,Unisex,Accessories,Bags,Backpacks,Blue,Summer,2012.0,Casual,ADIDAS Unisex Blue Backpack,Unisex Accessories Bags Backpacks Blue Summer 2012.0 Casual ADIDAS Unisex Blue Backpack
17418,17418.jpg,http://assets.myntassets.com/v1/images/style/properties/d2c51e11e302a66c19404b878b89258d_images.jpg,Men,Accessories,Watches,Watches,Black,Winter,2016.0,Casual,CASIO ENTICER Men Black Analogue Watch BS112 ,Men Accessories Watches Watches Black Winter 2016.0 Casual CASIO ENTICER Men Black Analogue Watch BS112 
47368,47368.jpg,http://assets.myntassets.com/v1/images/style/properties/Baggit-Women-Brown-Bag_6b49e42c5b0c732f17bf454a6ed25a78_images.jpg,Women,Accessories,Bags,Handbags,Brown,Summer,2015.0,Casual,Baggit Brown Handbag,Women Accessories Bags Handbags Brown Summer 2015.0 Casual Baggit Brown Handbag
13884,13884.jpg,http://assets.myntassets.com/v1/images/style/properties/42a205d41cbc445ed70f474ed4998964_images.jpg,Men,Apparel,Topwear,Shirts,Black,Fall,2011.0,Casual,Scullers Men Check Black Shirts,Men Apparel Topwear Shirts Black Fall 2011.0 Casual Scullers Men Check Black Shirts
19582,19582.jpg,http://assets.myntassets.com/v1/images/style/properties/255daaace4d0099d51f7de22e7cedcbd_images.jpg,Men,Apparel,Topwear,Tshirts,Grey,Summer,2011.0,Casual,United Colors of Benetton Men Printed Grey TShirt,Men Apparel Topwear Tshirts Grey Summer 2011.0 Casual United Colors of Benetton Men Printed Grey TShirt
48320,48320.jpg,http://assets.myntassets.com/v1/images/style/properties/e3d6cb0e7317d4f11dd66f6b88291da9_images.jpg,Women,Accessories,Jewellery,Bracelet,Silver,Winter,2012.0,Casual,Pitaraa Silver Omelette Thin Bracelet,Women Accessories Jewellery Bracelet Silver Winter 2012.0 Casual Pitaraa Silver Omelette Thin Bracelet
9007,9007.jpg,http://assets.myntassets.com/v1/images/style/properties/d09964022188d673f03b5b115c9e47b6_images.jpg,Women,Accessories,Bags,Handbags,Silver,Winter,2015.0,Casual,Murcia Women Silver Black Purse Silver Handbags,Women Accessories Bags Handbags Silver Winter 2015.0 Casual Murcia Women Silver Black Purse Silver Handbags
6873,6873.jpg,http://assets.myntassets.com/v1/images/style/properties/e5da26ddf18c9b985c5609f0baca8048_images.jpg,Women,Apparel,Dress,Dresses,Black,Summer,2011.0,Casual,Forever New Women's Top Black Dress,Women Apparel Dress Dresses Black Summer 2011.0 Casual Forever New Women's Top Black Dress
18450,18450.jpg,http://assets.myntassets.com/v1/images/style/properties/3322c8321e6ac84429057df99b267669_images.jpg,Women,Personal Care,Fragrance,Perfume and Body Mist,White,Spring,2017.0,Casual,Ed Hardy Life Love & Luck by Christian Audigier for Women Perfume,Women Personal Care Fragrance Perfume and Body Mist White Spring 2017.0 Casual Ed Hardy Life Love & Luck by Christian Audigier for Women Perfume
29125,29125.jpg,http://assets.myntassets.com/v1/images/style/properties/9f4e03cbd7c16ee4a0c6c6a8ff166c49_images.jpg,Women,Accessories,Eyewear,Sunglasses,White,Winter,2016.0,Casual,Vogue Women White Sunglasses,Women Accessories Eyewear Sunglasses White Winter 2016.0 Casual Vogue Women White Sunglasses
26951,26951.jpg,http://assets.myntassets.com/v1/images/style/properties/8661e9c00b03eafaf8f718a1ed058c5c_images.jpg,Women,Apparel,Topwear,Tshirts,Teal,Summer,2012.0,Casual,Jealous 21 Women Printed Teal T-shirt,Women Apparel Topwear Tshirts Teal Summer 2012.0 Casual Jealous 21 Women Printed Teal T-shirt
27883,27883.jpg,http://assets.myntassets.com/v1/images/style/properties/678a1d2dfc786e7b0ed966a151d5ca92_images.jpg,Women,Apparel,Topwear,Tshirts,Pink,Summer,2012.0,Casual,Scullers For Her Women Pink Shirt,Women Apparel Topwear Tshirts Pink Summer 2012.0 Casual Scullers For Her Women Pink Shirt
30834,30834.jpg,http://assets.myntassets.com/v1/images/style/properties/Fabindia-Women-Blue-Kurta_d3a2356bf545c420dbe6870bc5834efc_images.jpg,Women,Apparel,Topwear,Kurtas,Blue,Summer,2012.0,Ethnic,Fabindia Women Blue Kurta,Women Apparel Topwear Kurtas Blue Summer 2012.0 Ethnic Fabindia Women Blue Kurta
29919,29919.jpg,http://assets.myntassets.com/v1/images/style/properties/Police-Men-Black-Chronograph-Dial-Watch_3f4a959644fffdb92a258fd14ac4a39b_images.jpg,Men,Accessories,Watches,Watches,Black,Winter,2016.0,Casual,Police Men Black Dial Chronograph Watch PL12699JS-02,Men Accessories Watches Watches Black Winter 2016.0 Casual Police Men Black Dial Chronograph Watch PL12699JS-02
42428,42428.jpg,http://assets.myntassets.com/v1/images/style/properties/2f660848a91c238cbaa44f9f01e65a26_images.jpg,Women,Apparel,Topwear,Kurtas,Brown,Summer,2012.0,Ethnic,Aurelia Women Brown & Orange Kurta,Women Apparel Topwear Kurtas Brown Summer 2012.0 Ethnic Aurelia Women Brown & Orange Kurta
12358,12358.jpg,http://assets.myntassets.com/v1/images/style/properties/61cb9703bb506a0b9671988c015ac432_images.jpg,Men,Apparel,Topwear,Shirts,Cream,Fall,2011.0,Formal,Reid & Taylor Men Solid Cream Shirts,Men Apparel Topwear Shirts Cream Fall 2011.0 Formal Reid & Taylor Men Solid Cream Shirts
48112,48112.jpg,http://assets.myntassets.com/v1/images/style/properties/6e0e3cadb479ef0bcc1e7b328e14fdd7_images.jpg,Women,Accessories,Belts,Belts,Brown,Summer,2012.0,Casual,Fossil Women Brown Belt,Women Accessories Belts Belts Brown Summer 2012.0 Casual Fossil Women Brown Belt
9235,9235.jpg,http://assets.myntassets.com/v1/images/style/properties/1f284f26ca5c625921b49c01b0089ccc_images.jpg,Men,Apparel,Topwear,Shirts,Blue,Fall,2011.0,Formal,Mark Taylor Men Plain Blue Shirts,Men Apparel Topwear Shirts Blue Fall 2011.0 Formal Mark Taylor Men Plain Blue Shirts
14893,14893.jpg,http://assets.myntassets.com/v1/images/style/properties/ce7a82b5bff5ddefe718d8aea080c7d7_images.jpg,Women,Accessories,Accessories,Travel Accessory,Blue,Summer,2011.0,Casual,United Colors of Benetton Women Solid Blue Bags,Women Accessories Accessories Travel Accessory Blue Summer 2011.0 Casual United Colors of Benetton Women Solid Blue Bags
15941,15941.jpg,http://assets.myntassets.com/v1/images/style/properties/c7918d7e238e8a7c735d5f3adfaeb78f_images.jpg,Men,Accessories,Belts,Belts,Black,Fall,2011.0,Casual,Turtle Men Leather Black Belts,Men Accessories Belts Belts Black Fall 2011.0 Casual Turtle Men Leather Black Belts
53768,53768.jpg,http://assets.myntassets.com/v1/images/style/properties/Puma-Men-Blue-T-shirt_b9642574a453cdfbae1f58e468187928_images.jpg,Men,Apparel,Topwear,Tshirts,Blue,Summer,2012.0,Casual,Puma Men Blue T-shirt,Men Apparel Topwear Tshirts Blue Summer 2012.0 Casual Puma Men Blue T-shirt
21348,21348.jpg,http://assets.myntassets.com/v1/images/style/properties/7d9d9ce41e8d57949ccc350e9cd699de_images.jpg,Men,Accessories,Eyewear,Sunglasses,Silver,Winter,2016.0,Casual,Pal Zileri Men Casual Metal Frame Sunglasses,Men Accessories Eyewear Sunglasses Silver Winter 2016.0 Casual Pal Zileri Men Casual Metal Frame Sunglasses
59252,59252.jpg,http://assets.myntassets.com/v1/images/style/properties/Titan-Men-White-Watch_4a096c721912e73a43fff73398626a2a_images.jpg,Men,Accessories,Watches,Watches,White,Winter,2016.0,Casual,Titan Men White Dial Automatic Watch NB9365SL01,Men Accessories Watches Watches White Winter 2016.0 Casual Titan Men White Dial Automatic Watch NB9365SL01
6619,6619.jpg,http://assets.myntassets.com/v1/images/style/properties/2aacd81da075c8d9cb891276bd9dbc9e_images.jpg,Men,Footwear,Shoes,Sports Shoes,White,Summer,2011.0,Sports,ADIDAS Men's Boris White Shoe,Men Footwear Shoes Sports Shoes White Summer 2011.0 Sports ADIDAS Men's Boris White Shoe
54915,54915.jpg,http://assets.myntassets.com/v1/images/style/properties/Do-u-speak-Off-White-Men-T-shirt_61eae1ea7af11b36fa4ed14a9f99f234_images.jpg,Men,Apparel,Topwear,Tshirts,Cream,Summer,2012.0,Casual,Do u speak Cream Men T-shirt,Men Apparel Topwear Tshirts Cream Summer 2012.0 Casual Do u speak Cream Men T-shirt
50589,50589.jpg,http://assets.myntassets.com/v1/images/style/properties/59d86dcc7301f53b5b3e963148ed7f5f_images.jpg,Men,Apparel,Innerwear,Briefs,Navy Blue,Summer,2016.0,Casual,Chromozome Men Navy Blue Briefs,Men Apparel Innerwear Briefs Navy Blue Summer 2016.0 Casual Chromozome Men Navy Blue Briefs
42870,42870.jpg,http://assets.myntassets.com/v1/images/style/properties/65e0186e6f5cc9c636f5a724461328e5_images.jpg,Women,Accessories,Bags,Handbags,Purple,Summer,2012.0,Casual,French Connection Women Purple Handbag,Women Accessories Bags Handbags Purple Summer 2012.0 Casual French Connection Women Purple Handbag
18206,18206.jpg,http://assets.myntassets.com/v1/images/style/properties/ea8233bb58cd14966d58903798d6acbc_images.jpg,Men,Accessories,Headwear,Caps,Black,Fall,2011.0,Casual,Manchester United Men Solid Black Cap,Men Accessories Headwear Caps Black Fall 2011.0 Casual Manchester United Men Solid Black Cap
54129,54129.jpg,http://assets.myntassets.com/v1/images/style/properties/9f2acc54981dd59cff1ff4be9f0cc91f_images.jpg,Women,Footwear,Shoes,Heels,Beige,Winter,2012.0,Casual,Rocia Women Beige Flats,Women Footwear Shoes Heels Beige Winter 2012.0 Casual Rocia Women Beige Flats
23847,23847.jpg,http://assets.myntassets.com/v1/images/style/properties/8b1c19f33a7ab230c7b37aa9e6996f71_images.jpg,Men,Footwear,Shoes,Sports Shoes,White,Fall,2011.0,Sports,ADIDAS Men White Duramo 3 Sports Shoes,Men Footwear Shoes Sports Shoes White Fall 2011.0 Sports ADIDAS Men White Duramo 3 Sports Shoes
48576,48576.jpg,http://assets.myntassets.com/v1/images/style/properties/4ca7b866daa3c0c62dcd4415a70ba01a_images.jpg,Men,Accessories,Jewellery,Bracelet,Steel,Summer,2012.0,Casual,Revv Men Steel Bracelet,Men Accessories Jewellery Bracelet Steel Summer 2012.0 Casual Revv Men Steel Bracelet
9651,9651.jpg,http://assets.myntassets.com/v1/images/style/properties/85a672861b73e66b706c36c53bf17166_images.jpg,Men,Apparel,Topwear,Shirts,Green,Fall,2011.0,Casual,Indigo Nation Men Checks Green Shirts,Men Apparel Topwear Shirts Green Fall 2011.0 Casual Indigo Nation Men Checks Green Shirts
8783,8783.jpg,http://assets.myntassets.com/v1/images/style/properties/c5042fbf31ee45fb5f928c608dc38936_images.jpg,Men,Apparel,Topwear,Shirts,Red,Fall,2011.0,Casual,Indigo Nation Men Bling PC Red Shirt,Men Apparel Topwear Shirts Red Fall 2011.0 Casual Indigo Nation Men Bling PC Red Shirt
4972,4972.jpg,http://assets.myntassets.com/v1/images/style/properties/1444d5d46afd24d8b02cfa41cc402b50_images.jpg,Men,Apparel,Topwear,Shirts,Green,Summer,2011.0,Casual,Gini and Jony Boy's Kangaroo Green White Kidswear,Men Apparel Topwear Shirts Green Summer 2011.0 Casual Gini and Jony Boy's Kangaroo Green White Kidswear
38601,38601.jpg,http://assets.myntassets.com/v1/images/style/properties/3b6ba277e7ff2c5760bd90c3d5c464ac_images.jpg,Men,Apparel,Topwear,Tshirts,Red,Summer,2012.0,Casual,Nike Men Printed Red T-shirt,Men Apparel Topwear Tshirts Red Summer 2012.0 Casual Nike Men Printed Red T-shirt
45269,45269.jpg,http://assets.myntassets.com/assets/images/45269/2018/3/2/11519971005835-Casio-Youth-Digital-Men-Black-Small-Dial-Digital-Watch-I065-W-210-1CVDF-8321519971005729-1.jpg,Men,Accessories,Watches,Watches,Black,Summer,2017.0,Casual,CASIO Youth Series Digital Men Black Small Dial Digital Watch W-210-1CVDF I065,Men Accessories Watches Watches Black Summer 2017.0 Casual CASIO Youth Series Digital Men Black Small Dial Digital Watch W-210-1CVDF I065
11985,11985.jpg,http://assets.myntassets.com/v1/images/style/properties/4bfce78151c396213aa4ce1ad204468b_images.jpg,Men,Footwear,Shoes,Sports Shoes,Black,Fall,2011.0,Sports,Fila Men Glow Black Sports Shoes,Men Footwear Shoes Sports Shoes Black Fall 2011.0 Sports Fila Men Glow Black Sports Shoes
59636,59636.jpg,http://assets.myntassets.com/v1/images/style/properties/FNF-Pink---Green-Collection-For-Wedding-Sari_3ca2c40f68f32302fcc91da027a5ec23_images.jpg,Women,Apparel,Saree,Sarees,Sea Green,Fall,2012.0,Ethnic,FNF Sea Green Collection For Wedding Sari,Women Apparel Saree Sarees Sea Green Fall 2012.0 Ethnic FNF Sea Green Collection For Wedding Sari
15519,15519.jpg,http://assets.myntassets.com/v1/images/style/properties/1d16b7a631810087d206ebcc2af4bcea_images.jpg,Men,Footwear,Flip Flops,Flip Flops,Brown,Fall,2011.0,Casual,Rockport Men Jelba Brown Flip Flops,Men Footwear Flip Flops Flip Flops Brown Fall 2011.0 Casual Rockport Men Jelba Brown Flip Flops
10857,10857.jpg,http://assets.myntassets.com/v1/images/style/properties/0dc1b1d7f865d06c674a7cdd79a0fb02_images.jpg,Men,Apparel,Topwear,Tshirts,White,Fall,2011.0,Casual,Wrangler Men Rider Striper Polo White T-Shirts,Men Apparel Topwear Tshirts White Fall 2011.0 Casual Wrangler Men Rider Striper Polo White T-Shirts
10259,10259.jpg,http://assets.myntassets.com/v1/images/style/properties/f65d3cb6d44062c1d10bbb1fc6662ad6_images.jpg,Men,Apparel,Bottomwear,Trousers,Black,Fall,2011.0,Formal,John Miller Men Reglur Black Trousers,Men Apparel Bottomwear Trousers Black Fall 2011.0 Formal John Miller Men Reglur Black Trousers
53902,53902.jpg,http://assets.myntassets.com/v1/images/style/properties/KIARA-Women-Brown-Handbag_7ea76a5eb5e306eb2139fc4eeb1dd572_images.jpg,Women,Accessories,Bags,Handbags,Brown,Summer,2012.0,Casual,Kiara Women Brown Handbag,Women Accessories Bags Handbags Brown Summer 2012.0 Casual Kiara Women Brown Handbag
38433,38433.jpg,http://assets.myntassets.com/v1/images/style/properties/63db367d013158c0913c1a54006e8318_images.jpg,Women,Accessories,Bags,Mobile Pouch,Green,Summer,2012.0,Casual,Baggit Women Green Mobile Pouch,Women Accessories Bags Mobile Pouch Green Summer 2012.0 Casual Baggit Women Green Mobile Pouch
40529,40529.jpg,http://assets.myntassets.com/v1/images/style/properties/ffc9598b1e94bff82942673c1a3bb641_images.jpg,Women,Accessories,Watches,Watches,White,Winter,2016.0,Casual,Titan Women White Dial Watch,Women Accessories Watches Watches White Winter 2016.0 Casual Titan Women White Dial Watch
59404,59404.jpg,http://assets.myntassets.com/v1/images/style/properties/Tokyo-Talkies-Women-Blue-Top_27a7cfa009105155b58792318967328c_images.jpg,Women,Apparel,Topwear,Tops,Blue,Fall,2012.0,Casual,Tokyo Talkies Women Blue Top,Women Apparel Topwear Tops Blue Fall 2012.0 Casual Tokyo Talkies Women Blue Top
25982,25982.jpg,http://assets.myntassets.com/assets/images/25982/2017/9/16/11505544699779-JDel-Pozo-In-White-Women-Perfume-8581505544700085-1.jpg,Women,Personal Care,Fragrance,Perfume and Body Mist,White,Spring,2017.0,Casual,J. DEL POZO Women In White Perfume 100 ml,Women Personal Care Fragrance Perfume and Body Mist White Spring 2017.0 Casual J. DEL POZO Women In White Perfume 100 ml
44189,44189.jpg,http://assets.myntassets.com/v1/images/style/properties/e3361edd25f563df9fbd726877dd413d_images.jpg,Women,Footwear,Flip Flops,Flip Flops,Pink,Winter,2012.0,Casual,iPanema Women Pink Flip Flops,Women Footwear Flip Flops Flip Flops Pink Winter 2012.0 Casual iPanema Women Pink Flip Flops
24850,24850.jpg,http://assets.myntassets.com/v1/images/style/properties/319fda051993c59afd7733c81f1fe74e_images.jpg,Men,Accessories,Belts,Belts,Brown,Summer,2012.0,Formal,Indigo Nation Men Formal Brown Belts,Men Accessories Belts Belts Brown Summer 2012.0 Formal Indigo Nation Men Formal Brown Belts
23249,23249.jpg,http://assets.myntassets.com/v1/images/style/properties/ae9b19f9e5b20995dd206e0400b2dbce_images.jpg,Men,Footwear,Shoes,Formal Shoes,Black,Fall,2011.0,Formal,Arrow Men Formal Black Shoes,Men Footwear Shoes Formal Shoes Black Fall 2011.0 Formal Arrow Men Formal Black Shoes
18808,18808.jpg,http://assets.myntassets.com/v1/images/style/properties/f738249673da002d005bb3df98aa19ba_images.jpg,Men,Accessories,Belts,Belts,Navy Blue,Summer,2011.0,Casual,Peter England Men Casual Navy Blue Belt,Men Accessories Belts Belts Navy Blue Summer 2011.0 Casual Peter England Men Casual Navy Blue Belt
51669,51669.jpg,http://assets.myntassets.com/v1/image/style/properties/51669/Louis-Philippe-Men-Grey-Sunglasses_1_c75b3dc92d6a6aff6266a8b4aa6b111f.jpg,Men,Accessories,Eyewear,Sunglasses,Silver,Winter,2016.0,Casual,Louis Philippe Men Grey Sunglasses,Men Accessories Eyewear Sunglasses Silver Winter 2016.0 Casual Louis Philippe Men Grey Sunglasses
3965,3965.jpg,http://assets.myntassets.com/v1/images/style/properties/a953166dfe7afbf8aafd557a1136dc46_images.jpg,Women,Apparel,Topwear,Tops,White,Summer,2011.0,Casual,Jealous 21 Women White Sleeveless Top,Women Apparel Topwear Tops White Summer 2011.0 Casual Jealous 21 Women White Sleeveless Top
29773,29773.jpg,http://assets.myntassets.com/v1/images/style/properties/4f71fdaa2c5525b17889355b506f4fcb_images.jpg,Men,Apparel,Topwear,Shirts,Green,Summer,2012.0,Casual,Wrangler Men Green Striped Shirt,Men Apparel Topwear Shirts Green Summer 2012.0 Casual Wrangler Men Green Striped Shirt
48744,48744.jpg,http://assets.myntassets.com/v1/images/style/properties/a4913e2a3323327ef224e634f48a857c_images.jpg,Men,Accessories,Jewellery,Bangle,Steel,Summer,2015.0,Casual,Revv Men Steel Bangle,Men Accessories Jewellery Bangle Steel Summer 2015.0 Casual Revv Men Steel Bangle
17840,17840.jpg,http://assets.myntassets.com/v1/images/style/properties/c481346a8ed1ce44ec54b459af7de08a_images.jpg,Men,Footwear,Shoes,Sports Shoes,Red,Fall,2011.0,Sports,Nike Men Air Quick Handle Red Sports Shoe,Men Footwear Shoes Sports Shoes Red Fall 2011.0 Sports Nike Men Air Quick Handle Red Sports Shoe
9463,9463.jpg,http://assets.myntassets.com/v1/images/style/properties/d072eb974267faa980a5b503b57ffe29_images.jpg,Men,Apparel,Topwear,Shirts,White,Fall,2011.0,Formal,John Miller Men White Shirt,Men Apparel Topwear Shirts White Fall 2011.0 Formal John Miller Men White Shirt
18034,18034.jpg,http://assets.myntassets.com/v1/images/style/properties/24297ac545ea122a3c333be495b7b5cd_images.jpg,Women,Accessories,Bags,Handbags,Beige,Winter,2015.0,Casual,Lino Perros Women Solid Beige Handbag,Women Accessories Bags Handbags Beige Winter 2015.0 Casual Lino Perros Women Solid Beige Handbag
16992,16992.jpg,http://assets.myntassets.com/v1/images/style/properties/cbb9a5395615600720954d56a002755c_images.jpg,Women,Accessories,Belts,Belts,Black,Summer,2011.0,Casual,Puma Women Dizzy  Black Belt,Women Accessories Belts Belts Black Summer 2011.0 Casual Puma Women Dizzy  Black Belt
3159,3159.jpg,http://assets.myntassets.com/v1/images/style/properties/538e095d6e2d1fe70731f5a14c154f2a_images.jpg,Men,Footwear,Shoes,Sports Shoes,White,Fall,2010.0,Sports,Nike Men's Air Max Moto White Blue Shoe,Men Footwear Shoes Sports Shoes White Fall 2010.0 Sports Nike Men's Air Max Moto White Blue Shoe
49696,49696.jpg,http://assets.myntassets.com/v1/images/style/properties/bd05aa349b14554591eae36bb48ac733_images.jpg,Men,Free Items,Free Gifts,Ties,Blue,Summer,2012.0,Formal,Park Avenue Blue Patterned Tie,Men Free Items Free Gifts Ties Blue Summer 2012.0 Formal Park Avenue Blue Patterned Tie
14858,14858.jpg,http://assets.myntassets.com/v1/images/style/properties/a988e2db84a21293fb9597b3a3bc0348_images.jpg,Women,Accessories,Wallets,Wallets,Red,Summer,2011.0,Casual,United Colors of Benetton Women Solid Red Wallets,Women Accessories Wallets Wallets Red Summer 2011.0 Casual United Colors of Benetton Women Solid Red Wallets
33646,33646.jpg,http://assets.myntassets.com/v1/images/style/properties/affe3aa43d16e7d72433a0a2d82cfc9d_images.jpg,Men,Footwear,Sandal,Sandals,Black,Summer,2012.0,Casual,Lotto Men Ridge Black Sandals,Men Footwear Sandal Sandals Black Summer 2012.0 Casual Lotto Men Ridge Black Sandals
57303,57303.jpg,http://assets.myntassets.com/v1/images/style/properties/Rocia-Women-Brown-Sandals_3a40e00dee9152dc562fe36fca7553cc_images.jpg,Women,Footwear,Shoes,Heels,Brown,Winter,2012.0,Casual,Rocia Women Brown Wedges,Women Footwear Shoes Heels Brown Winter 2012.0 Casual Rocia Women Brown Wedges
11516,11516.jpg,http://assets.myntassets.com/v1/images/style/properties/8dfd8801f1cdaa6b3a815f6f97f6dac7_images.jpg,Women,Footwear,Shoes,Heels,Black,Winter,2015.0,Casual,Catwalk Women Lifestyle Black Heels,Women Footwear Shoes Heels Black Winter 2015.0 Casual Catwalk Women Lifestyle Black Heels
41266,41266.jpg,http://assets.myntassets.com/v1/images/style/properties/716d324f6205e0013f19ce90a73cf72e_images.jpg,Men,Accessories,Wallets,Wallets,Brown,Summer,2012.0,Casual,Arrow Men Brown Wallet,Men Accessories Wallets Wallets Brown Summer 2012.0 Casual Arrow Men Brown Wallet
20251,20251.jpg,http://assets.myntassets.com/v1/images/style/properties/2f9629f9059f8124c582c4aca13f64b9_images.jpg,Men,Apparel,Topwear,Tshirts,Grey,Fall,2011.0,Casual,Wrangler Men Heavy Grey Tshirt,Men Apparel Topwear Tshirts Grey Fall 2011.0 Casual Wrangler Men Heavy Grey Tshirt
14064,14064.jpg,http://assets.myntassets.com/v1/images/style/properties/92d24a8ca7434697dd67e7c57bfefade_images.jpg,Men,Apparel,Topwear,Tshirts,Red,Fall,2011.0,Casual,Flying Machine Men Pack of 2 Stripes Red Blue Tshirts,Men Apparel Topwear Tshirts Red Fall 2011.0 Casual Flying Machine Men Pack of 2 Stripes Red Blue Tshirts
44714,44714.jpg,http://assets.myntassets.com/v1/images/style/properties/02d77ac6bf8e51ea28378b0f1bfd7e00_images.jpg,Men,Footwear,Flip Flops,Flip Flops,Maroon,Summer,2012.0,Casual,Lotto Men Maroon Juve Flip Flop,Men Footwear Flip Flops Flip Flops Maroon Summer 2012.0 Casual Lotto Men Maroon Juve Flip Flop
5433,5433.jpg,http://assets.myntassets.com/v1/images/style/properties/d239ef6926e4717a238faba074bb369a_images.jpg,Men,Apparel,Topwear,Tshirts,Red,Summer,2011.0,Casual,Nike Men's Speed Fury Red T-shirt,Men Apparel Topwear Tshirts Red Summer 2011.0 Casual Nike Men's Speed Fury Red T-shirt
52671,52671.jpg,http://assets.myntassets.com/v1/images/style/properties/Morellato-Men-Navy-Blue-Watch_4ad3b02c33059d8b1b19a35669773445_images.jpg,Men,Accessories,Watches,Watches,Navy Blue,Winter,2016.0,Casual,Morellato Men Navy Blue Watch,Men Accessories Watches Watches Navy Blue Winter 2016.0 Casual Morellato Men Navy Blue Watch
59299,59299.jpg,http://assets.myntassets.com/v1/images/style/properties/US-Polo-Assn-Men-Striped-Blue-Shirt_38cb59ca2ee59260900514765132a7e9_images.jpg,Men,Apparel,Topwear,Shirts,Blue,Fall,2012.0,Casual,U.S. Polo Assn. Men Striped Blue Shirt,Men Apparel Topwear Shirts Blue Fall 2012.0 Casual U.S. Polo Assn. Men Striped Blue Shirt
49837,49837.jpg,http://assets.myntassets.com/v1/images/style/properties/7a1e785e8f20a59d8262680cfc1bc808_images.jpg,Women,Footwear,Flip Flops,Flip Flops,Blue,Winter,2012.0,Casual,iPanema Women Blue Flip Flops,Women Footwear Flip Flops Flip Flops Blue Winter 2012.0 Casual iPanema Women Blue Flip Flops
16733,16733.jpg,http://assets.myntassets.com/v1/images/style/properties/c409e1086cf84af1e6f56d7899e762f8_images.jpg,Men,Footwear,Flip Flops,Flip Flops,Black,Fall,2011.0,Casual,Lotto Men Earth Black Slipper,Men Footwear Flip Flops Flip Flops Black Fall 2011.0 Casual Lotto Men Earth Black Slipper
7364,7364.jpg,http://assets.myntassets.com/v1/images/style/properties/e1f82da932e688fe0f59740369c59b97_images.jpg,Men,Footwear,Shoes,Casual Shoes,Brown,Winter,2018.0,Casual,Red Tape Men's Brown casual Shoe,Men Footwear Shoes Casual Shoes Brown Winter 2018.0 Casual Red Tape Men's Brown casual Shoe
34463,34463.jpg,http://assets.myntassets.com/v1/images/style/properties/45f5e0f8c40e5d991b01139350eeb058_images.jpg,Unisex,Accessories,Bags,Backpacks,Black,Summer,2012.0,Casual,ADIDAS Unisex Black Backpack,Unisex Accessories Bags Backpacks Black Summer 2012.0 Casual ADIDAS Unisex Black Backpack
47191,47191.jpg,http://assets.myntassets.com/v1/images/style/properties/81cf8c19e59aa21dd516d55a44f49a35_images.jpg,Men,Footwear,Shoes,Formal Shoes,Black,Summer,2012.0,Formal,Franco Leone Men Black Formal Shoes,Men Footwear Shoes Formal Shoes Black Summer 2012.0 Formal Franco Leone Men Black Formal Shoes
27848,27848.jpg,http://assets.myntassets.com/v1/images/style/properties/Scullers-For-Her-Navy-Blue-T-shirt_56f07e32d99ec5e5474b65264e544103_images.jpg,Women,Apparel,Topwear,Tshirts,Navy Blue,Summer,2012.0,Casual,Scullers For Her Navy Blue T-shirt,Women Apparel Topwear Tshirts Navy Blue Summer 2012.0 Casual Scullers For Her Navy Blue T-shirt
31111,31111.jpg,http://assets.myntassets.com/v1/images/style/properties/50aba4c7dbee879034bee18e8fa647f1_images.jpg,Boys,Apparel,Bottomwear,Jeans,Black,Summer,2012.0,Casual,Gini and Jony Boys Solid Black Jeans,Boys Apparel Bottomwear Jeans Black Summer 2012.0 Casual Gini and Jony Boys Solid Black Jeans
55454,55454.jpg,http://assets.myntassets.com/v1/images/style/properties/Revlon-Velvet-Touch-Royal-Burgundy-Lipstick-96_8364f7651072ddedacc16a8acad52be2_images.jpg,Women,Personal Care,Lips,Lipstick,Burgundy,Spring,2017.0,Casual,Revlon Velvet Touch Royal Burgundy Lipstick 96,Women Personal Care Lips Lipstick Burgundy Spring 2017.0 Casual Revlon Velvet Touch Royal Burgundy Lipstick 96
12393,12393.jpg,http://assets.myntassets.com/v1/images/style/properties/c569d8aaa255bdb321a512effb457855_images.jpg,Men,Accessories,Socks,Socks,Black,Summer,2016.0,Formal,Reid & Taylor Men Solid Black Socks,Men Accessories Socks Socks Black Summer 2016.0 Formal Reid & Taylor Men Solid Black Socks
13241,13241.jpg,http://assets.myntassets.com/v1/images/style/properties/5da23ec8638584a1576b3cd09318390a_images.jpg,Men,Apparel,Topwear,Jackets,White,Fall,2011.0,Casual,Palm Tree Kids Boys Solid White Jackets,Men Apparel Topwear Jackets White Fall 2011.0 Casual Palm Tree Kids Boys Solid White Jackets
54586,54586.jpg,http://assets.myntassets.com/v1/images/style/properties/Sushilas-Women-Printed-Green-Kurta_758e45b2970842513efaae8fdd8a4581_images.jpg,Women,Apparel,Topwear,Kurtas,Green,Summer,2012.0,Ethnic,Sushilas Women Printed Green Kurta,Women Apparel Topwear Kurtas Green Summer 2012.0 Ethnic Sushilas Women Printed Green Kurta
27074,27074.jpg,http://assets.myntassets.com/v1/images/style/properties/1dbabb93c7e0219a6ef095bb9317990b_images.jpg,Women,Footwear,Shoes,Flats,Blue,Winter,2015.0,Casual,Catwalk Women Blue Casual Flats,Women Footwear Shoes Flats Blue Winter 2015.0 Casual Catwalk Women Blue Casual Flats
2616,2616.jpg,http://assets.myntassets.com/v1/images/style/properties/9dc47ec74ce6e5a62d67cbcdbd89898d_images.jpg,Women,Footwear,Shoes,Flats,Gold,Fall,2010.0,Sports,Carlton London Women Gold Wedge Sandal,Women Footwear Shoes Flats Gold Fall 2010.0 Sports Carlton London Women Gold Wedge Sandal
43531,43531.jpg,http://assets.myntassets.com/v1/images/style/properties/b8ce32e91586eb7d256b5da18a8fb5db_images.jpg,Women,Apparel,Topwear,Tops,Off White,Summer,2012.0,Casual,French Connection Women Off White Top,Women Apparel Topwear Tops Off White Summer 2012.0 Casual French Connection Women Off White Top
46271,46271.jpg,http://assets.myntassets.com/v1/images/style/properties/54bf106056279c1e825094366347668d_images.jpg,Women,Apparel,Dress,Dresses,Blue,Summer,2012.0,Casual,109F Blue A-Line Dress,Women Apparel Dress Dresses Blue Summer 2012.0 Casual 109F Blue A-Line Dress
35783,35783.jpg,http://assets.myntassets.com/v1/images/style/properties/4a41f184d3e88f812dc257f20d9e4846_images.jpg,Women,Footwear,Shoes,Heels,Turquoise Blue,Summer,2012.0,Casual,Enroute Women Turquoise Blue Flats,Women Footwear Shoes Heels Turquoise Blue Summer 2012.0 Casual Enroute Women Turquoise Blue Flats
7156,7156.jpg,http://assets.myntassets.com/v1/images/style/properties/c9748ec8d7ce34ecbc57c1a0e3cc28cd_images.jpg,Men,Apparel,Topwear,Shirts,Black,Fall,2011.0,Casual,Scullers Men Black Check Shirt,Men Apparel Topwear Shirts Black Fall 2011.0 Casual Scullers Men Black Check Shirt
22734,22734.jpg,http://assets.myntassets.com/v1/images/style/properties/a76c2bf247061dd389cf6ce4d8212dae_images.jpg,Women,Footwear,Shoes,Sports Shoes,Grey,Fall,2011.0,Sports,Nike Women Grey Lunarglide +3 Sports Shoes,Women Footwear Shoes Sports Shoes Grey Fall 2011.0 Sports Nike Women Grey Lunarglide +3 Sports Shoes
8922,8922.jpg,http://assets.myntassets.com/v1/images/style/properties/9b2e2a73312762930014e7478aead669_images.jpg,Men,Accessories,Belts,Belts,White,Fall,2011.0,Casual,Puma Men Cat  White Belt,Men Accessories Belts Belts White Fall 2011.0 Casual Puma Men Cat  White Belt
16501,16501.jpg,http://assets.myntassets.com/v1/images/style/properties/e8c71bfe20e87920a41403a43c447452_images.jpg,Men,Apparel,Topwear,Tshirts,Brown,Fall,2011.0,Casual,Locomotive Men Printed Brown TShirt,Men Apparel Topwear Tshirts Brown Fall 2011.0 Casual Locomotive Men Printed Brown TShirt
50314,50314.jpg,http://assets.myntassets.com/v1/images/style/properties/d0f66b9950ee0f818f8903b92f627daa_images.jpg,Men,Accessories,Ties,Ties,Brown,Summer,2012.0,Formal,Park Avenue Men Brown Tie,Men Accessories Ties Ties Brown Summer 2012.0 Formal Park Avenue Men Brown Tie
34651,34651.jpg,http://assets.myntassets.com/v1/images/style/properties/36a0eb09cbb983a3b0b1102e24e36391_images.jpg,Women,Footwear,Shoes,Sports Shoes,Black,Fall,2012.0,Sports,Fila Women Top Fuel Black Sports Shoes,Women Footwear Shoes Sports Shoes Black Fall 2012.0 Sports Fila Women Top Fuel Black Sports Shoes
6084,6084.jpg,http://assets.myntassets.com/v1/images/style/properties/ae3130f6a3d40667cf47cccab2431f97_images.jpg,Men,Apparel,Topwear,Tshirts,White,Summer,2011.0,Casual,UCB Men's Johny Collar With Two Tone White T-shirt,Men Apparel Topwear Tshirts White Summer 2011.0 Casual UCB Men's Johny Collar With Two Tone White T-shirt
19549,19549.jpg,http://assets.myntassets.com/v1/images/style/properties/88f26429910914fd8b5e15bce04d6e5f_images.jpg,Men,Apparel,Topwear,Sweatshirts,Grey,Fall,2011.0,Casual,United Colors of Benetton Men Solid Grey Sweatshirt,Men Apparel Topwear Sweatshirts Grey Fall 2011.0 Casual United Colors of Benetton Men Solid Grey Sweatshirt
49239,49239.jpg,http://assets.myntassets.com/v1/images/style/properties/Arrow-Men-White-Cap_aca68ecf9108eb2ee6c6d7d9dc02042a_images.jpg,Men,Accessories,Headwear,Caps,White,Fall,2012.0,Casual,Arrow Men White Cap,Men Accessories Headwear Caps White Fall 2012.0 Casual Arrow Men White Cap
31323,31323.jpg,http://assets.myntassets.com/v1/images/style/properties/a2cce2bf1bf63a510e07a50022f9d2da_images.jpg,Women,Apparel,Topwear,Kurtas,White,Summer,2012.0,Ethnic,Aurelia Women Printed Red Kurta,Women Apparel Topwear Kurtas White Summer 2012.0 Ethnic Aurelia Women Printed Red Kurta
43703,43703.jpg,http://assets.myntassets.com/v1/images/style/properties/9733239e50df24fc8fe9f8b515b72e26_images.jpg,Women,Accessories,Jewellery,Jewellery Set,Red,Summer,2012.0,Casual,Royal Diadem Red Earring & Pendant Set,Women Accessories Jewellery Jewellery Set Red Summer 2012.0 Casual Royal Diadem Red Earring & Pendant Set
13073,13073.jpg,http://assets.myntassets.com/v1/images/style/properties/26e93a4246e479e84c16a0ae547d2158_images.jpg,Men,Footwear,Shoes,Casual Shoes,White,Fall,2012.0,Casual,Numero Uno Men White Shoes,Men Footwear Shoes Casual Shoes White Fall 2012.0 Casual Numero Uno Men White Shoes
57131,57131.jpg,http://assets.myntassets.com/v1/images/style/properties/Elle-Women-Olive-Blue-Top_cd646ee8c25d177b2b5e22791bca5ca8_images.jpg,Women,Apparel,Topwear,Tops,Teal,Summer,2012.0,Casual,Elle Women Teal Top,Women Apparel Topwear Tops Teal Summer 2012.0 Casual Elle Women Teal Top
40186,40186.jpg,http://assets.myntassets.com/v1/images/style/properties/08a4b6bd0ce8b50667afaaded56c4717_images.jpg,Women,Apparel,Topwear,Kurtis,Black,Summer,2012.0,Ethnic,Mumbai Slang Women Pink & Black Kurti,Women Apparel Topwear Kurtis Black Summer 2012.0 Ethnic Mumbai Slang Women Pink & Black Kurti
58945,58945.jpg,http://assets.myntassets.com/v1/images/style/properties/Taylor-of-London-Women-White-Satin-Perfume_2b376d047c836c579b43732bdb4281f0_images.jpg,Women,Personal Care,Fragrance,Perfume and Body Mist,White,Spring,2017.0,Casual,Taylor of London Women White Satin Perfume,Women Personal Care Fragrance Perfume and Body Mist White Spring 2017.0 Casual Taylor of London Women White Satin Perfume
33474,33474.jpg,http://assets.myntassets.com/v1/images/style/properties/7cafa50ded6d7488ffad4f542e03ac10_images.jpg,Women,Accessories,Belts,Belts,Blue,Summer,2012.0,Casual,Baggit Women Chotu Dum Blue Belt,Women Accessories Belts Belts Blue Summer 2012.0 Casual Baggit Women Chotu Dum Blue Belt
59897,59897.jpg,http://assets.myntassets.com/v1/images/style/properties/Femella-Women-Yellow-Dress_3d227e50c7848fd7a20a306189f9039b_images.jpg,Women,Apparel,Dress,Dresses,Yellow,Fall,2012.0,Casual,Femella Women Yellow Dress,Women Apparel Dress Dresses Yellow Fall 2012.0 Casual Femella Women Yellow Dress
11724,11724.jpg,http://assets.myntassets.com/v1/images/style/properties/aa51b226cd0482361144698b06bb2ada_images.jpg,Women,Apparel,Topwear,Shirts,Red,Fall,2011.0,Casual,Lee Women Check Red Shirts,Women Apparel Topwear Shirts Red Fall 2011.0 Casual Lee Women Check Red Shirts
5601,5601.jpg,http://assets.myntassets.com/v1/images/style/properties/31cec799c74c62b9785cc809953ae766_images.jpg,Men,Footwear,Flip Flops,Flip Flops,Brown,Summer,2011.0,Casual,Nike Men's Splash Thong Yellow Black Flip Flop,Men Footwear Flip Flops Flip Flops Brown Summer 2011.0 Casual Nike Men's Splash Thong Yellow Black Flip Flop
20063,20063.jpg,http://assets.myntassets.com/v1/images/style/properties/ced627e0f9bf6a7499a80f9bb4d6957b_images.jpg,Women,Accessories,Mufflers,Mufflers,Black,Fall,2011.0,Casual,United Colors Of Benetton Women Black Muffler,Women Accessories Mufflers Mufflers Black Fall 2011.0 Casual United Colors Of Benetton Women Black Muffler
53591,53591.jpg,http://assets.myntassets.com/v1/images/style/properties/Q-Q-Men-White-Dial-Watch_c1f108a09b69a5333dadd64b8ac5f0eb_images.jpg,Men,Free Items,Free Gifts,Free Gifts,White,Winter,2016.0,Casual,Q&Q Men White Dial Watch,Men Free Items Free Gifts Free Gifts White Winter 2016.0 Casual Q&Q Men White Dial Watch
58179,58179.jpg,http://assets.myntassets.com/v1/images/style/properties/Rocky-S-Women-Navy-Blue-Handbag_4cf929ebebb81d77fd9698020b8a2cc5_images.jpg,Women,Accessories,Bags,Handbags,Blue,Summer,2012.0,Casual,Rocky S Women Blue Handbag,Women Accessories Bags Handbags Blue Summer 2012.0 Casual Rocky S Women Blue Handbag
39972,39972.jpg,http://assets.myntassets.com/v1/images/style/properties/GAS-Men-Casual-Shoes_b877c388a1212f0886ad1cb52e5c03fb_images.jpg,Men,Footwear,Shoes,Casual Shoes,Grey,Summer,2013.0,Casual,GAS Men Grey Campus Casual Shoes,Men Footwear Shoes Casual Shoes Grey Summer 2013.0 Casual GAS Men Grey Campus Casual Shoes
15384,15384.jpg,http://assets.myntassets.com/v1/images/style/properties/16166d165fed7105e5d1ac7c060703c7_images.jpg,Men,Footwear,Flip Flops,Flip Flops,Black,Summer,2013.0,Casual,Filac Men Hawai Black Slippers,Men Footwear Flip Flops Flip Flops Black Summer 2013.0 Casual Filac Men Hawai Black Slippers
52443,52443.jpg,http://assets.myntassets.com/v1/images/style/properties/Red-Rose-White---Green-Nightdress_b9ade01f805fa761f709eda9a04965b9_images.jpg,Women,Apparel,Loungewear and Nightwear,Nightdress,Green,Winter,2015.0,Casual,Red Rose White & Green Nightdress,Women Apparel Loungewear and Nightwear Nightdress Green Winter 2015.0 Casual Red Rose White & Green Nightdress
41868,41868.jpg,http://assets.myntassets.com/v1/images/style/properties/c6ee9c292ad6c05a9f0df2cf33de7dd7_images.jpg,Men,Footwear,Sandal,Sandals,Turquoise Blue,Summer,2015.0,Casual,Estd. 1977 Men Turquoise Blue Sandals,Men Footwear Sandal Sandals Turquoise Blue Summer 2015.0 Casual Estd. 1977 Men Turquoise Blue Sandals
36106,36106.jpg,http://assets.myntassets.com/v1/images/style/properties/849742ec275dd64e43469d1a11f20b1a_images.jpg,Men,Accessories,Wallets,Wallets,Black,Summer,2012.0,Casual,OTLS Men Laurel Black Wallet,Men Accessories Wallets Wallets Black Summer 2012.0 Casual OTLS Men Laurel Black Wallet
23282,23282.jpg,http://assets.myntassets.com/v1/images/style/properties/Maxima-Ssteele-Men-White-Watch00a0ea09f05c09b0d673ed509315d31c_images.jpg,Men,Accessories,Watches,Watches,Off White,Winter,2016.0,Casual,Maxima Men Off White Dial Watch,Men Accessories Watches Watches Off White Winter 2016.0 Casual Maxima Men Off White Dial Watch
34235,34235.jpg,http://assets.myntassets.com/v1/images/style/properties/01e1973738e23caaedbf176245af553f_images.jpg,Men,Apparel,Topwear,Tshirts,Cream,Summer,2013.0,Casual,Proline Men Cream-Coloured Polo T-Shirt,Men Apparel Topwear Tshirts Cream Summer 2013.0 Casual Proline Men Cream-Coloured Polo T-Shirt
46615,46615.jpg,http://assets.myntassets.com/v1/images/style/properties/8c496e85f70eeb3c63e5a68fb1500f55_images.jpg,Women,Footwear,Shoes,Heels,Red,Winter,2012.0,Casual,Catwalk Women Red Flats,Women Footwear Shoes Heels Red Winter 2012.0 Casual Catwalk Women Red Flats
19911,19911.jpg,http://assets.myntassets.com/v1/images/style/properties/Wildcraft-Unisex-Outdoor-Jinx-Grey-Bag_4676a6bac7ccdde9216aa50c23cc4295_images.jpg,Unisex,Accessories,Bags,Messenger Bag,Grey,Winter,2015.0,Casual,Wildcraft Unisex Grey Printed Messenger Bag,Unisex Accessories Bags Messenger Bag Grey Winter 2015.0 Casual Wildcraft Unisex Grey Printed Messenger Bag
7532,7532.jpg,http://assets.myntassets.com/v1/images/style/properties/057cfed92083e985d6dfc6fde95f6299_images.jpg,Men,Apparel,Topwear,Tshirts,Blue,Summer,2011.0,Sports,Nike Men's Encourage Blue T-shirt,Men Apparel Topwear Tshirts Blue Summer 2011.0 Sports Nike Men's Encourage Blue T-shirt
22350,22350.jpg,http://assets.myntassets.com/v1/images/style/properties/246ce1a949142a850ad580a014831782_images.jpg,Men,Apparel,Topwear,Shirts,Blue,Fall,2011.0,Casual,John Players Men Check Blue Shirt,Men Apparel Topwear Shirts Blue Fall 2011.0 Casual John Players Men Check Blue Shirt
16165,16165.jpg,http://assets.myntassets.com/v1/images/style/properties/b3ead7db8f3572f146a7d807742b9f43_images.jpg,Men,Footwear,Shoes,Casual Shoes,Tan,Fall,2011.0,Casual,Enroute Men Leather Brown Casual Shoes,Men Footwear Shoes Casual Shoes Tan Fall 2011.0 Casual Enroute Men Leather Brown Casual Shoes
2040,2040.jpg,http://assets.myntassets.com/v1/images/style/properties/6e2f96d8c460a9c1434e610f7cb6db85_images.jpg,Men,Apparel,Topwear,Tshirts,White,Fall,2010.0,Casual,ADIDAS Mens Fire White Polo T-shirt,Men Apparel Topwear Tshirts White Fall 2010.0 Casual ADIDAS Mens Fire White Polo T-shirt
30695,30695.jpg,http://assets.myntassets.com/v1/images/style/properties/Catwalk-Women-Casual-Brown-Sandals_59455438ca287eef7a3bffc3ee185dae_images.jpg,Women,Footwear,Shoes,Flats,Bronze,Winter,2012.0,Casual,Catwalk Women Bronze toned Sandals,Women Footwear Shoes Flats Bronze Winter 2012.0 Casual Catwalk Women Bronze toned Sandals
43367,43367.jpg,http://assets.myntassets.com/v1/images/style/properties/a15c48c3e83270df6c47a1f3bc40481b_images.jpg,Women,Footwear,Shoes,Flats,Black,Summer,2012.0,Casual,Reebok Women Black Casual Shoes,Women Footwear Shoes Flats Black Summer 2012.0 Casual Reebok Women Black Casual Shoes
13417,13417.jpg,http://assets.myntassets.com/v1/images/style/properties/1e59e6b2262a10894b5a829ca4a8441b_images.jpg,Men,Apparel,Topwear,Shirts,Blue,Summer,2011.0,Casual,United Colors of Benetton Men Solid Blue Shirts,Men Apparel Topwear Shirts Blue Summer 2011.0 Casual United Colors of Benetton Men Solid Blue Shirts
27622,27622.jpg,http://assets.myntassets.com/v1/images/style/properties/79ab8e426bec027b33c9e2ccac1096f1_images.jpg,Men,Apparel,Bottomwear,Trousers,Grey,Summer,2012.0,Casual,Scullers Men Grey Trousers,Men Apparel Bottomwear Trousers Grey Summer 2012.0 Casual Scullers Men Grey Trousers
55202,55202.jpg,http://assets.myntassets.com/assets/images/55202/2018/3/9/11520594836884-Lakme-Lip-Love-Hottie-Lip-Conditioner-511520594836863-1.jpg,Women,Personal Care,Lips,Lip Care,Pink,Spring,2017.0,Casual,Lakme Lip Love Hottie Lip Conditioner,Women Personal Care Lips Lip Care Pink Spring 2017.0 Casual Lakme Lip Love Hottie Lip Conditioner
3192,3192.jpg,http://assets.myntassets.com/v1/images/style/properties/395338ce9a4515b36e7b8c4a9c80546e_images.jpg,Men,Apparel,Topwear,Tshirts,Black,Summer,2011.0,Casual,Tantra Men's Prism Black T-shirt,Men Apparel Topwear Tshirts Black Summer 2011.0 Casual Tantra Men's Prism Black T-shirt
16959,16959.jpg,http://assets.myntassets.com/v1/images/style/properties/Image-Women-Classic-Eyewear-Brown-Sunglasses0c783ed9ff99d9e979cd2691a80fbda2_images.jpg,Women,Accessories,Eyewear,Sunglasses,Brown,Winter,2016.0,Casual,Image Women Classic Eyewear Brown Sunglasses,Women Accessories Eyewear Sunglasses Brown Winter 2016.0 Casual Image Women Classic Eyewear Brown Sunglasses
11340,11340.jpg,http://assets.myntassets.com/v1/images/style/properties/Lee-Men-Blue-Chicago-Fit-Jeans_856f3829ad838d43c45db753f5479abd_images.jpg,Men,Apparel,Bottomwear,Jeans,Blue,Summer,2017.0,Casual,Lee Men Blue Chicago Fit Jeans,Men Apparel Bottomwear Jeans Blue Summer 2017.0 Casual Lee Men Blue Chicago Fit Jeans
25175,25175.jpg,http://assets.myntassets.com/v1/images/style/properties/Lino-Perros-Women-Red-and-Grey-Handbagf5ea0760a0dbbb9a5e17c24aeacf70ba_images.jpg,Women,Accessories,Bags,Handbags,Red,Winter,2015.0,Casual,Lino Perros Women Red and Grey Handbag,Women Accessories Bags Handbags Red Winter 2015.0 Casual Lino Perros Women Red and Grey Handbag
10292,10292.jpg,http://assets.myntassets.com/v1/images/style/properties/Clarks-Women-Dolphin-Splash-Leather-Silver-Sandals_e55a6fa02cca3f6b6f3fa750619911d4_images.jpg,Women,Footwear,Shoes,Heels,Brown,Summer,2015.0,Casual,Clarks Women Brown Leather Heels,Women Footwear Shoes Heels Brown Summer 2015.0 Casual Clarks Women Brown Leather Heels
57555,57555.jpg,http://assets.myntassets.com/v1/images/style/properties/Lotus-Herbals-SPF-10-Tulip-Love-Lipstick-417_2ac58db59be96dc1ad1241be06c8bc01_images.jpg,Women,Personal Care,Lips,Lipstick,Pink,Spring,2017.0,,Lotus Herbals SPF-10 Tulip Love Lipstick 417,Women Personal Care Lips Lipstick Pink Spring 2017.0  Lotus Herbals SPF-10 Tulip Love Lipstick 417
52027,52027.jpg,http://assets.myntassets.com/v1/images/style/properties/c81654aaf3e8650d5c6a99e99e4b5a31_images.jpg,Unisex,Apparel,Topwear,Rain Jacket,Navy Blue,Summer,2012.0,,Just Natural Unisex Navy Blue Rain Jacket,Unisex Apparel Topwear Rain Jacket Navy Blue Summer 2012.0  Just Natural Unisex Navy Blue Rain Jacket
36562,36562.jpg,http://assets.myntassets.com/v1/images/style/properties/101d946073e86e8d42167719bab88431_images.jpg,Men,Apparel,Topwear,Tshirts,White,Summer,2012.0,Casual,Jack & Jones Men Dino White T-shirt,Men Apparel Topwear Tshirts White Summer 2012.0 Casual Jack & Jones Men Dino White T-shirt
25949,25949.jpg,http://assets.myntassets.com/v1/images/style/properties/50d3500215aaa4bc0ecb0e73210164ac_images.jpg,Women,Accessories,Scarves,Scarves,Brown,Summer,2012.0,Casual,Femella Women Printed Brown Scarf,Women Accessories Scarves Scarves Brown Summer 2012.0 Casual Femella Women Printed Brown Scarf
44142,44142.jpg,http://assets.myntassets.com/v1/images/style/properties/6c699af50a17c1f8a53d15430aab37a9_images.jpg,Men,Personal Care,Fragrance,Perfume and Body Mist,Green,Spring,2017.0,Casual,dunhill Men Fresh Perfume,Men Personal Care Fragrance Perfume and Body Mist Green Spring 2017.0 Casual dunhill Men Fresh Perfume
5265,5265.jpg,http://assets.myntassets.com/v1/images/style/properties/7469a0472f0e65203b2592bf320f6ca8_images.jpg,Unisex,Accessories,Bags,Messenger Bag,Black,Winter,2015.0,Casual,Wildcraft Unisex Black & Red Messenger Bag,Unisex Accessories Bags Messenger Bag Black Winter 2015.0 Casual Wildcraft Unisex Black & Red Messenger Bag
14632,14632.jpg,http://assets.myntassets.com/v1/images/style/properties/1c8e6ac033e34bf7c7d3982eb7f600aa_images.jpg,Men,Accessories,Mufflers,Mufflers,Green,Fall,2011.0,Casual,United Colors of Benetton Men Solid Green Mufflers,Men Accessories Mufflers Mufflers Green Fall 2011.0 Casual United Colors of Benetton Men Solid Green Mufflers
11172,11172.jpg,http://assets.myntassets.com/v1/images/style/properties/828535680403d13467099717c3de65e6_images.jpg,Men,Apparel,Topwear,Sweaters,Red,Fall,2011.0,Casual,Scullers Men Stripes Red Sweaters,Men Apparel Topwear Sweaters Red Fall 2011.0 Casual Scullers Men Stripes Red Sweaters
25347,25347.jpg,http://assets.myntassets.com/v1/images/style/properties/43c774b6529da5b6629cb54cd3d7d772_images.jpg,Men,Apparel,Innerwear,Briefs,White,Summer,2016.0,Casual,Levi's Men White Brief,Men Apparel Innerwear Briefs White Summer 2016.0 Casual Levi's Men White Brief
39718,39718.jpg,http://assets.myntassets.com/v1/images/style/properties/7c0191d27f3ddd42d63da600b164f551_images.jpg,Women,Apparel,Topwear,Tops,Beige,Summer,2012.0,Casual,Arrow Woman Beige Top,Women Apparel Topwear Tops Beige Summer 2012.0 Casual Arrow Woman Beige Top
41602,41602.jpg,http://assets.myntassets.com/v1/images/style/properties/0d64b8d2f706987c853a3f223705c91a_images.jpg,Men,Apparel,Topwear,Shirts,Navy Blue,Summer,2012.0,Casual,Basics Men Navy Shirt,Men Apparel Topwear Shirts Navy Blue Summer 2012.0 Casual Basics Men Navy Shirt
33222,33222.jpg,http://assets.myntassets.com/v1/images/style/properties/70bd637a60298d4ba5b448841f21858a_images.jpg,Women,Apparel,Topwear,Tunics,Brown,Summer,2012.0,Casual,Sepia Women Brown Tunic,Women Apparel Topwear Tunics Brown Summer 2012.0 Casual Sepia Women Brown Tunic
24295,24295.jpg,http://assets.myntassets.com/v1/images/style/properties/Quiksilver-Men-Black-Socksaba098a8187f845c6912e90b5d7bca29_images.jpg,Men,Accessories,Socks,Socks,Black,Summer,2016.0,Casual,Quiksilver Men Black Socks,Men Accessories Socks Socks Black Summer 2016.0 Casual Quiksilver Men Black Socks
57767,57767.jpg,http://assets.myntassets.com/v1/images/style/properties/Lotus-Herbals-Whiteglow-Skin-Whitening---Brightening-Masque_f74fe710ac627cda099dc0ed533bea68_images.jpg,Women,Personal Care,Skin,Face Moisturisers,White,Spring,2017.0,,Lotus Herbals Whiteglow Yogurt Skin Whitening & Brightening Face Masque 80 g,Women Personal Care Skin Face Moisturisers White Spring 2017.0  Lotus Herbals Whiteglow Yogurt Skin Whitening & Brightening Face Masque 80 g
36750,36750.jpg,http://assets.myntassets.com/v1/images/style/properties/0d3b2725d327a275c52c6f999e3982eb_images.jpg,Girls,Apparel,Dress,Dresses,Navy Blue,Summer,2012.0,Casual,Little Miss Girls Chatterbox Navy Blue Dress,Girls Apparel Dress Dresses Navy Blue Summer 2012.0 Casual Little Miss Girls Chatterbox Navy Blue Dress
37682,37682.jpg,http://assets.myntassets.com/v1/images/style/properties/d31f6013e972ceea6d6e3b234bad5bc4_images.jpg,Unisex,Accessories,Bags,Backpacks,Black,Summer,2012.0,Casual,American Tourister Unisex Black Backpack,Unisex Accessories Bags Backpacks Black Summer 2012.0 Casual American Tourister Unisex Black Backpack
34007,34007.jpg,http://assets.myntassets.com/v1/images/style/properties/6e0a7cc4e1d472f99d820275fe5f7679_images.jpg,Girls,Apparel,Topwear,Tops,Pink,Summer,2012.0,Casual,Gini and Jony Girls Pink Top,Girls Apparel Topwear Tops Pink Summer 2012.0 Casual Gini and Jony Girls Pink Top
50542,50542.jpg,http://assets.myntassets.com/v1/images/style/properties/d1e1def60617f1be6db22f46ceb4f02f_images.jpg,Men,Apparel,Innerwear,Briefs,Red,Summer,2016.0,Casual,Chromozome Men Red Briefs,Men Apparel Innerwear Briefs Red Summer 2016.0 Casual Chromozome Men Red Briefs
17285,17285.jpg,http://assets.myntassets.com/v1/images/style/properties/55878488c3dc46bc4407a383fea649ba_images.jpg,Men,Apparel,Topwear,Tshirts,Black,Fall,2011.0,Casual,U.S. Polo Assn. Men Solid Black  polo Tshirt,Men Apparel Topwear Tshirts Black Fall 2011.0 Casual U.S. Polo Assn. Men Solid Black  polo Tshirt
43969,43969.jpg,http://assets.myntassets.com/v1/images/style/properties/ff21c637f3896c771120bfb584e892e8_images.jpg,Women,Personal Care,Fragrance,Perfume and Body Mist,Black,Spring,2017.0,Casual,DKNY Women Delicious Night Perfume,Women Personal Care Fragrance Perfume and Body Mist Black Spring 2017.0 Casual DKNY Women Delicious Night Perfume
28458,28458.jpg,http://assets.myntassets.com/v1/images/style/properties/2602e7d55d1b5f690c7baedfbc98a219_images.jpg,Women,Apparel,Bottomwear,Capris,Blue,Summer,2012.0,Sports,Urban Yoga Women Blue Capris,Women Apparel Bottomwear Capris Blue Summer 2012.0 Sports Urban Yoga Women Blue Capris
22162,22162.jpg,http://assets.myntassets.com/v1/images/style/properties/5863961b3510970c2e31d466af69b32b_images.jpg,Men,Footwear,Shoes,Casual Shoes,Black,Summer,2011.0,Casual,Timberland Men Black Casual Shoes,Men Footwear Shoes Casual Shoes Black Summer 2011.0 Casual Timberland Men Black Casual Shoes
16357,16357.jpg,http://assets.myntassets.com/v1/images/style/properties/0dd6ba06c25eebe46eb03ce2761a28d0_images.jpg,Men,Apparel,Topwear,Shirts,Blue,Fall,2011.0,Formal,Peter England Men Stripes Blue Shirt,Men Apparel Topwear Shirts Blue Fall 2011.0 Formal Peter England Men Stripes Blue Shirt
46427,46427.jpg,http://assets.myntassets.com/v1/image/style/properties/46427/Timex-Men-Black-Dial-Watch_1_321fd855dc392831a8d6ec2cb66480b5.jpg,Men,Accessories,Watches,Watches,Black,Winter,2016.0,Casual,Timex Men Black Dial Watch,Men Accessories Watches Watches Black Winter 2016.0 Casual Timex Men Black Dial Watch
7700,7700.jpg,http://assets.myntassets.com/v1/images/style/properties/fabf230ba43bdd949ef5b6f97c1d7bcf_images.jpg,Women,Apparel,Topwear,Tops,Pink,Fall,2011.0,Casual,Jealous 21 Women's All Girls Dying Jealousy Pink Top,Women Apparel Topwear Tops Pink Fall 2011.0 Casual Jealous 21 Women's All Girls Dying Jealousy Pink Top
27410,27410.jpg,http://assets.myntassets.com/assets/images/27410/2017/5/19/11495196866345-Jockey-Women-Black-Lounge-Pants-3791495196865830-1.jpg,Women,Apparel,Loungewear and Nightwear,Lounge Pants,Multi,Summer,2018.0,Casual,Jockey Women Assorted Lounge Pants,Women Apparel Loungewear and Nightwear Lounge Pants Multi Summer 2018.0 Casual Jockey Women Assorted Lounge Pants
2272,2272.jpg,http://assets.myntassets.com/v1/images/style/properties/eaa9d93a50dc42462c0a04f1ee91e902_images.jpg,Men,Apparel,Topwear,Tshirts,Blue,Fall,2010.0,Sports,Nike Mens Blue Polo T-shirt,Men Apparel Topwear Tshirts Blue Fall 2010.0 Sports Nike Mens Blue Polo T-shirt
43155,43155.jpg,http://assets.myntassets.com/v1/images/style/properties/ff21386b92beb15aa045f876229a93ca_images.jpg,Women,Accessories,Watches,Watches,Black,Winter,2016.0,Casual,Fastrack Women Black Dial Watch,Women Accessories Watches Watches Black Winter 2016.0 Casual Fastrack Women Black Dial Watch
42087,42087.jpg,http://assets.myntassets.com/v1/images/style/properties/37fafc79943235067c410fe05217e8d3_images.jpg,Men,Footwear,Shoes,Sports Shoes,White,Summer,2012.0,Sports,ADIDAS Men White Aztek Shoes,Men Footwear Shoes Sports Shoes White Summer 2012.0 Sports ADIDAS Men White Aztek Shoes
8748,8748.jpg,http://assets.myntassets.com/v1/images/style/properties/13c635046e4e8b95b9212531166af8a4_images.jpg,Men,Apparel,Topwear,Shirts,Orange,Fall,2011.0,Casual,Indigo Nation Men Plain Orange Shirts,Men Apparel Topwear Shirts Orange Fall 2011.0 Casual Indigo Nation Men Plain Orange Shirts
55030,55030.jpg,http://assets.myntassets.com/v1/images/style/properties/Lakme-Absolute-Matte-Milan-Red-Lipstick-48_5f1e1f73197b7e9b11428797854762bb_images.jpg,Women,Personal Care,Lips,Lipstick,Red,Spring,2017.0,Casual,Lakme Absolute Matte Milan Red Lipstick 48,Women Personal Care Lips Lipstick Red Spring 2017.0 Casual Lakme Absolute Matte Milan Red Lipstick 48
17043,17043.jpg,http://assets.myntassets.com/v1/images/style/properties/525f30ac2bcf55f1da135dcc70a1c296_images.jpg,Men,Footwear,Shoes,Casual Shoes,Black,Summer,2013.0,Casual,Gas Men Skate 003 Casual Shoe,Men Footwear Shoes Casual Shoes Black Summer 2013.0 Casual Gas Men Skate 003 Casual Shoe
50784,50784.jpg,http://assets.myntassets.com/v1/images/style/properties/Clarks-Women-Cream-Coloured-Onslow-Beat-Leather-Wedges_d54ef67b1f4c7d4098230de69bc07b16_images.jpg,Women,Footwear,Shoes,Heels,Cream,Fall,2013.0,Casual,Clarks Women Cream Coloured Onslow Beat Leather Wedges,Women Footwear Shoes Heels Cream Fall 2013.0 Casual Clarks Women Cream Coloured Onslow Beat Leather Wedges
2888,2888.jpg,http://assets.myntassets.com/v1/images/style/properties/099e8242ba7479b2eca56824293bbfb2_images.jpg,Women,Footwear,Shoes,Heels,Brown,Winter,2015.0,Casual,Catwalk Women Wedding Heeled Bronze Heels,Women Footwear Shoes Heels Brown Winter 2015.0 Casual Catwalk Women Wedding Heeled Bronze Heels
23276,23276.jpg,http://assets.myntassets.com/v1/images/style/properties/Maxima-Ssteele-Men-Black-Watchd181fc8f59baedd6809298d2ab24b04e_images.jpg,Men,Accessories,Watches,Watches,Black,Winter,2016.0,Casual,Maxima Ssteele Men Black Watch,Men Accessories Watches Watches Black Winter 2016.0 Casual Maxima Ssteele Men Black Watch
6414,6414.jpg,http://assets.myntassets.com/v1/images/style/properties/b2f98fd8aeb72ad2dd8b76cd7468bc55_images.jpg,Men,Footwear,Flip Flops,Flip Flops,Grey,Summer,2011.0,Casual,Lotto Men's Thong Blue White Flip Flop,Men Footwear Flip Flops Flip Flops Grey Summer 2011.0 Casual Lotto Men's Thong Blue White Flip Flop
18837,18837.jpg,http://assets.myntassets.com/v1/images/style/properties/8a3eec8f2f75243d5a3cc9913d72160b_images.jpg,Men,Accessories,Belts,Belts,Brown,Summer,2011.0,Formal,Peter England Men Formal Brown Belt,Men Accessories Belts Belts Brown Summer 2011.0 Formal Peter England Men Formal Brown Belt
35313,35313.jpg,http://assets.myntassets.com/v1/images/style/properties/5ee4cbb5ba455589fad45bd33fb24914_images.jpg,Women,Accessories,Jewellery,Earrings,Silver,Winter,2016.0,Ethnic,Fabindia Women Anusuya Silver Earrings,Women Accessories Jewellery Earrings Silver Winter 2016.0 Ethnic Fabindia Women Anusuya Silver Earrings
51656,51656.jpg,http://assets.myntassets.com/v1/images/style/properties/75d5c3d2cc8fa481623002c9ca350ab7_images.jpg,Men,Accessories,Watches,Watches,Black,Winter,2016.0,Casual,Fossil Men Black Dial Chronograph Watch CH2737,Men Accessories Watches Watches Black Winter 2016.0 Casual Fossil Men Black Dial Chronograph Watch CH2737
16191,16191.jpg,http://assets.myntassets.com/v1/images/style/properties/9a3d773e0dfe93df5b2109c512b3f7b1_images.jpg,Men,Apparel,Topwear,Tshirts,White,Fall,2011.0,Casual,Puma Men Graphic White TShirt,Men Apparel Topwear Tshirts White Fall 2011.0 Casual Puma Men Graphic White TShirt
30661,30661.jpg,http://assets.myntassets.com/v1/images/style/properties/cbd13ec681d0898d4a6e43402c05f2b9_images.jpg,Men,Accessories,Eyewear,Sunglasses,Black,Winter,2016.0,Casual,Park Avenue Men Black Sunglasses,Men Accessories Eyewear Sunglasses Black Winter 2016.0 Casual Park Avenue Men Black Sunglasses
43393,43393.jpg,http://assets.myntassets.com/v1/images/style/properties/29c15deaf99c9a3a6a4e9aaa583a179b_images.jpg,Men,Accessories,Wallets,Wallets,Brown,Summer,2012.0,Casual,Lino Perros Men Brown Wallet,Men Accessories Wallets Wallets Brown Summer 2012.0 Casual Lino Perros Men Brown Wallet
26704,26704.jpg,http://assets.myntassets.com/v1/images/style/properties/c0a8afcb96adb60a55fcb4748bd21364_images.jpg,Men,Footwear,Shoes,Sports Shoes,White,Fall,2011.0,Sports,Nike Men White T-Lite 9 SL Shoes,Men Footwear Shoes Sports Shoes White Fall 2011.0 Sports Nike Men White T-Lite 9 SL Shoes
12531,12531.jpg,http://assets.myntassets.com/v1/images/style/properties/7c6e7824bf89b87b28d1e400d6483590_images.jpg,Women,Apparel,Topwear,Sweatshirts,Pink,Fall,2011.0,Casual,Puma Women Solid Pink Sweatshirts,Women Apparel Topwear Sweatshirts Pink Fall 2011.0 Casual Puma Women Solid Pink Sweatshirts
42241,42241.jpg,http://assets.myntassets.com/v1/images/style/properties/0c065355d66e08df89726a61a839a248_images.jpg,Women,Apparel,Topwear,Tops,Purple,Summer,2012.0,Casual,Sepia Women Purple Top,Women Apparel Topwear Tops Purple Summer 2012.0 Casual Sepia Women Purple Top
56473,56473.jpg,http://assets.myntassets.com/v1/images/style/properties/Streetwear-Grape-Shimmer-Nail-Polish-41_71c69c1dcc449035a7325aa960060466_images.jpg,Women,Personal Care,Nails,Nail Polish,Purple,Spring,2017.0,Casual,Streetwear Grape Shimmer Nail Polish 41,Women Personal Care Nails Nail Polish Purple Spring 2017.0 Casual Streetwear Grape Shimmer Nail Polish 41
25181,25181.jpg,http://assets.myntassets.com/v1/images/style/properties/Lino-Perros-Women-Leatherite-Brown-Handbag73bdaddb7f8433001c35385c2237060f_images.jpg,Women,Accessories,Bags,Handbags,Brown,Winter,2015.0,Casual,Lino Perros Women Leatherite Brown Handbag,Women Accessories Bags Handbags Brown Winter 2015.0 Casual Lino Perros Women Leatherite Brown Handbag
24053,24053.jpg,http://assets.myntassets.com/v1/images/style/properties/4eb872956e1b8d1387fe0f454a4bec7f_images.jpg,Men,Apparel,Topwear,Tshirts,Charcoal,Fall,2011.0,Casual,Locomotive Men Printed Charcoal T-shirt,Men Apparel Topwear Tshirts Charcoal Fall 2011.0 Casual Locomotive Men Printed Charcoal T-shirt
10266,10266.jpg,http://assets.myntassets.com/v1/images/style/properties/4269a355e474308b6e0f174cf6a9f6f0_images.jpg,Men,Footwear,Shoes,Casual Shoes,Brown,Fall,2011.0,Casual,Clarks Men Goto Hi Cola Suede Brown Shoes,Men Footwear Shoes Casual Shoes Brown Fall 2011.0 Casual Clarks Men Goto Hi Cola Suede Brown Shoes
40516,40516.jpg,http://assets.myntassets.com/v1/images/style/properties/784c5fc69221fa797570f1a3602c5bc3_images.jpg,Men,Accessories,Watches,Watches,White,Winter,2016.0,Casual,Titan Men White Dial Watch,Men Accessories Watches Watches White Winter 2016.0 Casual Titan Men White Dial Watch
15714,15714.jpg,http://assets.myntassets.com/v1/images/style/properties/45e5d30d4486c3569cb89dab80ed0c66_images.jpg,Men,Footwear,Shoes,Sports Shoes,Black,Fall,2011.0,Sports,Nike Men Free Run+ 2 Black Sports Shoes,Men Footwear Shoes Sports Shoes Black Fall 2011.0 Sports Nike Men Free Run+ 2 Black Sports Shoes
21521,21521.jpg,http://assets.myntassets.com/v1/images/style/properties/445fcfca58cd02edab12ea78d4e561fd_images.jpg,Women,Accessories,Bags,Handbags,Pink,Winter,2015.0,Casual,Kiara Women Rose Pink Handbag,Women Accessories Bags Handbags Pink Winter 2015.0 Casual Kiara Women Rose Pink Handbag
4343,4343.jpg,http://assets.myntassets.com/v1/images/style/properties/6c47906c4ede8ac1c9142bdba8e6fd63_images.jpg,Men,Footwear,Shoes,Casual Shoes,Red,Summer,2011.0,Casual,Fila Men Leonard Red Shoes,Men Footwear Shoes Casual Shoes Red Summer 2011.0 Casual Fila Men Leonard Red Shoes
5291,5291.jpg,http://assets.myntassets.com/v1/images/style/properties/f9e6c0170eadb83b2f0c082b457548a2_images.jpg,Men,Footwear,Shoes,Formal Shoes,Black,Summer,2011.0,Formal,Lee Cooper Men Black Semi Formal Shoe,Men Footwear Shoes Formal Shoes Black Summer 2011.0 Formal Lee Cooper Men Black Semi Formal Shoe
53101,53101.jpg,http://assets.myntassets.com/v1/images/style/properties/Fabindia-Silver-Earrings_1b13befaf4eb280de962dbe82b3e630a_images.jpg,Women,Accessories,Jewellery,Earrings,Silver,Winter,2016.0,Casual,Fabindia Silver Drop Earrings,Women Accessories Jewellery Earrings Silver Winter 2016.0 Casual Fabindia Silver Drop Earrings
32304,32304.jpg,http://assets.myntassets.com/v1/images/style/properties/Q-Q-Women-White-Dial-Watch_0cecd11e3c157ea36fcd2ea525d5496c_images.jpg,Women,Accessories,Watches,Watches,White,Winter,2016.0,Casual,Q&Q Women White Dial Watch,Women Accessories Watches Watches White Winter 2016.0 Casual Q&Q Women White Dial Watch
57793,57793.jpg,http://assets.myntassets.com/assets/images/57793/2018/4/27/11524809214196-Lotus-Herbals-Natural-Blend-Botanical-Compact-550-2491524809214143-1.jpg,Women,Personal Care,Makeup,Compact,Skin,Spring,2017.0,,Lotus Herbals Natural Blend Botanical Compact 550,Women Personal Care Makeup Compact Skin Spring 2017.0  Lotus Herbals Natural Blend Botanical Compact 550
10054,10054.jpg,http://assets.myntassets.com/v1/images/style/properties/dd87d19692f01880e34a6cf2b0bd9b22_images.jpg,Boys,Apparel,Topwear,Tshirts,Blue,Summer,2011.0,Sports,Reebok Kids Kkr Boy's Premium Blue Jerseys,Boys Apparel Topwear Tshirts Blue Summer 2011.0 Sports Reebok Kids Kkr Boy's Premium Blue Jerseys
4171,4171.jpg,http://assets.myntassets.com/v1/images/style/properties/461d2320504d9d9f1cbe2ebfd6ac7aae_images.jpg,Men,Footwear,Shoes,Sports Shoes,White,Summer,2011.0,Sports,Reebok Men's Easytone Inspire White Shoe,Men Footwear Shoes Sports Shoes White Summer 2011.0 Sports Reebok Men's Easytone Inspire White Shoe
45256,45256.jpg,http://assets.myntassets.com/assets/images/45256/2018/3/5/11520250788394-CASIO-Edifice-Men-Black-Dial-Watch-ED419-7241520250788213-1.jpg,Men,Accessories,Watches,Watches,Black,Winter,2016.0,Casual,Casio Edifice Men Analog Watch EF-130D-1A5VDF(ED419),Men Accessories Watches Watches Black Winter 2016.0 Casual Casio Edifice Men Analog Watch EF-130D-1A5VDF(ED419)
59609,59609.jpg,http://assets.myntassets.com/v1/images/style/properties/FNF-Khaki-Collection-for-Wedding-Sari_e65b3b145f4c03f0104f8bbe17eadbd3_images.jpg,Women,Apparel,Saree,Sarees,Khaki,Fall,2012.0,Ethnic,FNF Khaki Collection for Wedding Sari,Women Apparel Saree Sarees Khaki Fall 2012.0 Ethnic FNF Khaki Collection for Wedding Sari
15526,15526.jpg,http://assets.myntassets.com/v1/images/style/properties/206ca2bfdecb0cefc8785c43697feda1_images.jpg,Women,Footwear,Shoes,Heels,Brown,Fall,2011.0,Casual,Rockport Women Jeanie Oneband Brown Flats,Women Footwear Shoes Heels Brown Fall 2011.0 Casual Rockport Women Jeanie Oneband Brown Flats
21713,21713.jpg,http://assets.myntassets.com/v1/images/style/properties/35c54f3458b165f0a4d56996f4b17299_images.jpg,Men,Accessories,Watches,Watches,Blue,Winter,2016.0,Casual,Fossil Men Blue Dial Chronograph Watch CH2752,Men Accessories Watches Watches Blue Winter 2016.0 Casual Fossil Men Blue Dial Chronograph Watch CH2752
44384,44384.jpg,http://assets.myntassets.com/v1/images/style/properties/45d19055b3ec74a52a05ff1b687f2b4b_images.jpg,Women,Personal Care,Fragrance,Deodorant,White,Spring,2017.0,Casual,Spinz Women Enchante Deo,Women Personal Care Fragrance Deodorant White Spring 2017.0 Casual Spinz Women Enchante Deo
37676,37676.jpg,http://assets.myntassets.com/v1/images/style/properties/American-Tourister-Unisex-Black-Sling-Bag_9905935744e838263122a844a321d091_images.jpg,Unisex,Accessories,Bags,Backpacks,Black,Winter,2012.0,Casual,American Tourister Unisex Black Backpack,Unisex Accessories Bags Backpacks Black Winter 2012.0 Casual American Tourister Unisex Black Backpack
6626,6626.jpg,http://assets.myntassets.com/v1/images/style/properties/b8d8c3d8ce77c3ffbeac1bd5ab06b450_images.jpg,Men,Footwear,Shoes,Sports Shoes,Blue,Summer,2011.0,Sports,ADIDAS Men's Canon Dialect Blue Yellow Shoe,Men Footwear Shoes Sports Shoes Blue Summer 2011.0 Sports ADIDAS Men's Canon Dialect Blue Yellow Shoe
47501,47501.jpg,http://assets.myntassets.com/v1/images/style/properties/c10c4d27a1dfa714ac4ba401b38fcd88_images.jpg,Unisex,Footwear,Shoes,Casual Shoes,Red,Fall,2012.0,Casual,Footfun Kids Unisex Red Shoes,Unisex Footwear Shoes Casual Shoes Red Fall 2012.0 Casual Footfun Kids Unisex Red Shoes
17271,17271.jpg,http://assets.myntassets.com/v1/images/style/properties/eaf2af327ae5b0fbd2d32a234201ebc3_images.jpg,Men,Apparel,Topwear,Tshirts,Grey,Fall,2011.0,Casual,U.S. Polo Assn. Men Stripes DK.Grey Polo Tshirt,Men Apparel Topwear Tshirts Grey Fall 2011.0 Casual U.S. Polo Assn. Men Stripes DK.Grey Polo Tshirt
23044,23044.jpg,http://assets.myntassets.com/v1/images/style/properties/4e6ea0b454b89dda95e775e6008028ba_images.jpg,Women,Apparel,Bottomwear,Leggings,Brown,Fall,2011.0,Casual,Arrow Woman Brown Jeggings,Women Apparel Bottomwear Leggings Brown Fall 2011.0 Casual Arrow Woman Brown Jeggings
22196,22196.jpg,http://assets.myntassets.com/v1/images/style/properties/13b63be853066689953a150fe1986bba_images.jpg,Men,Footwear,Shoes,Casual Shoes,Black,Fall,2012.0,Casual,Timberland Men Black Casual Shoes,Men Footwear Shoes Casual Shoes Black Fall 2012.0 Casual Timberland Men Black Casual Shoes
51464,51464.jpg,http://assets.myntassets.com/v1/images/style/properties/bbfe4e065fd17070416c4abce9166f75_images.jpg,Women,Apparel,Topwear,Tops,Olive,Summer,2012.0,Casual,Tonga Women Olive Top,Women Apparel Topwear Tops Olive Summer 2012.0 Casual Tonga Women Olive Top
54116,54116.jpg,http://assets.myntassets.com/v1/images/style/properties/6cf3168e7917dac9509f4a01ab3ad86d_images.jpg,Women,Footwear,Shoes,Heels,Maroon,Winter,2012.0,Casual,Rocia Women Maroon Sandals,Women Footwear Shoes Heels Maroon Winter 2012.0 Casual Rocia Women Maroon Sandals
30453,30453.jpg,http://assets.myntassets.com/v1/images/style/properties/98a0a57a35f52206b545d0d06a80f2f7_images.jpg,Men,Apparel,Bottomwear,Jeans,White,Summer,2012.0,Casual,Deni Yo Men White Jeans,Men Apparel Bottomwear Jeans White Summer 2012.0 Casual Deni Yo Men White Jeans
2286,2286.jpg,http://assets.myntassets.com/v1/images/style/properties/b9c1dec897aef4542fe47e98c7c9bd1f_images.jpg,Men,Apparel,Topwear,Sweatshirts,Black,Fall,2010.0,Sports,Nike Men Black Sweatshirt,Men Apparel Topwear Sweatshirts Black Fall 2010.0 Sports Nike Men Black Sweatshirt
23878,23878.jpg,http://assets.myntassets.com/v1/images/style/properties/Fila-Women-Sleeker-Green-Check-Casual-Shoes_e76128696b560d502836137def0216a4_images.jpg,Women,Footwear,Shoes,Casual Shoes,Green,Summer,2012.0,Casual,Fila Women Sleeker Green Check Casual Shoes,Women Footwear Shoes Casual Shoes Green Summer 2012.0 Casual Fila Women Sleeker Green Check Casual Shoes
48549,48549.jpg,http://assets.myntassets.com/v1/images/style/properties/c67ec1fde92718785bad116cf8711640_images.jpg,Women,Accessories,Belts,Belts,Black,Summer,2012.0,Casual,Wrangler Women Black Belt,Women Accessories Belts Belts Black Summer 2012.0 Casual Wrangler Women Black Belt
42073,42073.jpg,http://assets.myntassets.com/v1/images/style/properties/American-Tourister-Men-Black-Coin-Passcase-Wallet_599e93f2f77d4799d61c01b15f223f99_images.jpg,Men,Accessories,Wallets,Wallets,Black,Summer,2012.0,Casual,American Tourister Men Black Wallet,Men Accessories Wallets Wallets Black Summer 2012.0 Casual American Tourister Men Black Wallet
31581,31581.jpg,http://assets.myntassets.com/v1/images/style/properties/33a4f23ed9e1dc05e97ea94ab4809301_images.jpg,Men,Apparel,Topwear,Tshirts,Blue,Summer,2012.0,Casual,Mark Taylor Men Printed Blue T-shirt,Men Apparel Topwear Tshirts Blue Summer 2012.0 Casual Mark Taylor Men Printed Blue T-shirt
3354,3354.jpg,http://assets.myntassets.com/v1/images/style/properties/d55de4814c818878d0584e90470d14d6_images.jpg,Men,Apparel,Topwear,Tshirts,White,Summer,2011.0,Casual,Myntra Men's I Give 100 Percent Work White T-shirt,Men Apparel Topwear Tshirts White Summer 2011.0 Casual Myntra Men's I Give 100 Percent Work White T-shirt
26536,26536.jpg,http://assets.myntassets.com/v1/images/style/properties/9bbb0a99f2262993b7b659959fbcf3bc_images.jpg,Men,Footwear,Shoes,Casual Shoes,White,Summer,2012.0,Casual,ID Men White Shoes,Men Footwear Shoes Casual Shoes White Summer 2012.0 Casual ID Men White Shoes
12703,12703.jpg,http://assets.myntassets.com/v1/images/style/properties/8134f87644fb5617381cc4657f69ab51_images.jpg,Women,Footwear,Shoes,Sports Shoes,White,Fall,2011.0,Sports,Nike Women Downshifter White Sports Shoes,Women Footwear Shoes Sports Shoes White Fall 2011.0 Sports Nike Women Downshifter White Sports Shoes
24605,24605.jpg,http://assets.myntassets.com/v1/images/style/properties/72c3fb257c44e102c981b960219a9cd2_images.jpg,Women,Apparel,Apparel Set,Kurta Sets,Pink,Fall,2011.0,Ethnic,Vishudh Women Pink Churidar Kurta with Dupatta,Women Apparel Apparel Set Kurta Sets Pink Fall 2011.0 Ethnic Vishudh Women Pink Churidar Kurta with Dupatta
10430,10430.jpg,http://assets.myntassets.com/v1/images/style/properties/b77929d59d81689e660446586e5e8dc3_images.jpg,Men,Apparel,Topwear,Shirts,Blue,Fall,2011.0,Casual,Flying Machine Men Ydc Blue Shirts,Men Apparel Topwear Shirts Blue Fall 2011.0 Casual Flying Machine Men Ydc Blue Shirts
56225,56225.jpg,http://assets.myntassets.com/v1/images/style/properties/SDL-by-Sweet-Dreams-Men-Black---Grey-Pyjama-Set_579efb47dce889195f28f09f2205ebaf_images.jpg,Men,Apparel,Loungewear and Nightwear,Night suits,Black,Summer,2016.0,Casual,SDL by Sweet Dreams Men Black & Grey Pyjama Set,Men Apparel Loungewear and Nightwear Night suits Black Summer 2016.0 Casual SDL by Sweet Dreams Men Black & Grey Pyjama Set
39388,39388.jpg,http://assets.myntassets.com/v1/images/style/properties/5a1df9ac28930032d37b9fa4cf5102e6_images.jpg,Men,Apparel,Bottomwear,Jeans,Black,Summer,2012.0,Casual,Peter England Men Black Jeans,Men Apparel Bottomwear Jeans Black Summer 2012.0 Casual Peter England Men Black Jeans
14090,14090.jpg,http://assets.myntassets.com/v1/images/style/properties/986d8893b024b650133e1bb88905f6ed_images.jpg,Men,Apparel,Topwear,Tshirts,Blue,Fall,2011.0,Casual,Flying Machine Men Stripes Blue Polo Tshirts,Men Apparel Topwear Tshirts Blue Fall 2011.0 Casual Flying Machine Men Stripes Blue Polo Tshirts
53757,53757.jpg,http://assets.myntassets.com/v1/images/style/properties/Puma-Women-White-Sports-Shoes_4b0310657932f48364fbe27ecbece28b_images.jpg,Women,Footwear,Shoes,Sports Shoes,White,Summer,2012.0,Sports,Puma Women Speeder Wns Ind White Sports Shoes,Women Footwear Shoes Sports Shoes White Summer 2012.0 Sports Puma Women Speeder Wns Ind White Sports Shoes
37212,37212.jpg,http://assets.myntassets.com/v1/images/style/properties/1066deb40c4f9ff773d13931b0fc2edd_images.jpg,Men,Apparel,Topwear,Shirts,Pink,Summer,2012.0,Casual,United Colors of Benetton Men Pink Shirt,Men Apparel Topwear Shirts Pink Summer 2012.0 Casual United Colors of Benetton Men Pink Shirt
4515,4515.jpg,http://assets.myntassets.com/v1/images/style/properties/25cffc1cddbfbc2ae8c8a98ee2431665_images.jpg,Men,Footwear,Shoes,Sports Shoes,White,Summer,2011.0,Sports,Puma Men's Tarun White Silver Red Shoe,Men Footwear Shoes Sports Shoes White Summer 2011.0 Sports Puma Men's Tarun White Silver Red Shoe
45632,45632.jpg,http://assets.myntassets.com/v1/images/style/properties/Park-Avenue-Men-Grey-Melange-Briefs_56048ac754f2ffdf53d4bd5d72fe66f6_images.jpg,Men,Apparel,Innerwear,Briefs,Grey Melange,Summer,2016.0,Casual,Park Avenue Men Grey Melange Briefs,Men Apparel Innerwear Briefs Grey Melange Summer 2016.0 Casual Park Avenue Men Grey Melange Briefs
51000,51000.jpg,http://assets.myntassets.com/v1/images/style/properties/Enamor-Maroon-Bra-FB06_e5c0cc72a0f04bdef5dd4123989bde97_images.jpg,Women,Apparel,Innerwear,Bra,Maroon,Summer,2018.0,Casual,Enamor Maroon Bra FB06,Women Apparel Innerwear Bra Maroon Summer 2018.0 Casual Enamor Maroon Bra FB06
7390,7390.jpg,http://assets.myntassets.com/v1/images/style/properties/e7ca97d7b2f468e63a1f84cc988c72ca_images.jpg,Men,Footwear,Shoes,Formal Shoes,Brown,Winter,2018.0,Formal,Red Tape Men Brown Shoes,Men Footwear Shoes Formal Shoes Brown Winter 2018.0 Formal Red Tape Men Brown Shoes
35545,35545.jpg,http://assets.myntassets.com/v1/images/style/properties/7b3e15ecc237a90cd98b7e886bcda7f9_images.jpg,Girls,Footwear,Sandal,Sandals,Brown,Summer,2012.0,Casual,Enroute Teens Brown Sandals,Girls Footwear Sandal Sandals Brown Summer 2012.0 Casual Enroute Teens Brown Sandals
6242,6242.jpg,http://assets.myntassets.com/v1/images/style/properties/4ee9c897d673a21972f79ef041f6ec99_images.jpg,Women,Apparel,Topwear,Tshirts,Purple,Summer,2011.0,Casual,Lee Women's Rihana Purple T-shirt,Women Apparel Topwear Tshirts Purple Summer 2011.0 Casual Lee Women's Rihana Purple T-shirt
47165,47165.jpg,http://assets.myntassets.com/v1/images/style/properties/39b0b9be2b05463a185fe1d3b4005530_images.jpg,Men,Accessories,Belts,Belts,Black,Summer,2012.0,Casual,Peter England Men Black Belt,Men Accessories Belts Belts Black Summer 2012.0 Casual Peter England Men Black Belt
17615,17615.jpg,http://assets.myntassets.com/v1/images/style/properties/1cbaf5223bd7a31025df3c3aa9a6d7f5_images.jpg,Boys,Apparel,Topwear,Tshirts,White,Fall,2011.0,Casual,Doodle Boys living Upto White Tshirt,Boys Apparel Topwear Tshirts White Fall 2011.0 Casual Doodle Boys living Upto White Tshirt
48911,48911.jpg,http://assets.myntassets.com/v1/images/style/properties/689ceb9bdda2404dc4bc1576c3a6d518_images.jpg,Women,Accessories,Jewellery,Pendant,Silver,Summer,2013.0,Casual,Lucera Women Silver Pendant with Chain,Women Accessories Jewellery Pendant Silver Summer 2013.0 Casual Lucera Women Silver Pendant with Chain
29926,29926.jpg,http://assets.myntassets.com/v1/images/style/properties/ada30bf5dbd77bcb3ca30ee15882ce9b_images.jpg,Men,Accessories,Watches,Watches,Black,Winter,2016.0,Casual,Police Men Black Dial Watch PL12778MSU-61,Men Accessories Watches Watches Black Winter 2016.0 Casual Police Men Black Dial Watch PL12778MSU-61
42417,42417.jpg,http://assets.myntassets.com/v1/images/style/properties/6b763aa4dcd9e287b442f0ebe3e26122_images.jpg,Unisex,Accessories,Accessories,Messenger Bag,Purple,Summer,2012.0,Casual,American Tourister Unisex Purple Messenger Bag,Unisex Accessories Accessories Messenger Bag Purple Summer 2012.0 Casual American Tourister Unisex Purple Messenger Bag
3730,3730.jpg,http://assets.myntassets.com/v1/images/style/properties/3d5795ec77c53b0030af8f5caed06a51_images.jpg,Men,Apparel,Topwear,Tshirts,Yellow,Summer,2011.0,Sports,CSK Mens Fangear Yellow Jersey,Men Apparel Topwear Tshirts Yellow Summer 2011.0 Sports CSK Mens Fangear Yellow Jersey
26152,26152.jpg,http://assets.myntassets.com/v1/images/style/properties/bf2cc8065bd15d652e9309cba750c6db_images.jpg,Men,Apparel,Bottomwear,Trousers,Grey,Summer,2012.0,Formal,John Miller Men Striped Grey Trousers,Men Apparel Bottomwear Trousers Grey Summer 2012.0 Formal John Miller Men Striped Grey Trousers
12367,12367.jpg,http://assets.myntassets.com/v1/images/style/properties/Reid---Taylor-Men-White-Shirt_7868945b6d3a95140b08b1719b0092f1_images.jpg,Men,Apparel,Topwear,Shirts,White,Fall,2011.0,Formal,Reid & Taylor Men White Shirt,Men Apparel Topwear Shirts White Fall 2011.0 Formal Reid & Taylor Men White Shirt
54572,54572.jpg,http://assets.myntassets.com/v1/images/style/properties/Sushilas-Women-Multi-Coloured-Kurta_42e5063146a229c86ceda2e3d374aa60_images.jpg,Women,Apparel,Topwear,Kurtas,Pink,Summer,2012.0,Ethnic,Sushilas Women Multi Coloured Kurta,Women Apparel Topwear Kurtas Pink Summer 2012.0 Ethnic Sushilas Women Multi Coloured Kurta
27080,27080.jpg,http://assets.myntassets.com/v1/images/style/properties/e1fc1c55ab477c25864c495c536e30a8_images.jpg,Women,Footwear,Shoes,Heels,Silver,Winter,2015.0,Casual,Catwalk Women Silver Flats,Women Footwear Shoes Heels Silver Winter 2015.0 Casual Catwalk Women Silver Flats
30037,30037.jpg,http://assets.myntassets.com/v1/images/style/properties/Skagen-Men-Silver-Dial-Watch_6740c9a4f54c666024ca6f230661c209_images.jpg,Men,Accessories,Watches,Watches,Silver,Winter,2016.0,Casual,SKAGEN DENMARK Men Silver-Toned Dial Watch 233LSS,Men Accessories Watches Watches Silver Winter 2016.0 Casual SKAGEN DENMARK Men Silver-Toned Dial Watch 233LSS
46285,46285.jpg,http://assets.myntassets.com/v1/images/style/properties/f00a9de0191d5bdf9bd182eaf4298c72_images.jpg,Women,Apparel,Dress,Dresses,Multi,Summer,2012.0,Casual,109F Women Multi Coloured Dress,Women Apparel Dress Dresses Multi Summer 2012.0 Casual 109F Women Multi Coloured Dress
12969,12969.jpg,http://assets.myntassets.com/v1/images/style/properties/af829e3d805b3f99f3905431c425796d_images.jpg,Men,Footwear,Shoes,Sports Shoes,Blue,Fall,2011.0,Sports,ADIDAS Men Snova Glide Blue Sports Shoes,Men Footwear Shoes Sports Shoes Blue Fall 2011.0 Sports ADIDAS Men Snova Glide Blue Sports Shoes
35777,35777.jpg,http://assets.myntassets.com/v1/images/style/properties/82a96a5a66ccb900ef4ab90c095baf02_images.jpg,Men,Footwear,Shoes,Sports Shoes,Black,Summer,2012.0,Sports,Force 10 Men Black & Green Sports Shoes,Men Footwear Shoes Sports Shoes Black Summer 2012.0 Sports Force 10 Men Black & Green Sports Shoes
51232,51232.jpg,http://assets.myntassets.com/v1/images/style/properties/Satya-Paul-Women-Green-Printed-Kaftan_ba137befb2f6471cac888b5144d0d8ef_images.jpg,Women,Apparel,Topwear,Kurtas,Green,Fall,2012.0,Ethnic,Satya Paul Women Green Printed Kaftan,Women Apparel Topwear Kurtas Green Fall 2012.0 Ethnic Satya Paul Women Green Printed Kaftan
17427,17427.jpg,http://assets.myntassets.com/assets/images/17427/2018/3/2/11519969599061-CASIO-G-Shock-Men-White-Analogue--Digital-Watch-G274-5091519969598856-1.jpg,Men,Accessories,Watches,Watches,White,Winter,2016.0,Casual,CASIO G-Shock Men White Analogue & Digital Watch G274,Men Accessories Watches Watches White Winter 2016.0 Casual CASIO G-Shock Men White Analogue & Digital Watch G274
9804,9804.jpg,http://assets.myntassets.com/v1/images/style/properties/a8c8db5eadde7182104da52ff4b818b0_images.jpg,Men,Apparel,Topwear,Shirts,Black,Fall,2011.0,Formal,John Miller Men Black Checks Shirts,Men Apparel Topwear Shirts Black Fall 2011.0 Formal John Miller Men Black Checks Shirts
23612,23612.jpg,http://assets.myntassets.com/v1/images/style/properties/fd0d8de1d0e9fa8c9e7030283786c0b9_images.jpg,Women,Personal Care,Fragrance,Perfume and Body Mist,Pink,Spring,2017.0,Casual,Nike Fragrances Women Sensual Touch Perfume,Women Personal Care Fragrance Perfume and Body Mist Pink Spring 2017.0 Casual Nike Fragrances Women Sensual Touch Perfume
6070,6070.jpg,http://assets.myntassets.com/v1/images/style/properties/3d1229d4a695a5fa5da1233b3778f424_images.jpg,Women,Apparel,Topwear,Tshirts,Blue,Summer,2011.0,Casual,UCB Women's Young Pigment Blue T-shirt,Women Apparel Topwear Tshirts Blue Summer 2011.0 Casual UCB Women's Young Pigment Blue T-shirt
47357,47357.jpg,http://assets.myntassets.com/v1/images/style/properties/669d3a9ffed15af76eb0919ae5245a17_images.jpg,Women,Accessories,Bags,Mobile Pouch,Purple,Summer,2012.0,Casual,Baggit Women Purple Phulrani Brush Mobile Pouch,Women Accessories Bags Mobile Pouch Purple Summer 2012.0 Casual Baggit Women Purple Phulrani Brush Mobile Pouch
26360,26360.jpg,http://assets.myntassets.com/v1/images/style/properties/2d5d6003f886ff36683e9f6a9bb9cda8_images.jpg,Women,Apparel,Topwear,Tshirts,Grey,Summer,2012.0,Casual,Arrow Woman Grey T-shirt,Women Apparel Topwear Tshirts Grey Summer 2012.0 Casual Arrow Woman Grey T-shirt
12155,12155.jpg,http://assets.myntassets.com/v1/images/style/properties/cded5e2f6f4a18a4bd4d7e79566e7fa0_images.jpg,Women,Apparel,Bottomwear,Leggings,Beige,Fall,2011.0,Ethnic,Aurelia Women Solid Beige Leggings,Women Apparel Bottomwear Leggings Beige Fall 2011.0 Ethnic Aurelia Women Solid Beige Leggings
42625,42625.jpg,http://assets.myntassets.com/v1/images/style/properties/90e5b426f97aad2866be3ece66ea505a_images.jpg,Women,Accessories,Jewellery,Earrings,Silver,Winter,2016.0,Casual,Estelle Women Earrings,Women Accessories Jewellery Earrings Silver Winter 2016.0 Casual Estelle Women Earrings
3502,3502.jpg,http://assets.myntassets.com/v1/images/style/properties/bc3ca4fc5e033feb792aef87100f1a6d_images.jpg,Women,Apparel,Topwear,Tshirts,Black,Fall,2010.0,Sports,ADIDAS Women's Black T-shirt,Women Apparel Topwear Tshirts Black Fall 2010.0 Sports ADIDAS Women's Black T-shirt
30205,30205.jpg,http://assets.myntassets.com/v1/images/style/properties/1d117c32ce16f74151bf640edf53c3c0_images.jpg,Women,Accessories,Bags,Handbags,Pink,Summer,2012.0,Casual,Nike Women Track Tote Pink Handbag,Women Accessories Bags Handbags Pink Summer 2012.0 Casual Nike Women Track Tote Pink Handbag
9038,9038.jpg,http://assets.myntassets.com/v1/images/style/properties/72da3d057e90841278201ab75c993aff_images.jpg,Men,Footwear,Shoes,Formal Shoes,Brown,Winter,2011.0,Formal,Buckaroo Men Medina Brown Formal Shoes,Men Footwear Shoes Formal Shoes Brown Winter 2011.0 Formal Buckaroo Men Medina Brown Formal Shoes
54740,54740.jpg,http://assets.myntassets.com/v1/images/style/properties/Vans-Men-Black-Era-Shoes_e1fd73af72d76d932ba25c9738a8586d_images.jpg,Men,Footwear,Shoes,Casual Shoes,Black,Spring,2012.0,Casual,Vans Men Black Era Shoes,Men Footwear Shoes Casual Shoes Black Spring 2012.0 Casual Vans Men Black Era Shoes
13087,13087.jpg,http://assets.myntassets.com/v1/images/style/properties/332bb5a7194240db638a5408e9fa6994_images.jpg,Unisex,Footwear,Shoes,Casual Shoes,Brown,Fall,2011.0,Casual,Timberland Unisex Casual Brown Casual Shoes,Unisex Footwear Shoes Casual Shoes Brown Fall 2011.0 Casual Timberland Unisex Casual Brown Casual Shoes
10602,10602.jpg,http://assets.myntassets.com/v1/images/style/properties/c0d022229d81e781668b3e78be82fa94_images.jpg,Men,Apparel,Topwear,Tshirts,Red,Fall,2011.0,Sports,Nike Men Football Soccer Red Jerseys,Men Apparel Topwear Tshirts Red Fall 2011.0 Sports Nike Men Football Soccer Red Jerseys
40172,40172.jpg,http://assets.myntassets.com/v1/images/style/properties/aef6869c09765a1b16e84a7ff864c7c1_images.jpg,Men,Accessories,Eyewear,Sunglasses,Black,Winter,2016.0,Casual,Fastrack Men UV protected Sporty Wrap Sunglasses,Men Accessories Eyewear Sunglasses Black Winter 2016.0 Casual Fastrack Men UV protected Sporty Wrap Sunglasses
33480,33480.jpg,http://assets.myntassets.com/v1/images/style/properties/Baggit-Women-Baggit-Belt-B-BAAZ-SANDWICHTOST-Purple-Purple-Belts_1672e0d01257dbe44c0bc07ff5bb4f2d_images.jpg,Women,Accessories,Belts,Belts,Purple,Spring,2012.0,Casual,Baggit Women Purple Belt,Women Accessories Belts Belts Purple Spring 2012.0 Casual Baggit Women Purple Belt
59863,59863.jpg,http://assets.myntassets.com/v1/images/style/properties/Olay-Women-Total-Effects-Anti-Ageing-Eye-Cream_f01717745be1cbb1a11b371c4c0805f5_images.jpg,Women,Personal Care,Skin Care,Eye Cream,Black,Spring,2017.0,Casual,Olay Women Total Effects Anti-Ageing Eye Cream,Women Personal Care Skin Care Eye Cream Black Spring 2017.0 Casual Olay Women Total Effects Anti-Ageing Eye Cream
32552,32552.jpg,http://assets.myntassets.com/v1/images/style/properties/18ecb9a34ecd356d39bc6f15b87fe64c_images.jpg,Men,Footwear,Shoes,Casual Shoes,Black,Summer,2013.0,Casual,Playboy Men Black Shoes,Men Footwear Shoes Casual Shoes Black Summer 2013.0 Casual Playboy Men Black Shoes
21979,21979.jpg,http://assets.myntassets.com/v1/images/style/properties/Murcia-Women-Casual-Black-Clutch_798bff33cb89c8f93140b8e22290e7c1_images.jpg,Women,Accessories,Bags,Clutches,Black,Winter,2015.0,Casual,Murcia Women Casual Black Clutch,Women Accessories Bags Clutches Black Winter 2015.0 Casual Murcia Women Casual Black Clutch
56017,56017.jpg,http://assets.myntassets.com/assets/images/56017/2019/1/11/6760101b-6c2d-4ca5-bf46-1b4a66551be71547190726410-Colorbar-Soft-Touch-Wood-Heart-Lipstick-039-8761547190726086-1.jpg,Women,Personal Care,Lips,Lipstick,Brown,Spring,2017.0,Casual,Colorbar Soft Touch Wood Heart Lipstick 039,Women Personal Care Lips Lipstick Brown Spring 2017.0 Casual Colorbar Soft Touch Wood Heart Lipstick 039
20097,20097.jpg,http://assets.myntassets.com/v1/images/style/properties/243b1ab77ab749c1d00811bca9538e83_images.jpg,Women,Apparel,Topwear,Kurtas,White,Fall,2011.0,Ethnic,Diva Women Printed White Kurta,Women Apparel Topwear Kurtas White Fall 2011.0 Ethnic Diva Women Printed White Kurta
53565,53565.jpg,http://assets.myntassets.com/v1/images/style/properties/Q-Q-Men-Black-Dial-Watch_dd66aa0f3b5ad56cbb3230eb995f0876_images.jpg,Men,Accessories,Watches,Watches,Black,Winter,2016.0,Casual,Q&Q Men Black Dial Watch,Men Accessories Watches Watches Black Winter 2016.0 Casual Q&Q Men Black Dial Watch
15370,15370.jpg,http://assets.myntassets.com/v1/images/style/properties/080c049630e5a1031def1f9733dd502a_images.jpg,Women,Apparel,Topwear,Sweatshirts,Pink,Fall,2011.0,Casual,Urban Yoga Women Solid Pink Sweatshirts,Women Apparel Topwear Sweatshirts Pink Fall 2011.0 Casual Urban Yoga Women Solid Pink Sweatshirts
39986,39986.jpg,http://assets.myntassets.com/v1/images/style/properties/ca8904a9a90c8c44c7b08519b394e8ac_images.jpg,Men,Footwear,Shoes,Casual Shoes,Navy Blue,Summer,2013.0,Casual,Gas Men Mila Navy Blue Shoes,Men Footwear Shoes Casual Shoes Navy Blue Summer 2013.0 Casual Gas Men Mila Navy Blue Shoes
21145,21145.jpg,http://assets.myntassets.com/v1/images/style/properties/9795ab6d300c035f12502e418a8522fe_images.jpg,Women,Apparel,Topwear,Shirts,Black,Fall,2011.0,Casual,s.Oliver Women Printed Black Shirt,Women Apparel Topwear Shirts Black Fall 2011.0 Casual s.Oliver Women Printed Black Shirt
4727,4727.jpg,http://assets.myntassets.com/v1/images/style/properties/0e06cb945b450950e57486e8aba7983e_images.jpg,Boys,Apparel,Topwear,Tshirts,Blue,Summer,2011.0,Casual,Disney Kids Boy's Regatta Annual Blue Teen Kidswear,Boys Apparel Topwear Tshirts Blue Summer 2011.0 Casual Disney Kids Boy's Regatta Annual Blue Teen Kidswear
45400,45400.jpg,http://assets.myntassets.com/v1/images/style/properties/40fe64867f1f024c161b7f99ec89492f_images.jpg,Women,Footwear,Shoes,Flats,Maroon,Winter,2012.0,Casual,Rocia Women Maroon Sandals,Women Footwear Shoes Flats Maroon Winter 2012.0 Casual Rocia Women Maroon Sandals
38434,38434.jpg,http://assets.myntassets.com/v1/images/style/properties/f12c94e4ccc36263021e9ebe89b691da_images.jpg,Women,Accessories,Bags,Handbags,Blue,Summer,2012.0,Casual,Baggit Women Blue Handbag,Women Accessories Bags Handbags Blue Summer 2012.0 Casual Baggit Women Blue Handbag
53905,53905.jpg,http://assets.myntassets.com/v1/images/style/properties/KIARA-Women-Beige-Handbag_635b5cb6ad92a12ee09cfb5ea655a90e_images.jpg,Women,Accessories,Bags,Handbags,Beige,Summer,2012.0,Casual,Kiara Women Beige Handbag,Women Accessories Bags Handbags Beige Summer 2012.0 Casual Kiara Women Beige Handbag
1609,1609.jpg,http://assets.myntassets.com/v1/images/style/properties/7b661983ddd630db69f2847a53e25704_images.jpg,Women,Apparel,Topwear,Sweatshirts,Pink,Fall,2010.0,Sports,Reebok Women Boat-Neck Wildberry Sweatshirt,Women Apparel Topwear Sweatshirts Pink Fall 2010.0 Sports Reebok Women Boat-Neck Wildberry Sweatshirt
57599,57599.jpg,http://assets.myntassets.com/v1/images/style/properties/Lotus-Herbals-Moistpetals-Berry-Punch-Lipstick-121_b824a2125345aa25fa1e0194e633cc8d_images.jpg,Women,Personal Care,Lips,Lipstick,Burgundy,Spring,2017.0,Casual,Lotus Herbals Moistpetals Berry Punch Lipstick 121,Women Personal Care Lips Lipstick Burgundy Spring 2017.0 Casual Lotus Herbals Moistpetals Berry Punch Lipstick 121
25985,25985.jpg,http://assets.myntassets.com/v1/images/style/properties/7f318c3d9f0ca48701700bc7ec970acc_images.jpg,Women,Personal Care,Fragrance,Perfume and Body Mist,Lavender,Spring,2017.0,Casual,J.Del Pozo Halloween Women Perfume,Women Personal Care Fragrance Perfume and Body Mist Lavender Spring 2017.0 Casual J.Del Pozo Halloween Women Perfume
59403,59403.jpg,http://assets.myntassets.com/v1/images/style/properties/Tokyo-Talkies-Women-White-T-shirt_bf24debeba0c5e8aae5aa167e99b6443_images.jpg,Women,Apparel,Topwear,Tshirts,White,Fall,2012.0,Casual,Tokyo Talkies Women White T-shirt,Women Apparel Topwear Tshirts White Fall 2012.0 Casual Tokyo Talkies Women White T-shirt
21519,21519.jpg,http://assets.myntassets.com/v1/images/style/properties/43188ad016f5bf2f772e6a064fd6b977_images.jpg,Women,Accessories,Bags,Handbags,White,Winter,2015.0,Casual,Kiara Women Glossy White Handbag,Women Accessories Bags Handbags White Winter 2015.0 Casual Kiara Women Glossy White Handbag
53139,53139.jpg,http://assets.myntassets.com/v1/images/style/properties/cb562c3a3872048ca5c6f54df98c815c_images.jpg,Women,Footwear,Shoes,Heels,Blue,Winter,2015.0,Casual,Catwalk Women Blue & White Sandals,Women Footwear Shoes Heels Blue Winter 2015.0 Casual Catwalk Women Blue & White Sandals
29774,29774.jpg,http://assets.myntassets.com/v1/images/style/properties/469cdb7f8a8f021723071b230c1ebf3c_images.jpg,Men,Apparel,Topwear,Shirts,Purple,Summer,2012.0,Casual,Wrangler Men Purple Striped Shirt,Men Apparel Topwear Shirts Purple Summer 2012.0 Casual Wrangler Men Purple Striped Shirt
3962,3962.jpg,http://assets.myntassets.com/v1/images/style/properties/ca1b177ef6a5b4c782933f43485d65fd_images.jpg,Women,Apparel,Topwear,Tops,Black,Summer,2011.0,Casual,Jealous 21 Women Black Shimmery Falling Neck Top,Women Apparel Topwear Tops Black Summer 2011.0 Casual Jealous 21 Women Black Shimmery Falling Neck Top
18033,18033.jpg,http://assets.myntassets.com/v1/images/style/properties/Lino-Perros-Women-Solid-Brown-Handbag8315dfefd4ac9ed0b34395a7db70bf4c_images.jpg,Women,Accessories,Bags,Handbags,Brown,Winter,2015.0,Casual,Lino Perros Women Solid Brown Handbag,Women Accessories Bags Handbags Brown Winter 2015.0 Casual Lino Perros Women Solid Brown Handbag
17847,17847.jpg,http://assets.myntassets.com/v1/images/style/properties/d30175afac8812e0b52c4fb7cc8aa0ee_images.jpg,Men,Footwear,Shoes,Sports Shoes,White,Summer,2012.0,Sports,Nike Men Air Impetus II White Sports Shoe,Men Footwear Shoes Sports Shoes White Summer 2012.0 Sports Nike Men Air Impetus II White Sports Shoe
9464,9464.jpg,http://assets.myntassets.com/v1/images/style/properties/a909b6d0de20fb26fcf2da90273739ad_images.jpg,Men,Apparel,Topwear,Shirts,White,Fall,2011.0,Formal,John Miller Men  White Shirt,Men Apparel Topwear Shirts White Fall 2011.0 Formal John Miller Men  White Shirt
48743,48743.jpg,http://assets.myntassets.com/v1/images/style/properties/2f3d1461feb4c4d151f74743399817be_images.jpg,Men,Accessories,Jewellery,Bangle,Steel,Summer,2012.0,Casual,Revv Men Steel Bangle,Men Accessories Jewellery Bangle Steel Summer 2012.0 Casual Revv Men Steel Bangle
16995,16995.jpg,http://assets.myntassets.com/v1/images/style/properties/2e68ca2646690a4bf4ed092bf44cc6df_images.jpg,Women,Footwear,Sandal,Sports Sandals,Black,Winter,2012.0,Casual,Rocia Women Casual Black Sandal,Women Footwear Sandal Sports Sandals Black Winter 2012.0 Casual Rocia Women Casual Black Sandal
12509,12509.jpg,http://assets.myntassets.com/v1/images/style/properties/7f5bf1bfc926e96373823989b1c4f420_images.jpg,Men,Footwear,Shoes,Casual Shoes,Brown,Winter,2018.0,Casual,Red Tape Men Casual Brown Casual Shoes,Men Footwear Shoes Casual Shoes Brown Winter 2018.0 Casual Red Tape Men Casual Brown Casual Shoes
17249,17249.jpg,http://assets.myntassets.com/v1/images/style/properties/de1fbbe7a4f79bbfa5a147228323b832_images.jpg,Men,Apparel,Topwear,Tshirts,Blue,Fall,2011.0,Casual,U.S. Polo Assn. Men Printed Limoges Blue Tshirt,Men Apparel Topwear Tshirts Blue Fall 2011.0 Casual U.S. Polo Assn. Men Printed Limoges Blue Tshirt
47539,47539.jpg,http://assets.myntassets.com/v1/images/style/properties/efcdd282e627cfc454c18574a5c92bf0_images.jpg,Women,Footwear,Shoes,Flats,White,Winter,2012.0,Casual,Portia Women White Flats,Women Footwear Shoes Flats White Winter 2012.0 Casual Portia Women White Flats
29546,29546.jpg,http://assets.myntassets.com/v1/images/style/properties/5ad3719c0803e65fdedded0f5570d652_images.jpg,Men,Apparel,Topwear,Tshirts,Black,Summer,2012.0,Casual,Classic Polo Men Black T-shirt,Men Apparel Topwear Tshirts Black Summer 2012.0 Casual Classic Polo Men Black T-shirt
42877,42877.jpg,http://assets.myntassets.com/v1/images/style/properties/French-Connection-Women-Maroon-Wallet_8453eb5d79ba72d19d45079f7e7dd9a1_images.jpg,Women,Accessories,Wallets,Wallets,Maroon,Summer,2012.0,Casual,French Connection Women Maroon Wallet,Women Accessories Wallets Wallets Maroon Summer 2012.0 Casual French Connection Women Maroon Wallet
9656,9656.jpg,http://assets.myntassets.com/v1/images/style/properties/5929783c109080d3d56a96f2621e3c1a_images.jpg,Men,Apparel,Topwear,Shirts,Maroon,Fall,2011.0,Casual,Indigo Nation Men Bling Technification Red Black Shirts,Men Apparel Topwear Shirts Maroon Fall 2011.0 Casual Indigo Nation Men Bling Technification Red Black Shirts
23840,23840.jpg,http://assets.myntassets.com/v1/images/style/properties/b676624ef006e153f4ac61d5a70d31d8_images.jpg,Men,Footwear,Shoes,Casual Shoes,Brown,Fall,2011.0,Casual,ADIDAS Men Brown Shoes,Men Footwear Shoes Casual Shoes Brown Fall 2011.0 Casual ADIDAS Men Brown Shoes
43199,43199.jpg,http://assets.myntassets.com/v1/images/style/properties/79925903a6fee867eb640ca69a976d9e_images.jpg,Men,Accessories,Watches,Watches,Metallic,Winter,2016.0,Casual,Fastrack Men Gunmetal-Toned Dial Watch NA3015AL01,Men Accessories Watches Watches Metallic Winter 2016.0 Casual Fastrack Men Gunmetal-Toned Dial Watch NA3015AL01
18201,18201.jpg,http://assets.myntassets.com/v1/images/style/properties/d4ee72267b72be5654c32b4893ab210c_images.jpg,Men,Apparel,Topwear,Jackets,Olive,Fall,2011.0,Casual,Nike Men Casual Olive Jacket,Men Apparel Topwear Jackets Olive Fall 2011.0 Casual Nike Men Casual Olive Jacket
35925,35925.jpg,http://assets.myntassets.com/v1/images/style/properties/427ee57889be15f4a8d75b83efbb4fda_images.jpg,Women,Accessories,Bags,Clutches,Yellow,Summer,2012.0,Casual,Peperone Women Yellow Clutch,Women Accessories Bags Clutches Yellow Summer 2012.0 Casual Peperone Women Yellow Clutch
8784,8784.jpg,http://assets.myntassets.com/v1/images/style/properties/c526c33a7e03a0fa10558a7cf72044e0_images.jpg,Unisex,Accessories,Eyewear,Sunglasses,Brown,Winter,2016.0,Casual,Fastrack Unisex Brown Sunglasses,Unisex Accessories Eyewear Sunglasses Brown Winter 2016.0 Casual Fastrack Unisex Brown Sunglasses
4975,4975.jpg,http://assets.myntassets.com/v1/images/style/properties/b0c2d4a01bdbe1f2aa39cc83542cd60c_images.jpg,Men,Apparel,Topwear,Tshirts,Red,Summer,2011.0,Casual,Gini and Jony Boy's Kent Pack of 3 Tee Kidswear,Men Apparel Topwear Tshirts Red Summer 2011.0 Casual Gini and Jony Boy's Kent Pack of 3 Tee Kidswear
56679,56679.jpg,http://assets.myntassets.com/v1/images/style/properties/Portia-Women-Brown-Sandals_9166ae19bcc8714cf5ee6d198b6b6ac0_images.jpg,Women,Footwear,Shoes,Heels,Brown,Winter,2012.0,Casual,Portia Women Brown Sandals,Women Footwear Shoes Heels Brown Winter 2012.0 Casual Portia Women Brown Sandals
24259,24259.jpg,http://assets.myntassets.com/v1/images/style/properties/409871b3e6186c220fab46f5d2b90c7c_images.jpg,Men,Footwear,Shoes,Casual Shoes,Navy Blue,Fall,2012.0,Casual,Numero Uno Men Navy Blue Shoes,Men Footwear Shoes Casual Shoes Navy Blue Fall 2012.0 Casual Numero Uno Men Navy Blue Shoes
38606,38606.jpg,http://assets.myntassets.com/v1/images/style/properties/7755ec2ed4dab765f8bf3177aee05763_images.jpg,Men,Apparel,Topwear,Tshirts,White,Summer,2012.0,Casual,Nike Men Printed Boxed White T-shirt,Men Apparel Topwear Tshirts White Summer 2012.0 Casual Nike Men Printed Boxed White T-shirt
59631,59631.jpg,http://assets.myntassets.com/v1/images/style/properties/FNF-Red---Gold-Collection-for-Wedding-Sari_24130b6d7b9e32609c4be5b060b4b5a3_images.jpg,Women,Apparel,Saree,Sarees,Red,Fall,2012.0,Ethnic,FNF Red & Gold Collection for Wedding Sari,Women Apparel Saree Sarees Red Fall 2012.0 Ethnic FNF Red & Gold Collection for Wedding Sari
4149,4149.jpg,http://assets.myntassets.com/v1/images/style/properties/9eb4ad2705fa944b8ffcbee87922bafe_images.jpg,Women,Footwear,Shoes,Sports Shoes,White,Summer,2011.0,Sports,Nike Women Free White Pink Shoe,Women Footwear Shoes Sports Shoes White Summer 2011.0 Sports Nike Women Free White Pink Shoe
10850,10850.jpg,http://assets.myntassets.com/v1/images/style/properties/8bd276f0e9295336eadafab87eb1f1cb_images.jpg,Men,Apparel,Topwear,Tshirts,Blue,Fall,2011.0,Casual,Wrangler Men Famous Filafil Blue T-Shirts,Men Apparel Topwear Tshirts Blue Fall 2011.0 Casual Wrangler Men Famous Filafil Blue T-Shirts
26956,26956.jpg,http://assets.myntassets.com/v1/images/style/properties/d2b6b54a7cd3b96b0156d68d569e132f_images.jpg,Women,Apparel,Topwear,Tops,Black,Summer,2012.0,Casual,Jealous 21 Women Black Top,Women Apparel Topwear Tops Black Summer 2012.0 Casual Jealous 21 Women Black Top
29122,29122.jpg,http://assets.myntassets.com/v1/images/style/properties/a4b3b29af5b783b9b4b4c84716b5e55f_images.jpg,Unisex,Accessories,Headwear,Caps,Black,Summer,2012.0,Casual,Puma Unisex Cat Logo Black Cap,Unisex Accessories Headwear Caps Black Summer 2012.0 Casual Puma Unisex Cat Logo Black Cap
51038,51038.jpg,http://assets.myntassets.com/v1/images/style/properties/a63ad80266ac893a5bc2845d19337892_images.jpg,Women,Apparel,Innerwear,Briefs,Lavender,Summer,2017.0,Casual,Enamor Women Lupine Coloured Briefs,Women Apparel Innerwear Briefs Lavender Summer 2017.0 Casual Enamor Women Lupine Coloured Briefs
30833,30833.jpg,http://assets.myntassets.com/v1/images/style/properties/26f8e37ebf88c246d8944a72e3a222ff_images.jpg,Women,Apparel,Topwear,Kurtas,Beige,Summer,2012.0,Ethnic,Fabindia Women Beige Kurta,Women Apparel Topwear Kurtas Beige Summer 2012.0 Ethnic Fabindia Women Beige Kurta
48929,48929.jpg,http://assets.myntassets.com/v1/images/style/properties/Lucera-Women-Silver-Ring_8ef7c74bbd7dc6cef1bde6065ffc575c_images.jpg,Women,Accessories,Jewellery,Ring,Silver,Fall,2012.0,Casual,Lucera Women Silver Ring,Women Accessories Jewellery Ring Silver Fall 2012.0 Casual Lucera Women Silver Ring
27884,27884.jpg,http://assets.myntassets.com/v1/images/style/properties/f63c1e98ad0cf6533d898bd56a0ba417_images.jpg,Women,Apparel,Topwear,Shirts,Blue,Summer,2012.0,Formal,Scullers For Her Blue Shirt,Women Apparel Topwear Shirts Blue Summer 2012.0 Formal Scullers For Her Blue Shirt
55498,55498.jpg,http://assets.myntassets.com/v1/images/style/properties/Revlon-Color-Brust-Strawberry-Lip-Gloss-06_5afdf4186b621b2bffa3f5d76222565a_images.jpg,Women,Personal Care,Lips,Lip Gloss,Pink,Spring,2017.0,Casual,Revlon ColorBurst Strawberry Lip Gloss 06,Women Personal Care Lips Lip Gloss Pink Spring 2017.0 Casual Revlon ColorBurst Strawberry Lip Gloss 06
3708,3708.jpg,http://assets.myntassets.com/v1/images/style/properties/24336bcdabc9461c17c55ea8e093b87b_images.jpg,Men,Apparel,Topwear,Tshirts,Navy Blue,Summer,2011.0,Casual,Classic Polo Men's Navy Grey Stripe T-shirt,Men Apparel Topwear Tshirts Navy Blue Summer 2011.0 Casual Classic Polo Men's Navy Grey Stripe T-shirt
48115,48115.jpg,http://assets.myntassets.com/v1/images/style/properties/cb5719822c62a856d0d02b8dd1fa1eb0_images.jpg,Women,Accessories,Belts,Belts,Black,Summer,2012.0,Casual,Fossil Women Black Midnight  Belt,Women Accessories Belts Belts Black Summer 2012.0 Casual Fossil Women Black Midnight  Belt
18665,18665.jpg,http://assets.myntassets.com/v1/images/style/properties/3f475a31c39bcc9c6045a9f8c7452893_images.jpg,Men,Footwear,Shoes,Casual Shoes,White,Summer,2013.0,Casual,Fila Men Syncro White Shoes,Men Footwear Shoes Casual Shoes White Summer 2013.0 Casual Fila Men Syncro White Shoes
47961,47961.jpg,http://assets.myntassets.com/v1/images/style/properties/a33481f5c48d0887accde1d8209608c6_images.jpg,Women,Accessories,Bags,Clutches,Grey,Summer,2012.0,Casual,French Connection Women Grey Clutch,Women Accessories Bags Clutches Grey Summer 2012.0 Casual French Connection Women Grey Clutch
10408,10408.jpg,http://assets.myntassets.com/v1/images/style/properties/5dd9bc64a38b34742fd72c58798e2247_images.jpg,Women,Apparel,Topwear,Tops,Black,Fall,2011.0,Casual,United Colors of Benetton Women Solid Black Tops,Women Apparel Topwear Tops Black Fall 2011.0 Casual United Colors of Benetton Women Solid Black Tops
14894,14894.jpg,http://assets.myntassets.com/v1/images/style/properties/303bc22d7176e66123365dc65b1214ef_images.jpg,Women,Accessories,Accessories,Travel Accessory,Black,Summer,2011.0,Casual,United Colors of Benetton Women Solid Black Bags,Women Accessories Accessories Travel Accessory Black Summer 2011.0 Casual United Colors of Benetton Women Solid Black Bags
15946,15946.jpg,http://assets.myntassets.com/v1/images/style/properties/1cd58c8d6bb592b9ae45532b4eef084d_images.jpg,Men,Accessories,Ties,Ties,Black,Fall,2011.0,Formal,Turtle Men Solid Black Ties,Men Accessories Ties Ties Black Fall 2011.0 Formal Turtle Men Solid Black Ties
1863,1863.jpg,http://assets.myntassets.com/v1/images/style/properties/4e234092eeb7a1448aed7c155138bdd6_images.jpg,Men,Apparel,Topwear,Tshirts,Black,Summer,2011.0,Casual,Inkfruit Men Night Wolf T-shirt,Men Apparel Topwear Tshirts Black Summer 2011.0 Casual Inkfruit Men Night Wolf T-shirt
59255,59255.jpg,http://assets.myntassets.com/v1/images/style/properties/Titan-Men-Black-Watch_14e8a4d64af3e8956410886d2bc702ad_images.jpg,Men,Accessories,Watches,Watches,Black,Winter,2016.0,Casual,Titan Men Black Watch,Men Accessories Watches Watches Black Winter 2016.0 Casual Titan Men Black Watch
20893,20893.jpg,http://assets.myntassets.com/v1/images/style/properties/3b86808004a5829edc1076ddeb5ebe4f_images.jpg,Men,Footwear,Shoes,Casual Shoes,Black,Fall,2011.0,Casual,Basics Men Black Casual Shoes,Men Footwear Shoes Casual Shoes Black Fall 2011.0 Casual Basics Men Black Casual Shoes
58989,58989.jpg,http://assets.myntassets.com/v1/images/style/properties/Cavallini-Men-Deo_2aa426957c39927115bafe2e94df227b_images.jpg,Men,Personal Care,Fragrance,Deodorant,White,Spring,2017.0,Casual,Cavallini Men Deo,Men Personal Care Fragrance Deodorant White Spring 2017.0 Casual Cavallini Men Deo
38050,38050.jpg,http://assets.myntassets.com/v1/images/style/properties/23a7a03827781e474a464b60f5802cae_images.jpg,Men,Accessories,Watches,Watches,Black,Winter,2016.0,Casual,Q&Q Men Black Digital Watch M119J003Y,Men Accessories Watches Watches Black Winter 2016.0 Casual Q&Q Men Black Digital Watch M119J003Y
39182,39182.jpg,http://assets.myntassets.com/v1/images/style/properties/d2b5a86359851e83772b927dbe10eb49_images.jpg,Women,Apparel,Topwear,Kurtas,Magenta,Summer,2012.0,Ethnic,Aneri Women Magenta & Black Kurta,Women Apparel Topwear Kurtas Magenta Summer 2012.0 Ethnic Aneri Women Magenta & Black Kurta
41098,41098.jpg,http://assets.myntassets.com/v1/images/style/properties/b602d64d273c258df6c31fe99a558b86_images.jpg,Women,Apparel,Topwear,Tops,Cream,Summer,2012.0,Casual,Allen Solly Woman Cream Top,Women Apparel Topwear Tops Cream Summer 2012.0 Casual Allen Solly Woman Cream Top
21941,21941.jpg,http://assets.myntassets.com/v1/images/style/properties/1c1806e44f9c75fe298ab558454ba15f_images.jpg,Women,Accessories,Bags,Handbags,Black,Winter,2015.0,Casual,Murcia Women Casual Black Handbag,Women Accessories Bags Handbags Black Winter 2015.0 Casual Murcia Women Casual Black Handbag
56813,56813.jpg,http://assets.myntassets.com/v1/images/style/properties/Aneri-Women-Multi-Coloured-Tunic_3febbc419a53db8926590ff46b1cf5a2_images.jpg,Women,Apparel,Topwear,Kurtis,Multi,Summer,2012.0,Ethnic,Aneri Women Multi Coloured Kurti,Women Apparel Topwear Kurtis Multi Summer 2012.0 Ethnic Aneri Women Multi Coloured Kurti
59067,59067.jpg,http://assets.myntassets.com/v1/images/style/properties/Peri-Peri-Women-Black-Bra_1a526d0d60b1452f80c43adf2e86cbfe_images.jpg,Women,Apparel,Innerwear,Bra,Black,Summer,2017.0,Casual,Peri Peri Women Black Bra,Women Apparel Innerwear Bra Black Summer 2017.0 Casual Peri Peri Women Black Bra
15348,15348.jpg,http://assets.myntassets.com/v1/images/style/properties/988496cb79a467af481c82c55cde8083_images.jpg,Men,Apparel,Topwear,Tshirts,Black,Fall,2011.0,Casual,Nike Men Special Edition 3 Star Polo Black Tshirts,Men Apparel Topwear Tshirts Black Fall 2011.0 Casual Nike Men Special Edition 3 Star Polo Black Tshirts
12951,12951.jpg,http://assets.myntassets.com/v1/images/style/properties/90b41c72a6ffec9f8c1c1f96b07c683c_images.jpg,Men,Apparel,Topwear,Shirts,Blue,Fall,2011.0,Casual,Basics Men Blue Slim Fit Checked Shirt,Men Apparel Topwear Shirts Blue Fall 2011.0 Casual Basics Men Blue Slim Fit Checked Shirt
6048,6048.jpg,http://assets.myntassets.com/v1/images/style/properties/17545a789509c8bf05b7a8c9660df680_images.jpg,Men,Apparel,Topwear,Shirts,Black,Summer,2011.0,Casual,UCB Men Ben Logo Black Shirt,Men Apparel Topwear Shirts Black Summer 2011.0 Casual UCB Men Ben Logo Black Shirt
13883,13883.jpg,http://assets.myntassets.com/v1/images/style/properties/0d1851cc4cfb7faf995a1773c6d2dce5_images.jpg,Men,Apparel,Topwear,Shirts,Purple,Fall,2011.0,Casual,Scullers Men Check Purple Shirts,Men Apparel Topwear Shirts Purple Fall 2011.0 Casual Scullers Men Check Purple Shirts
19585,19585.jpg,http://assets.myntassets.com/v1/images/style/properties/6b19cdeff0503186eb050a54d215dfa6_images.jpg,Women,Apparel,Topwear,Tops,Blue,Summer,2011.0,Casual,United Colors of Benetton Women Solid Blue Top,Women Apparel Topwear Tops Blue Summer 2011.0 Casual United Colors of Benetton Women Solid Blue Top
6874,6874.jpg,http://assets.myntassets.com/v1/images/style/properties/e08b8eda1d0c1b7819fc7c4359ca67d4_images.jpg,Women,Apparel,Dress,Dresses,Pink,Summer,2011.0,Casual,Forever New Women Pink Sleeveless Dress,Women Apparel Dress Dresses Pink Summer 2011.0 Casual Forever New Women Pink Sleeveless Dress
18457,18457.jpg,http://assets.myntassets.com/v1/images/style/properties/77d649bca8804059c4d86a5e6cc9458d_images.jpg,Men,Personal Care,Fragrance,Perfume and Body Mist,White,Spring,2017.0,Casual,Nautica Blue Men Perfumes,Men Personal Care Fragrance Perfume and Body Mist White Spring 2017.0 Casual Nautica Blue Men Perfumes
9000,9000.jpg,http://assets.myntassets.com/v1/images/style/properties/541e84bced1067d6ef4e59508561a303_images.jpg,Men,Footwear,Shoes,Casual Shoes,Brown,Fall,2011.0,Casual,Puma Men Archive Boot WTR Brown Casual Shoes,Men Footwear Shoes Casual Shoes Brown Fall 2011.0 Casual Puma Men Archive Boot WTR Brown Casual Shoes
48327,48327.jpg,http://assets.myntassets.com/v1/images/style/properties/64b866424f432cf5ba94f6f2ff303b58_images.jpg,Women,Accessories,Bags,Handbags,Green,Summer,2012.0,Casual,Pitaraa Women Green Sling Bag,Women Accessories Bags Handbags Green Summer 2012.0 Casual Pitaraa Women Green Sling Bag
35589,35589.jpg,http://assets.myntassets.com/v1/images/style/properties/b7a479fe5f56457e930541a789c5df68_images.jpg,Men,Footwear,Sandal,Sandals,Olive,Fall,2012.0,Casual,Gliders Men Yellow Sandals,Men Footwear Sandal Sandals Olive Fall 2012.0 Casual Gliders Men Yellow Sandals
31915,31915.jpg,http://assets.myntassets.com/v1/images/style/properties/9394d7077de6886b3d132b5beb39cb99_images.jpg,Women,Accessories,Bags,Clutches,Green,Summer,2012.0,Casual,Fabindia Women Green Silk Clutch,Women Accessories Bags Clutches Green Summer 2012.0 Casual Fabindia Women Green Silk Clutch
28004,28004.jpg,http://assets.myntassets.com/v1/images/style/properties/845a09ba2bfa7c068475cccee3b1bfe7_images.jpg,Men,Apparel,Innerwear,Trunk,Black,Summer,2016.0,Casual,Jockey ZONE Men Black Modern Trunks US19,Men Apparel Innerwear Trunk Black Summer 2016.0 Casual Jockey ZONE Men Black Modern Trunks US19
27870,27870.jpg,http://assets.myntassets.com/v1/images/style/properties/Scullers-For-Her-Women-White-Striped-Shirt_b4833b5129730298114c075d80980d96_images.jpg,Women,Apparel,Topwear,Shirts,White,Fall,2012.0,Smart Casual,Scullers For Her Women White Striped Shirt,Women Apparel Topwear Shirts White Fall 2012.0 Smart Casual Scullers For Her Women White Striped Shirt
19743,19743.jpg,http://assets.myntassets.com/v1/images/style/properties/4eaeb2592ca04c30edb98059e3776a35_images.jpg,Women,Accessories,Headwear,Caps,Blue,Fall,2011.0,Casual,United colors of benetton Women Blue Cap,Women Accessories Headwear Caps Blue Fall 2011.0 Casual United colors of benetton Women Blue Cap
49033,49033.jpg,http://assets.myntassets.com/v1/images/style/properties/Lucera-Women-Silver-Ring_b18906d53ac08a9b92a28f09595042fb_images.jpg,Women,Accessories,Jewellery,Ring,Silver,Summer,2012.0,Casual,Lucera Women Silver Ring,Women Accessories Jewellery Ring Silver Summer 2012.0 Casual Lucera Women Silver Ring
8314,8314.jpg,http://assets.myntassets.com/v1/images/style/properties/306ba92f55ea71452fee875a33c3633a_images.jpg,Men,Apparel,Topwear,Shirts,Blue,Summer,2011.0,Casual,Locomotive Men Check Lafayette Blue Shirts,Men Apparel Topwear Shirts Blue Summer 2011.0 Casual Locomotive Men Check Lafayette Blue Shirts
31129,31129.jpg,http://assets.myntassets.com/v1/images/style/properties/3a4faa7c017c3ea1e8df9c887b929d50_images.jpg,Girls,Apparel,Dress,Dresses,Magenta,Summer,2012.0,Casual,Giny and Jony Girls Printed White & Pink Dress,Girls Apparel Dress Dresses Magenta Summer 2012.0 Casual Giny and Jony Girls Printed White & Pink Dress
43509,43509.jpg,http://assets.myntassets.com/v1/images/style/properties/42670ddbde5e326bd690bfff34e8d26f_images.jpg,Women,Apparel,Dress,Dresses,Grey Melange,Summer,2012.0,Casual,French Connection Women Grey Melange Dress,Women Apparel Dress Dresses Grey Melange Summer 2012.0 Casual French Connection Women Grey Melange Dress
18691,18691.jpg,http://assets.myntassets.com/v1/images/style/properties/b40fb68da475bd66c965d5ceae55a34f_images.jpg,Men,Apparel,Innerwear,Trunk,Black,Summer,2016.0,Casual,Hanes Men Black Modern Duo Dry Cotton Stretch Trunks,Men Apparel Innerwear Trunk Black Summer 2016.0 Casual Hanes Men Black Modern Duo Dry Cotton Stretch Trunks
47995,47995.jpg,http://assets.myntassets.com/v1/images/style/properties/Helix-Men-Black-Watch_d4bb27126637dc4fb2ed0852f82504ba_images.jpg,Men,Accessories,Watches,Watches,Black,Winter,2016.0,Casual,Helix Men Black Watch,Men Accessories Watches Watches Black Winter 2016.0 Casual Helix Men Black Watch
38296,38296.jpg,http://assets.myntassets.com/v1/images/style/properties/abdd1249abdd6fe3a3bee12aad81f537_images.jpg,Men,Accessories,Wallets,Wallets,Brown,Summer,2012.0,Casual,Reid & Taylor Men Brown Wallet,Men Accessories Wallets Wallets Brown Summer 2012.0 Casual Reid & Taylor Men Brown Wallet
14860,14860.jpg,http://assets.myntassets.com/v1/images/style/properties/41040c48106dda7bf10d47e409355e02_images.jpg,Women,Accessories,Wallets,Wallets,Charcoal,Summer,2011.0,Casual,United Colors of Benetton Women Solid Grey Charcoal Wallets,Women Accessories Wallets Wallets Charcoal Summer 2011.0 Casual United Colors of Benetton Women Solid Grey Charcoal Wallets
39344,39344.jpg,http://assets.myntassets.com/v1/images/style/properties/Mr-Men-Men-Green-T-shirt_51c5b37476b4f9996fc5155968976955_images.jpg,Men,Apparel,Topwear,Tshirts,Green,Fall,2012.0,Casual,Mr. Men Green T-shirt,Men Apparel Topwear Tshirts Green Fall 2012.0 Casual Mr. Men Green T-shirt
1897,1897.jpg,http://assets.myntassets.com/v1/images/style/properties/e80f3fc54b451cd28bcc223cd3ccf63e_images.jpg,Men,Apparel,Topwear,Tshirts,Blue,Winter,2010.0,Sports,FIFA Men Germany Blue Jersey,Men Apparel Topwear Tshirts Blue Winter 2010.0 Sports FIFA Men Germany Blue Jersey
52649,52649.jpg,http://assets.myntassets.com/v1/images/style/properties/Modacc-Women-Orange-Handbag_08b9024f592461ba9720d7bf186d2dda_images.jpg,Women,Accessories,Bags,Handbags,Orange,Summer,2012.0,Casual,Mod'acc Women Orange Handbag,Women Accessories Bags Handbags Orange Summer 2012.0 Casual Mod'acc Women Orange Handbag
57109,57109.jpg,http://assets.myntassets.com/v1/images/style/properties/Elle-Women-Blue-Tunic_a6c24c7c4cf10755d6b936bceddb7567_images.jpg,Women,Apparel,Topwear,Tunics,Blue,Summer,2012.0,Casual,Elle Women Blue Tunic,Women Apparel Topwear Tunics Blue Summer 2012.0 Casual Elle Women Blue Tunic
36902,36902.jpg,http://assets.myntassets.com/v1/images/style/properties/e3a23485b5c4be965dec93d968c17950_images.jpg,Men,Accessories,Watches,Watches,Silver,Winter,2016.0,Casual,Fossil Men Silver-Toned Dial Chronograph Watch FS4643,Men Accessories Watches Watches Silver Winter 2016.0 Casual Fossil Men Silver-Toned Dial Chronograph Watch FS4643
25529,25529.jpg,http://assets.myntassets.com/v1/images/style/properties/361a973927b6edc23c6aaf840b170e94_images.jpg,Men,Apparel,Topwear,Shirts,White,Summer,2012.0,Casual,Wrangler Men Griffith White Shirt,Men Apparel Topwear Shirts White Summer 2012.0 Casual Wrangler Men Griffith White Shirt
39176,39176.jpg,http://assets.myntassets.com/v1/images/style/properties/0b1ae91ba6743530bac766b3528a93a5_images.jpg,Women,Apparel,Topwear,Kurtas,Purple,Summer,2012.0,Ethnic,Aneri Women Purple Kurta,Women Apparel Topwear Kurtas Purple Summer 2012.0 Ethnic Aneri Women Purple Kurta
40982,40982.jpg,http://assets.myntassets.com/v1/images/style/properties/2d9821d0bebe8b01d0ffa8a1a2a6532a_images.jpg,Boys,Apparel,Topwear,Tshirts,White,Summer,2012.0,Casual,Gini and Jony Boys Core White T-shirt,Boys Apparel Topwear Tshirts White Summer 2012.0 Casual Gini and Jony Boys Core White T-shirt
58141,58141.jpg,http://assets.myntassets.com/v1/images/style/properties/Rreverie-Silver-Earrings_0ab43a3a7c71a0e12c78b93fbeb75f4d_images.jpg,Women,Accessories,Jewellery,Earrings,Silver,Fall,2012.0,Casual,Rreverie Silver Earrings,Women Accessories Jewellery Earrings Silver Fall 2012.0 Casual Rreverie Silver Earrings
57935,57935.jpg,http://assets.myntassets.com/v1/images/style/properties/Clarks-Men-Black-Sandals_32cdfdb1c318dd5bb7c332071bfbd3f7_images.jpg,Men,Footwear,Sandal,Sandals,Black,Spring,2012.0,Casual,Clarks Men Black Leather Closed Sandals,Men Footwear Sandal Sandals Black Spring 2012.0 Casual Clarks Men Black Leather Closed Sandals
59093,59093.jpg,http://assets.myntassets.com/v1/images/style/properties/Peri-Peri-Women-White-Bra_a092b7a24ccbe465ba5b08346ef66ea6_images.jpg,Women,Apparel,Innerwear,Bra,White,Summer,2017.0,Casual,Peri Peri Women White Bra,Women Apparel Innerwear Bra White Summer 2017.0 Casual Peri Peri Women White Bra
41850,41850.jpg,http://assets.myntassets.com/v1/images/style/properties/188edeab88c46f50d8e11f812e89b3ad_images.jpg,Men,Accessories,Socks,Socks,Black,Winter,2015.0,Casual,Genesis Men Pack of 3 Socks,Men Accessories Socks Socks Black Winter 2015.0 Casual Genesis Men Pack of 3 Socks
21189,21189.jpg,http://assets.myntassets.com/v1/images/style/properties/f23af4f3b4661fe550a797eb7b900dac_images.jpg,Unisex,Accessories,Bags,Backpacks,Blue,Summer,2012.0,Casual,Quiksilver Unisex Blue Backpack,Unisex Accessories Bags Backpacks Blue Summer 2012.0 Casual Quiksilver Unisex Blue Backpack
16539,16539.jpg,http://assets.myntassets.com/v1/images/style/properties/071f93920fa13ef44d4ef381909745e6_images.jpg,Men,Apparel,Topwear,Shirts,White,Fall,2011.0,Casual,Basics Men White Slim Fit Striped Shirt,Men Apparel Topwear Shirts White Fall 2011.0 Casual Basics Men White Slim Fit Striped Shirt
46249,46249.jpg,http://assets.myntassets.com/v1/images/style/properties/20358513bb94c78a43afc3950ac8e6d5_images.jpg,Women,Apparel,Topwear,Tunics,Pink,Summer,2012.0,Ethnic,Fusion Beats Women Dark Pink Tunic,Women Apparel Topwear Tunics Pink Summer 2012.0 Ethnic Fusion Beats Women Dark Pink Tunic
13877,13877.jpg,http://assets.myntassets.com/v1/images/style/properties/704ffb8c6c7bad843aaf5423eedc1b80_images.jpg,Men,Apparel,Topwear,Shirts,Maroon,Fall,2011.0,Casual,Scullers Men Solid Maroon Shirts,Men Apparel Topwear Shirts Maroon Fall 2011.0 Casual Scullers Men Solid Maroon Shirts
28236,28236.jpg,http://assets.myntassets.com/v1/images/style/properties/fc33401eab074c39ba1a642524e1bf87_images.jpg,Women,Personal Care,Fragrance,Deodorant,Pink,Spring,2017.0,Casual,Secret Temptation Women Mystery Deo,Women Personal Care Fragrance Deodorant Pink Spring 2017.0 Casual Secret Temptation Women Mystery Deo
8126,8126.jpg,http://assets.myntassets.com/v1/images/style/properties/c1b9098e682431bdb2332c3a448d94de_images.jpg,Men,Accessories,Belts,Belts,Brown,Winter,2016.0,Casual,Fastrack Men Non Leather Brown Belts,Men Accessories Belts Belts Brown Winter 2016.0 Casual Fastrack Men Non Leather Brown Belts
19571,19571.jpg,http://assets.myntassets.com/v1/images/style/properties/92642e4d0d368352c694a919e3666336_images.jpg,Men,Apparel,Topwear,Tshirts,Black,Summer,2011.0,Casual,United Colors of Benetton Men Printed Black TShirt,Men Apparel Topwear Tshirts Black Summer 2011.0 Casual United Colors of Benetton Men Printed Black TShirt
12199,12199.jpg,http://assets.myntassets.com/v1/images/style/properties/8e273ddc56bbc75b9706e860dd0dcdb3_images.jpg,Men,Apparel,Topwear,Tshirts,Blue,Summer,2015.0,Casual,Basics Men Blue Polo T-shirt,Men Apparel Topwear Tshirts Blue Summer 2015.0 Casual Basics Men Blue Polo T-shirt
7952,7952.jpg,http://assets.myntassets.com/v1/images/style/properties/4f45c39aa34cbfcda45fc53752600df5_images.jpg,Men,Apparel,Topwear,Tshirts,Black,Fall,2011.0,Sports,Puma Men's Knit Polo Black  Polo T-shirt,Men Apparel Topwear Tshirts Black Fall 2011.0 Sports Puma Men's Knit Polo Black  Polo T-shirt
6880,6880.jpg,http://assets.myntassets.com/v1/images/style/properties/dc32ed33c6d783860dc7b5e9f992c812_images.jpg,Women,Apparel,Topwear,Jackets,Black,Summer,2011.0,Casual,Forever New Women Long Black Jacket,Women Apparel Topwear Jackets Black Summer 2011.0 Casual Forever New Women Long Black Jacket
11378,11378.jpg,http://assets.myntassets.com/v1/images/style/properties/a57200d51062b4c0a74a6b9b5a805306_images.jpg,Men,Apparel,Topwear,Shirts,White,Fall,2011.0,Formal,United Colors of Benetton Men Summer White Shirts,Men Apparel Topwear Shirts White Fall 2011.0 Formal United Colors of Benetton Men Summer White Shirts
45894,45894.jpg,http://assets.myntassets.com/v1/images/style/properties/69e9de56581a23627bc5a441a92d6d46_images.jpg,Men,Free Items,Free Gifts,Free Gifts,Black,Winter,2016.0,Casual,Maxima Men Black Dial Watch,Men Free Items Free Gifts Free Gifts Black Winter 2016.0 Casual Maxima Men Black Dial Watch
39512,39512.jpg,http://assets.myntassets.com/v1/images/style/properties/Peter-England-Unisex-Black-Backpack_3b98f59c53e4f8c5524be1c2e8b86d04_images.jpg,Unisex,Accessories,Bags,Backpacks,Black,Summer,2012.0,Casual,Peter England Unisex Black Backpack,Unisex Accessories Bags Backpacks Black Summer 2012.0 Casual Peter England Unisex Black Backpack
52823,52823.jpg,http://assets.myntassets.com/v1/images/style/properties/Adrika-Green-Earrings_e3f99442c782f10de41d72c6a5a193b8_images.jpg,Women,Accessories,Jewellery,Earrings,Green,Summer,2012.0,Casual,Adrika Green Earrings,Women Accessories Jewellery Earrings Green Summer 2012.0 Casual Adrika Green Earrings
41408,41408.jpg,http://assets.myntassets.com/v1/images/style/properties/ea4809afbe525be87f964343d0d1f172_images.jpg,Women,Apparel,Topwear,Tops,Red,Summer,2012.0,Casual,Wrangler Women Red Stay Gold Tee Top,Women Apparel Topwear Tops Red Summer 2012.0 Casual Wrangler Women Red Stay Gold Tee Top
33028,33028.jpg,http://assets.myntassets.com/v1/images/style/properties/028da1ab4786b80337e1f1558dd5f8ee_images.jpg,Women,Apparel,Topwear,Kurtas,Blue,Summer,2012.0,Ethnic,Mother Earth Women Printed Blue Kurta,Women Apparel Topwear Kurtas Blue Summer 2012.0 Ethnic Mother Earth Women Printed Blue Kurta
25971,25971.jpg,http://assets.myntassets.com/v1/images/style/properties/bfb5912d10eccf37087a9689556e61e2_images.jpg,Women,Apparel,Dress,Dresses,Black,Summer,2012.0,Casual,Femella Women Black Dress,Women Apparel Dress Dresses Black Summer 2012.0 Casual Femella Women Black Dress
58525,58525.jpg,http://assets.myntassets.com/v1/images/style/properties/Wildcraft-Unisex-Green-Bag_9730837a6e425524f19c9051eeb5e353_images.jpg,Unisex,Accessories,Accessories,Travel Accessory,Green,Summer,2010.0,Casual,Wildcraft Unisex Green Chalk Bag,Unisex Accessories Accessories Travel Accessory Green Summer 2010.0 Casual Wildcraft Unisex Green Chalk Bag
37488,37488.jpg,http://assets.myntassets.com/v1/images/style/properties/c2edcef464f780c562253cb8ed12fae9_images.jpg,Women,Accessories,Watches,Watches,Silver,Winter,2016.0,Casual,Esprit Women Silver Dial Watch,Women Accessories Watches Watches Silver Winter 2016.0 Casual Esprit Women Silver Dial Watch
2844,2844.jpg,http://assets.myntassets.com/v1/images/style/properties/1aa3626f05339e3d6cd1a91c895dedda_images.jpg,Men,Apparel,Topwear,Tshirts,Navy Blue,Summer,2011.0,Casual,Mr.Men Men's Mr.Busy Navy T-shirt,Men Apparel Topwear Tshirts Navy Blue Summer 2011.0 Casual Mr.Men Men's Mr.Busy Navy T-shirt
50748,50748.jpg,http://assets.myntassets.com/v1/images/style/properties/e41f0a7951b6a61de757754f91dde135_images.jpg,Men,Footwear,Shoes,Casual Shoes,Brown,Winter,2018.0,Casual,Red Chief Men Brown Shoes,Men Footwear Shoes Casual Shoes Brown Winter 2018.0 Casual Red Chief Men Brown Shoes
28652,28652.jpg,http://assets.myntassets.com/v1/images/style/properties/d286cac0d47d4dec862b8adabbab6ceb_images.jpg,Men,Footwear,Shoes,Sports Shoes,Black,Summer,2012.0,Sports,Nike Men Tiempo Natural IV Black Sports Shoes,Men Footwear Shoes Sports Shoes Black Summer 2012.0 Sports Nike Men Tiempo Natural IV Black Sports Shoes
29780,29780.jpg,http://assets.myntassets.com/v1/images/style/properties/d23c26edc978ff13614ff3035705982d_images.jpg,Men,Apparel,Bottomwear,Trousers,Black,Summer,2013.0,Casual,Basics Men Black Trousers,Men Apparel Bottomwear Trousers Black Summer 2013.0 Casual Basics Men Black Trousers
22368,22368.jpg,http://assets.myntassets.com/v1/images/style/properties/1e0c3654bcc066d6b3c05ec89340c75c_images.jpg,Men,Apparel,Topwear,Tshirts,Peach,Fall,2011.0,Casual,Ed Hardy Men Diving Dragon Peach T-Shirt,Men Apparel Topwear Tshirts Peach Fall 2011.0 Casual Ed Hardy Men Diving Dragon Peach T-Shirt
3996,3996.jpg,http://assets.myntassets.com/v1/images/style/properties/e14ffb8ceff3534250d7ae11401dfe81_images.jpg,Men,Footwear,Flip Flops,Flip Flops,Black,Summer,2011.0,Casual,Spalding Men Black Flip Flops,Men Footwear Flip Flops Flip Flops Black Summer 2011.0 Casual Spalding Men Black Flip Flops
19929,19929.jpg,http://assets.myntassets.com/v1/images/style/properties/255ab54e0d35f75b9e387d237422fde4_images.jpg,Men,Accessories,Accessories,Accessory Gift Set,Blue,Fall,2011.0,Formal,Reid & Taylor Men Formal Blue Tie+Cufflink+Pocket square - Combo Pack,Men Accessories Accessories Accessory Gift Set Blue Fall 2011.0 Formal Reid & Taylor Men Formal Blue Tie+Cufflink+Pocket square - Combo Pack
2078,2078.jpg,http://assets.myntassets.com/v1/images/style/properties/a929e1e10469c87a8336418c18e9bef8_images.jpg,Women,Apparel,Topwear,Tshirts,Black,Fall,2010.0,Sports,ADIDAS Women Fitted Black T-shirt,Women Apparel Topwear Tshirts Black Fall 2010.0 Sports ADIDAS Women Fitted Black T-shirt
9490,9490.jpg,http://assets.myntassets.com/v1/images/style/properties/fba4d8fb5a7c14a9d4110b391941c2ee_images.jpg,Unisex,Accessories,Bags,Backpacks,Black,Fall,2011.0,Casual,Puma Unisex Deck Black Backpacks,Unisex Accessories Bags Backpacks Black Fall 2011.0 Casual Puma Unisex Deck Black Backpacks
49665,49665.jpg,http://assets.myntassets.com/v1/images/style/properties/015b52ef446669268a699edfb011b88c_images.jpg,Men,Accessories,Eyewear,Sunglasses,Black,Winter,2016.0,Casual,United Colors of Benetton Men Sunglass,Men Accessories Eyewear Sunglasses Black Winter 2016.0 Casual United Colors of Benetton Men Sunglass
8542,8542.jpg,http://assets.myntassets.com/v1/images/style/properties/09118611ddca6a40290b7edb969da97e_images.jpg,Women,Footwear,Flip Flops,Flip Flops,Black,Fall,2011.0,Casual,Crocs Women Abf Single Flip Slippers,Women Footwear Flip Flops Flip Flops Black Fall 2011.0 Casual Crocs Women Abf Single Flip Slippers
16961,16961.jpg,http://assets.myntassets.com/v1/images/style/properties/Image-Men-Classic-Eyewear-Black-Sunglasses_35201820dc9efb5a43bfcce0dcb63e52_images.jpg,Men,Accessories,Eyewear,Sunglasses,Black,Winter,2016.0,Casual,Image Men Sunglasses,Men Accessories Eyewear Sunglasses Black Winter 2016.0 Casual Image Men Sunglasses
19115,19115.jpg,http://assets.myntassets.com/v1/images/style/properties/403337702c6d86183a4f4317661cebb2_images.jpg,Men,Apparel,Topwear,Tshirts,White,Summer,2016.0,Casual,Campbell Men Pack of 3 Solid Tshirts,Men Apparel Topwear Tshirts White Summer 2016.0 Casual Campbell Men Pack of 3 Solid Tshirts
28460,28460.jpg,http://assets.myntassets.com/v1/images/style/properties/44f0716e5b5d34fff6c4230113004cab_images.jpg,Women,Apparel,Bottomwear,Shorts,Pink,Summer,2012.0,Sports,Urban Yoga Women Pink Shorts,Women Apparel Bottomwear Shorts Pink Summer 2012.0 Sports Urban Yoga Women Pink Shorts
23088,23088.jpg,http://assets.myntassets.com/v1/images/style/properties/0c5b2bf7e0492911cfc472ffa2f3ef44_images.jpg,Men,Apparel,Bottomwear,Trousers,Grey,Fall,2011.0,Casual,Arrow Sport Men Dk.Grey Brown Trousers,Men Apparel Bottomwear Trousers Grey Fall 2011.0 Casual Arrow Sport Men Dk.Grey Brown Trousers
43951,43951.jpg,http://assets.myntassets.com/v1/images/style/properties/5bcda26c4c324bcbca51b16ff6f377e5_images.jpg,Women,Footwear,Shoes,Heels,Bronze,Winter,2012.0,Casual,Catwalk Women Bronze Heels,Women Footwear Shoes Heels Bronze Winter 2012.0 Casual Catwalk Women Bronze Heels
55834,55834.jpg,http://assets.myntassets.com/assets/images/55834/2019/1/10/c8b29c0a-f5a5-4a23-b448-313f72f399941547123019188-Colorbar-Miss-Reflective-Body-Shimmer-001-4671547123019079-1.jpg,Women,Personal Care,Beauty Accessories,Beauty Accessory,Skin,Spring,2017.0,Casual,Colorbar Miss Reflective Body Shimmer 001,Women Personal Care Beauty Accessories Beauty Accessory Skin Spring 2017.0 Casual Colorbar Miss Reflective Body Shimmer 001
42883,42883.jpg,http://assets.myntassets.com/v1/images/style/properties/23d345b573b95f6cd311d09ac3fdb462_images.jpg,Women,Accessories,Bags,Handbags,Black,Summer,2012.0,Casual,French Connection Women Black Sling Bag,Women Accessories Bags Handbags Black Summer 2012.0 Casual French Connection Women Black Sling Bag
48585,48585.jpg,http://assets.myntassets.com/v1/images/style/properties/Lucera-Women-Silver-Bracelet_0211fa1291126b5ad2912466e671680b_images.jpg,Women,Accessories,Jewellery,Bracelet,Silver,Summer,2013.0,Casual,Lucera Women Silver Bracelet,Women Accessories Jewellery Bracelet Silver Summer 2013.0 Casual Lucera Women Silver Bracelet
34803,34803.jpg,http://assets.myntassets.com/v1/images/style/properties/7d6a928d293d096af7957369908f192c_images.jpg,Men,Accessories,Belts,Belts,Green,Summer,2012.0,Casual,Flying Machine Men Woven Green Belt,Men Accessories Belts Belts Green Summer 2012.0 Casual Flying Machine Men Woven Green Belt
27428,27428.jpg,http://assets.myntassets.com/v1/images/style/properties/f4f1be177d017ef741aefbb48925e4b7_images.jpg,Women,Apparel,Topwear,Tshirts,Black,Fall,2015.0,Casual,Jockey Women Black V-neck T-Shirt,Women Apparel Topwear Tshirts Black Fall 2015.0 Casual Jockey Women Black V-neck T-Shirt
55008,55008.jpg,http://assets.myntassets.com/v1/images/style/properties/Lakme-Sheer-Satin-Lip-Gloss-41_e771a21e74698d1424a72ec6c89beece_images.jpg,Women,Personal Care,Lips,Lip Gloss,Maroon,Spring,2017.0,,Lakme Sheer Satin Lip Gloss 41,Women Personal Care Lips Lip Gloss Maroon Spring 2017.0  Lakme Sheer Satin Lip Gloss 41
19327,19327.jpg,http://assets.myntassets.com/v1/images/style/properties/48674993bc7aa9655e79da82d87857fb_images.jpg,Men,Apparel,Topwear,Sweatshirts,Navy Blue,Fall,2011.0,Casual,Myntra Men Solid Blue Sweatshirt,Men Apparel Topwear Sweatshirts Navy Blue Fall 2011.0 Casual Myntra Men Solid Blue Sweatshirt
3398,3398.jpg,http://assets.myntassets.com/v1/images/style/properties/4bbe64181a603cefff41da1aac00b64b_images.jpg,Women,Accessories,Bags,Handbags,Black,Winter,2015.0,Casual,Murcia Women Black Handbag,Women Accessories Bags Handbags Black Winter 2015.0 Casual Murcia Women Black Handbag
39720,39720.jpg,http://assets.myntassets.com/v1/images/style/properties/5651b6552ebad20ca3ffda856fa18fb7_images.jpg,Women,Apparel,Dress,Jumpsuit,Olive,Summer,2012.0,Casual,Arrow Woman Olive Jumpsuit,Women Apparel Dress Jumpsuit Olive Summer 2012.0 Casual Arrow Woman Olive Jumpsuit
10098,10098.jpg,http://assets.myntassets.com/v1/images/style/properties/703a4bc156df5eb4719dc0dd2e871d82_images.jpg,Men,Accessories,Watches,Watches,White,Winter,2016.0,Casual,Fastrack Men Analogue Plastic White Watch,Men Accessories Watches Watches White Winter 2016.0 Casual Fastrack Men Analogue Plastic White Watch
5853,5853.jpg,http://assets.myntassets.com/v1/images/style/properties/8d897f6fb9ede728e7a77a4648279f80_images.jpg,Women,Accessories,Bags,Handbags,Blue,Summer,2011.0,Casual,ADIDAS Women Blue Handbag,Women Accessories Bags Handbags Blue Summer 2011.0 Casual ADIDAS Women Blue Handbag
11976,11976.jpg,http://assets.myntassets.com/v1/images/style/properties/f082906efcf97934d09f2bdd2906909b_images.jpg,Men,Footwear,Shoes,Casual Shoes,Black,Summer,2013.0,Casual,Fila Men Paramount Plus Black Shoes,Men Footwear Shoes Casual Shoes Black Summer 2013.0 Casual Fila Men Paramount Plus Black Shoes
36768,36768.jpg,http://assets.myntassets.com/v1/images/style/properties/ade5c5499ef27af0a0454406bc020e60_images.jpg,Men,Accessories,Watches,Watches,Gold,Winter,2016.0,Formal,Maxima Men Gold Dial Watch,Men Accessories Watches Watches Gold Winter 2016.0 Formal Maxima Men Gold Dial Watch
44348,44348.jpg,http://assets.myntassets.com/v1/images/style/properties/86009bb2c7579ea6e35f5c43ab953317_images.jpg,Men,Apparel,Topwear,Shirts,Brown,Summer,2012.0,Casual,Indian Terrain Men Brown Check Shirt,Men Apparel Topwear Shirts Brown Summer 2012.0 Casual Indian Terrain Men Brown Check Shirt
14438,14438.jpg,http://assets.myntassets.com/v1/images/style/properties/169f5d5f1c94f6ae8b51fe18e30cd86d_images.jpg,Women,Footwear,Shoes,Heels,Yellow,Summer,2012.0,Casual,Enroute Women Casual Yellow Heels,Women Footwear Shoes Heels Yellow Summer 2012.0 Casual Enroute Women Casual Yellow Heels
46282,46282.jpg,http://assets.myntassets.com/v1/images/style/properties/a57037b3e91bd33a40fec7cac55f0f4d_images.jpg,Women,Apparel,Topwear,Tunics,Yellow,Summer,2012.0,Casual,109F Women Yellow Tunic,Women Apparel Topwear Tunics Yellow Summer 2012.0 Casual 109F Women Yellow Tunic
47350,47350.jpg,http://assets.myntassets.com/v1/images/style/properties/afe68580c20b809ebd1486c5e2c9c226_images.jpg,Women,Accessories,Bags,Handbags,Green,Summer,2012.0,Casual,Baggit Women Green Bag,Women Accessories Bags Handbags Green Summer 2012.0 Casual Baggit Women Green Bag
23615,23615.jpg,http://assets.myntassets.com/v1/images/style/properties/5b7e8df035d9b05a716b9660865587e4_images.jpg,Women,Personal Care,Fragrance,Perfume and Body Mist,Red,Spring,2017.0,Casual,Nike Fragrances Women Basic Perfume,Women Personal Care Fragrance Perfume and Body Mist Red Spring 2017.0 Casual Nike Fragrances Women Basic Perfume
17420,17420.jpg,http://assets.myntassets.com/assets/images/17420/2018/3/5/11520250125036-Casio-Enticer-Men-Black-Dial-Analogue-Watch-A479-4621520250124895-1.jpg,Men,Accessories,Watches,Watches,Black,Winter,2016.0,Casual,Casio Enticer Men Black Dial Analogue Watch A479,Men Accessories Watches Watches Black Winter 2016.0 Casual Casio Enticer Men Black Dial Analogue Watch A479
9803,9803.jpg,http://assets.myntassets.com/v1/images/style/properties/fc4b27fd39e6d5e90accaf375bb7e6bf_images.jpg,Women,Apparel,Topwear,Tunics,Navy Blue,Fall,2011.0,Casual,Scullers For Her Women Scullers Top Navy Blue Tops,Women Apparel Topwear Tunics Navy Blue Fall 2011.0 Casual Scullers For Her Women Scullers Top Navy Blue Tops
3505,3505.jpg,http://assets.myntassets.com/v1/images/style/properties/d0746f8615346b3fda0b4e178eee0f71_images.jpg,Women,Footwear,Shoes,Casual Shoes,White,Fall,2010.0,Casual,ADIDAS Women Adi Light White Fresh Shoe,Women Footwear Shoes Casual Shoes White Fall 2010.0 Casual ADIDAS Women Adi Light White Fresh Shoe
42622,42622.jpg,http://assets.myntassets.com/v1/images/style/properties/e806b09b322cfad173b052536a347a79_images.jpg,Women,Accessories,Jewellery,Earrings,Gold,Winter,2016.0,Casual,Estelle Women Earrings,Women Accessories Jewellery Earrings Gold Winter 2016.0 Casual Estelle Women Earrings
12152,12152.jpg,http://assets.myntassets.com/v1/images/style/properties/9eaacd0aa86017881bd848e3d4a69294_images.jpg,Women,Apparel,Topwear,Kurtis,Purple,Fall,2011.0,Ethnic,Aurelia Women Printed Purple Kurti,Women Apparel Topwear Kurtis Purple Fall 2011.0 Ethnic Aurelia Women Printed Purple Kurti
26367,26367.jpg,http://assets.myntassets.com/v1/images/style/properties/b6d14ed28d8e41421827515783d436c3_images.jpg,Women,Apparel,Topwear,Shirts,Lavender,Summer,2012.0,,Arrow Woman Lavender Shirt,Women Apparel Topwear Shirts Lavender Summer 2012.0  Arrow Woman Lavender Shirt
18468,18468.jpg,http://assets.myntassets.com/v1/images/style/properties/1e897ce63928e46263690d681d72e8da_images.jpg,Women,Personal Care,Fragrance,Perfume and Body Mist,White,Spring,2017.0,Casual,Reebok Reelive Women Perfumes,Women Personal Care Fragrance Perfume and Body Mist White Spring 2017.0 Casual Reebok Reelive Women Perfumes
13080,13080.jpg,http://assets.myntassets.com/v1/images/style/properties/efef30c05460e90a1e170998dde8f92c_images.jpg,Men,Footwear,Shoes,Casual Shoes,Black,Summer,2013.0,Casual,Numero Uno Men Black Casual Shoes,Men Footwear Shoes Casual Shoes Black Summer 2013.0 Casual Numero Uno Men Black Casual Shoes
48318,48318.jpg,http://assets.myntassets.com/v1/images/style/properties/13ead9a2db612c49740744462c6f4fa0_images.jpg,Women,Accessories,Jewellery,Bracelet,Silver,Winter,2012.0,Casual,Pitaraa Silver Omelette Thin Bracelet,Women Accessories Jewellery Bracelet Silver Winter 2012.0 Casual Pitaraa Silver Omelette Thin Bracelet
30202,30202.jpg,http://assets.myntassets.com/v1/images/style/properties/dc1d4a905bc2f6f60d08a8acd258e369_images.jpg,Unisex,Accessories,Bags,Backpacks,Navy Blue,Summer,2012.0,Casual,Nike Unisex Classic Turf Navy Blue Backpack,Unisex Accessories Bags Backpacks Navy Blue Summer 2012.0 Casual Nike Unisex Classic Turf Navy Blue Backpack
33487,33487.jpg,http://assets.myntassets.com/v1/images/style/properties/040c6e8554f0f29e38f52fc53a090d7d_images.jpg,Men,Apparel,Topwear,Shirts,Red,Summer,2012.0,Casual,Doodle Kids Boy Check Red Shirt,Men Apparel Topwear Shirts Red Summer 2012.0 Casual Doodle Kids Boy Check Red Shirt
40175,40175.jpg,http://assets.myntassets.com/v1/images/style/properties/03c89d1dc61eca801a0ec322286a4592_images.jpg,Men,Accessories,Eyewear,Sunglasses,Grey,Winter,2016.0,Casual,Fastrack Men Revo Coated Sporty Wrap Sunglasses,Men Accessories Eyewear Sunglasses Grey Winter 2016.0 Casual Fastrack Men Revo Coated Sporty Wrap Sunglasses
10605,10605.jpg,http://assets.myntassets.com/v1/images/style/properties/ae3f2d4e106385269dc73c79896d8065_images.jpg,Women,Accessories,Watches,Watches,Pink,Winter,2016.0,Casual,Esprit Women Houston Funny Pink Watches,Women Accessories Watches Watches Pink Winter 2016.0 Casual Esprit Women Houston Funny Pink Watches
56010,56010.jpg,http://assets.myntassets.com/assets/images/56010/2019/1/11/9b94f9ef-9572-40bb-9466-006d271e56381547190558879-Colorbar-Velvet-Matte-Hot-Hot-Hot-Red-Lipstick-01R-202154719-1.jpg,Women,Personal Care,Lips,Lipstick,Red,Summer,2019.0,Casual,Colorbar Velvet Matte Hot Hot Hot Red Lipstick 01R,Women Personal Care Lips Lipstick Red Summer 2019.0 Casual Colorbar Velvet Matte Hot Hot Hot Red Lipstick 01R
32555,32555.jpg,http://assets.myntassets.com/v1/images/style/properties/cb5de20a8fad6fb3ea14496d5a32f525_images.jpg,Men,Footwear,Shoes,Casual Shoes,White,Summer,2013.0,Casual,Playboy Men White Shoes,Men Footwear Shoes Casual Shoes White Summer 2013.0 Casual Playboy Men White Shoes
53562,53562.jpg,http://assets.myntassets.com/v1/images/style/properties/Q-Q-Unisex-Blue-Dial-Watch_829fe0904e906feaeaa1f9ba205b9138_images.jpg,Unisex,Accessories,Watches,Watches,Blue,Winter,2016.0,Casual,Q&Q Unisex Blue Dial Watch,Unisex Accessories Watches Watches Blue Winter 2016.0 Casual Q&Q Unisex Blue Dial Watch
40949,40949.jpg,http://assets.myntassets.com/v1/images/style/properties/70249f9c9d37d5a4697322c99442274c_images.jpg,Boys,Apparel,Topwear,Tshirts,White,Summer,2012.0,Casual,Gini and Jony Boys Around the World White T-shirt,Boys Apparel Topwear Tshirts White Summer 2012.0 Casual Gini and Jony Boys Around the World White T-shirt
45407,45407.jpg,http://assets.myntassets.com/v1/images/style/properties/5063cda2d8e629f4936f0a879f8b8d7b_images.jpg,Women,Footwear,Shoes,Flats,Brown,Summer,2012.0,Casual,Rocia Women Brown Sandals,Women Footwear Shoes Flats Brown Summer 2012.0 Casual Rocia Women Brown Sandals
4720,4720.jpg,http://assets.myntassets.com/v1/images/style/properties/4c35804275294e78210e4dcf86686652_images.jpg,Girls,Apparel,Topwear,Tshirts,Yellow,Summer,2011.0,Casual,Disney Kids Girl's Fun In The Fair Yellow Teen Kidswear,Girls Apparel Topwear Tshirts Yellow Summer 2011.0 Casual Disney Kids Girl's Fun In The Fair Yellow Teen Kidswear
21142,21142.jpg,http://assets.myntassets.com/v1/images/style/properties/sOliver-Women-Grey-Top_3477f8f485347cbf1ba19b25db390062_images.jpg,Women,Apparel,Topwear,Tops,Grey,Fall,2011.0,Casual,s.Oliver Women Grey Top,Women Apparel Topwear Tops Grey Fall 2011.0 Casual s.Oliver Women Grey Top
39981,39981.jpg,http://assets.myntassets.com/v1/images/style/properties/e8dd5f308885e0e8a533a63b54eaa3ea_images.jpg,Men,Footwear,Shoes,Casual Shoes,Grey,Summer,2013.0,Casual,Gas Men Jack Grey Shoes,Men Footwear Shoes Casual Shoes Grey Summer 2013.0 Casual Gas Men Jack Grey Shoes
59058,59058.jpg,http://assets.myntassets.com/v1/images/style/properties/Global-Desi-Women-Black-Top_54ac890a62a23d4ff28366029ce8146a_images.jpg,Women,Apparel,Topwear,Kurtis,Black,Summer,2010.0,Ethnic,Global Desi Women Black Kurti,Women Apparel Topwear Kurtis Black Summer 2010.0 Ethnic Global Desi Women Black Kurti
15377,15377.jpg,http://assets.myntassets.com/v1/images/style/properties/558836465cadc3972bd8577ac43ccc24_images.jpg,Men,Footwear,Shoes,Casual Shoes,Navy Blue,Summer,2012.0,Casual,Fila Men Lobato Navy Blue Casual Shoes,Men Footwear Shoes Casual Shoes Navy Blue Summer 2012.0 Casual Fila Men Lobato Navy Blue Casual Shoes
10437,10437.jpg,http://assets.myntassets.com/v1/images/style/properties/0f8c620c01625052504c8d0657f99c8f_images.jpg,Men,Apparel,Topwear,Shirts,Green,Fall,2011.0,Casual,Flying Machine Men HS Green Shirts,Men Apparel Topwear Shirts Green Fall 2011.0 Casual Flying Machine Men HS Green Shirts
24602,24602.jpg,http://assets.myntassets.com/v1/images/style/properties/e03f836f279344376ad1db43d82fd287_images.jpg,Women,Apparel,Topwear,Kurtas,Blue,Fall,2011.0,Ethnic,BIba Women Blue Printed Kurta,Women Apparel Topwear Kurtas Blue Fall 2011.0 Ethnic BIba Women Blue Printed Kurta
32767,32767.jpg,http://assets.myntassets.com/v1/images/style/properties/ae6d62194910a07e0183016fe0088d4a_images.jpg,Men,Apparel,Topwear,Shirts,White,Summer,2012.0,Formal,John Miller Men Striped White Shirt,Men Apparel Topwear Shirts White Summer 2012.0 Formal John Miller Men Striped White Shirt
56222,56222.jpg,http://assets.myntassets.com/v1/images/style/properties/SDL-by-Sweet-Dreams-Men-Blue---Grey-Pyjama-Set_18cd7ebf416e3a581bb71e477a3b22cf_images.jpg,Men,Apparel,Loungewear and Nightwear,Night suits,Blue,Summer,2016.0,Casual,SDL by Sweet Dreams Men Blue & Grey Pyjama Set,Men Apparel Loungewear and Nightwear Night suits Blue Summer 2016.0 Casual SDL by Sweet Dreams Men Blue & Grey Pyjama Set
37215,37215.jpg,http://assets.myntassets.com/v1/images/style/properties/2f2c6dcff00bf8d1a66fe284c2e92182_images.jpg,Men,Apparel,Topwear,Shirts,Grey,Summer,2012.0,Casual,United Colors of Benetton Men Grey Shirt,Men Apparel Topwear Shirts Grey Summer 2012.0 Casual United Colors of Benetton Men Grey Shirt
14097,14097.jpg,http://assets.myntassets.com/v1/images/style/properties/9e1e09898d71cb1e3cb46a232eda4617_images.jpg,Men,Apparel,Topwear,Tshirts,Blue,Fall,2011.0,Casual,Flying Machine Men Blue Polo Tshirts,Men Apparel Topwear Tshirts Blue Fall 2011.0 Casual Flying Machine Men Blue Polo Tshirts
53750,53750.jpg,http://assets.myntassets.com/v1/images/style/properties/Adidas-Women-Slate-Grey-Track-Pant_f9126f6fb330ebd5b24b7c3538cd6ac8_images.jpg,Women,Apparel,Bottomwear,Track Pants,Grey,Summer,2012.0,Casual,ADIDAS Women Dark Grey Track Pant,Women Apparel Bottomwear Track Pants Grey Summer 2012.0 Casual ADIDAS Women Dark Grey Track Pant
52682,52682.jpg,http://assets.myntassets.com/v1/images/style/properties/Morellato-Men-Silver-Dial-Watch_a10732fd836eb7645113bd44500b7d8d_images.jpg,Men,Accessories,Watches,Watches,Silver,Winter,2016.0,Casual,Morellato Men Silver Dial Watch,Men Accessories Watches Watches Silver Winter 2016.0 Casual Morellato Men Silver Dial Watch
15145,15145.jpg,http://assets.myntassets.com/v1/images/style/properties/5cd6afd70f89785225e1c0543d8f55d4_images.jpg,Men,Apparel,Topwear,Shirts,Navy Blue,Fall,2011.0,Casual,Arrow Sport Men Printed Navy Blue Shirts,Men Apparel Topwear Shirts Navy Blue Fall 2011.0 Casual Arrow Sport Men Printed Navy Blue Shirts
45635,45635.jpg,http://assets.myntassets.com/v1/images/style/properties/Park-Avenue-Men-White-Briefs-FB003_9df200acd67f539629453d9812a67b2f_images.jpg,Men,Apparel,Innerwear,Briefs,White,Summer,2016.0,Casual,Park Avenue Men White Briefs FB003,Men Apparel Innerwear Briefs White Summer 2016.0 Casual Park Avenue Men White Briefs FB003
4512,4512.jpg,http://assets.myntassets.com/v1/images/style/properties/ca70f3039d167c2b161e684a4ceb0b96_images.jpg,Women,Footwear,Shoes,Sports Shoes,Grey,Summer,2011.0,Sports,Lotto Women Osaka Grey Violet Shoe,Women Footwear Shoes Sports Shoes Grey Summer 2011.0 Sports Lotto Women Osaka Grey Violet Shoe
7397,7397.jpg,http://assets.myntassets.com/v1/images/style/properties/3824fbb868e03010753ee203cac2efc5_images.jpg,Men,Footwear,Shoes,Formal Shoes,Black,Winter,2018.0,Formal,Red Tape Men's Black Formal Shoe,Men Footwear Shoes Formal Shoes Black Winter 2018.0 Formal Red Tape Men's Black Formal Shoe
35542,35542.jpg,http://assets.myntassets.com/v1/images/style/properties/e248f18d30c522e62e6726b94d2e629d_images.jpg,Girls,Footwear,Sandal,Sandals,Pink,Summer,2012.0,Casual,Enroute Kids Girls Pink Sandals,Girls Footwear Sandal Sandals Pink Summer 2012.0 Casual Enroute Kids Girls Pink Sandals
26969,26969.jpg,http://assets.myntassets.com/v1/images/style/properties/Jealous-21-Women-Printed-White---Blue-Top_ce439414864a7162f101726427b6b69d_images.jpg,Women,Apparel,Topwear,Tops,White,Summer,2012.0,Casual,Jealous 21 Women Printed White & Blue Top,Women Apparel Topwear Tops White Summer 2012.0 Casual Jealous 21 Women Printed White & Blue Top
51007,51007.jpg,http://assets.myntassets.com/v1/images/style/properties/Enamor-Black-Full-Figure-Bra_c53ff293347ae57ee3e912ebebe0b676_images.jpg,Women,Apparel,Innerwear,Bra,Black,Summer,2017.0,Casual,Enamor Black Full Figure Bra,Women Apparel Innerwear Bra Black Summer 2017.0 Casual Enamor Black Full Figure Bra
48916,48916.jpg,http://assets.myntassets.com/v1/images/style/properties/Lucera-Women-Silver-Pendant_cd32870dd7294327d79897c203e1fefa_images.jpg,Women,Accessories,Jewellery,Pendant,Silver,Summer,2013.0,Casual,Lucera Women Silver Pendant,Women Accessories Jewellery Pendant Silver Summer 2013.0 Casual Lucera Women Silver Pendant
17612,17612.jpg,http://assets.myntassets.com/v1/images/style/properties/7fc0dc0e751be847d706620fdd3802f7_images.jpg,Girls,Apparel,Topwear,Tshirts,Grey,Fall,2011.0,Casual,Doodle Cute Girls  Grey Tshirt,Girls Apparel Topwear Tshirts Grey Fall 2011.0 Casual Doodle Cute Girls  Grey Tshirt
47162,47162.jpg,http://assets.myntassets.com/v1/images/style/properties/7f8d66409996e8eba33caf86e463463b_images.jpg,Men,Accessories,Belts,Belts,Brown,Summer,2012.0,Casual,Peter England Men Brown Belt,Men Accessories Belts Belts Brown Summer 2012.0 Casual Peter England Men Brown Belt
6245,6245.jpg,http://assets.myntassets.com/v1/images/style/properties/95703660cfb4a09a17cf12fe68d1dd6a_images.jpg,Men,Apparel,Topwear,Tshirts,Grey,Summer,2011.0,Casual,UCB Men's Contrast Logo Grey T-shirt,Men Apparel Topwear Tshirts Grey Summer 2011.0 Casual UCB Men's Contrast Logo Grey T-shirt
19788,19788.jpg,http://assets.myntassets.com/v1/images/style/properties/41b8c79966d01c7427527372924fe532_images.jpg,Men,Apparel,Topwear,Tshirts,Green,Winter,2016.0,Casual,U.S. Polo Assn. Men Solid Green Tshirt,Men Apparel Topwear Tshirts Green Winter 2016.0 Casual U.S. Polo Assn. Men Solid Green Tshirt
12360,12360.jpg,http://assets.myntassets.com/v1/images/style/properties/7fac54922fb61e254770e27851f03bae_images.jpg,Men,Apparel,Topwear,Shirts,Black,Fall,2011.0,Formal,Reid & Taylor Men Solid Black Shirts,Men Apparel Topwear Shirts Black Fall 2011.0 Formal Reid & Taylor Men Solid Black Shirts
26155,26155.jpg,http://assets.myntassets.com/v1/images/style/properties/13662f44491b2d0bb9aa90a8d9454cf5_images.jpg,Men,Apparel,Bottomwear,Trousers,Grey,Summer,2012.0,Formal,John Miller Men Striped Grey Trousers,Men Apparel Bottomwear Trousers Grey Summer 2012.0 Formal John Miller Men Striped Grey Trousers
3737,3737.jpg,http://assets.myntassets.com/v1/images/style/properties/00449355735d40bcbf670cd948d80e09_images.jpg,Unisex,Accessories,Headwear,Caps,Purple,Fall,2010.0,Sports,Lotto Unisex Kochi Tuskers Sovenior Purple Orange Cap,Unisex Accessories Headwear Caps Purple Fall 2010.0 Sports Lotto Unisex Kochi Tuskers Sovenior Purple Orange Cap
42410,42410.jpg,http://assets.myntassets.com/v1/images/style/properties/931f4b6041193b481d2f9d6c72bafa41_images.jpg,Men,Apparel,Innerwear,Briefs,White,Summer,2016.0,Casual,Basics Men White Hip Brief,Men Apparel Innerwear Briefs White Summer 2016.0 Casual Basics Men White Hip Brief
29921,29921.jpg,http://assets.myntassets.com/v1/images/style/properties/Police-Men-Black-Dial-Chronograph-Watch_1663fc532dacade9f53d4e0bd3fb55c9_images.jpg,Men,Accessories,Watches,Watches,Black,Winter,2016.0,Casual,Police Men Black Dial Chronograph Watch PL12777JS-02M,Men Accessories Watches Watches Black Winter 2016.0 Casual Police Men Black Dial Chronograph Watch PL12777JS-02M
27087,27087.jpg,http://assets.myntassets.com/v1/images/style/properties/74f32751e2ddcc6c2c8b46ecd76c76aa_images.jpg,Women,Apparel,Topwear,Kurtas,Black,Summer,2012.0,Ethnic,Aneri Women Egyptian Black Kurta,Women Apparel Topwear Kurtas Black Summer 2012.0 Ethnic Aneri Women Egyptian Black Kurta
54575,54575.jpg,http://assets.myntassets.com/v1/images/style/properties/Sushilas-Women-Printed-Rust-Kurta_01fd9cf6278e883ef9aad36238fb6d15_images.jpg,Women,Apparel,Topwear,Kurtas,Maroon,Summer,2012.0,Ethnic,Sushilas Women Printed Maroon Kurta,Women Apparel Topwear Kurtas Maroon Summer 2012.0 Ethnic Sushilas Women Printed Maroon Kurta
32303,32303.jpg,http://assets.myntassets.com/v1/images/style/properties/Q-Q-Men-Black-Dial-Watch_77f202f4491e326ab0afaa62a7161af5_images.jpg,Men,Accessories,Watches,Watches,Black,Winter,2016.0,Casual,Q&Q Men Black Dial Watch,Men Accessories Watches Watches Black Winter 2016.0 Casual Q&Q Men Black Dial Watch
56646,56646.jpg,http://assets.myntassets.com/v1/images/style/properties/Mumbai-Slang-Women-White-Kurti_6f260a7c81c14e067479f02c50a7cabb_images.jpg,Women,Apparel,Topwear,Kurtis,White,Fall,2012.0,Ethnic,Mumbai Slang Women White Kurti,Women Apparel Topwear Kurtis White Fall 2012.0 Ethnic Mumbai Slang Women White Kurti
5898,5898.jpg,http://assets.myntassets.com/v1/images/style/properties/c315458173ac7727678f8e37f90bb259_images.jpg,Men,Footwear,Shoes,Casual Shoes,Blue,Summer,2011.0,Casual,Puma Men Tekkies Jam Blue Shoe,Men Footwear Shoes Casual Shoes Blue Summer 2011.0 Casual Puma Men Tekkies Jam Blue Shoe
57794,57794.jpg,http://assets.myntassets.com/v1/images/style/properties/Lotus-Herbals-Pomegranate---Plum-Energizing-Skin-Polisher_da8dbed253725fa71cf0b5d7b37d2f59_images.jpg,Women,Personal Care,Skin Care,Face Wash and Cleanser,Maroon,Spring,2017.0,Casual,Lotus Herbals Pomegranate & Plum Energizing Skin Polisher,Women Personal Care Skin Care Face Wash and Cleanser Maroon Spring 2017.0 Casual Lotus Herbals Pomegranate & Plum Energizing Skin Polisher
10053,10053.jpg,http://assets.myntassets.com/v1/images/style/properties/25e4db79314ebf7ae946ec496f7cced0_images.jpg,Women,Apparel,Topwear,Tshirts,Pink,Summer,2011.0,Casual,Gini And Jony Vini Romper Pink T-Shirts,Women Apparel Topwear Tshirts Pink Summer 2011.0 Casual Gini And Jony Vini Romper Pink T-Shirts
24266,24266.jpg,http://assets.myntassets.com/v1/images/style/properties/59d716026f1bd14baa30b7af3dac58fa_images.jpg,Men,Apparel,Topwear,Tshirts,Red,Summer,2012.0,Casual,Quiksilver Men Red T-shirt,Men Apparel Topwear Tshirts Red Summer 2012.0 Casual Quiksilver Men Red T-shirt
38639,38639.jpg,http://assets.myntassets.com/v1/images/style/properties/ddedda401661b0c91b3eeb715b8198c4_images.jpg,Men,Apparel,Topwear,Tshirts,Blue,Summer,2012.0,Casual,Nike Men Blue Cricket Blue Polo Tshirt,Men Apparel Topwear Tshirts Blue Summer 2012.0 Casual Nike Men Blue Cricket Blue Polo Tshirt
15521,15521.jpg,http://assets.myntassets.com/v1/images/style/properties/717a23d80631d14e60bbc954b06c5fb6_images.jpg,Men,Footwear,Flip Flops,Flip Flops,Black,Fall,2011.0,Casual,Rockport Men Jelbalp Black Flip Flops,Men Footwear Flip Flops Flip Flops Black Fall 2011.0 Casual Rockport Men Jelbalp Black Flip Flops
45251,45251.jpg,http://assets.myntassets.com/assets/images/45251/2018/3/2/11519970913393-Casio-Youth-Digital-Men-Black-Digital-Watches-D090-W-734-1AVDF-4521519970913180-1.jpg,Men,Accessories,Watches,Watches,Black,Winter,2016.0,Casual,Casio Youth Series Men Digital Watch W-734-1AVDF(D090),Men Accessories Watches Watches Black Winter 2016.0 Casual Casio Youth Series Men Digital Watch W-734-1AVDF(D090)
37671,37671.jpg,http://assets.myntassets.com/v1/images/style/properties/b2c641d4438a4c0ffd0caf2df4ddf307_images.jpg,Unisex,Accessories,Bags,Backpacks,Black,Summer,2012.0,Casual,American Tourister Unisex Black Backpack,Unisex Accessories Bags Backpacks Black Summer 2012.0 Casual American Tourister Unisex Black Backpack
44383,44383.jpg,http://assets.myntassets.com/v1/images/style/properties/f193d28504261186fa9b2cc593d965c1_images.jpg,Women,Personal Care,Fragrance,Deodorant,Pink,Spring,2017.0,Casual,Spinz Women Exotic Deo,Women Personal Care Fragrance Deodorant Pink Spring 2017.0 Casual Spinz Women Exotic Deo
23043,23043.jpg,http://assets.myntassets.com/v1/images/style/properties/1acc1b11b50bed10cf53e95e5bfbc797_images.jpg,Women,Apparel,Bottomwear,Leggings,Blue,Fall,2011.0,Casual,Arrow Woman Blue Jeggings,Women Apparel Bottomwear Leggings Blue Fall 2011.0 Casual Arrow Woman Blue Jeggings
17276,17276.jpg,http://assets.myntassets.com/v1/images/style/properties/2c1069672e33545ecf7c3bdcf7c276d8_images.jpg,Men,Apparel,Topwear,Tshirts,Mustard,Fall,2011.0,Casual,U.S. Polo Assn. Men Printed Mustard Tshirt,Men Apparel Topwear Tshirts Mustard Fall 2011.0 Casual U.S. Polo Assn. Men Printed Mustard Tshirt
47506,47506.jpg,http://assets.myntassets.com/v1/images/style/properties/302af5e46f481bda888713d9870ae574_images.jpg,Men,Apparel,Innerwear,Innerwear Vests,Blue,Summer,2016.0,Casual,Facit Men Blue Innerwear Vest,Men Apparel Innerwear Innerwear Vests Blue Summer 2016.0 Casual Facit Men Blue Innerwear Vest
6621,6621.jpg,http://assets.myntassets.com/v1/images/style/properties/2e0f915b21422d3685efaaaca1248707_images.jpg,Men,Footwear,Shoes,Sports Shoes,Black,Summer,2011.0,Sports,ADIDAS Men's Boris Black Shoe,Men Footwear Shoes Sports Shoes Black Summer 2011.0 Sports ADIDAS Men's Boris Black Shoe
51463,51463.jpg,http://assets.myntassets.com/v1/images/style/properties/fddab3cb1b251675ffced97d0df3653d_images.jpg,Women,Apparel,Topwear,Tops,Black,Summer,2012.0,Casual,Tonga Women Black Top,Women Apparel Topwear Tops Black Summer 2012.0 Casual Tonga Women Black Top
42848,42848.jpg,http://assets.myntassets.com/v1/images/style/properties/76c50ea74a182f9fe9a802340fc16597_images.jpg,Women,Accessories,Wallets,Wallets,Brown,Summer,2012.0,Casual,French Connection Women Brown Wallet,Women Accessories Wallets Wallets Brown Summer 2012.0 Casual French Connection Women Brown Wallet
22191,22191.jpg,http://assets.myntassets.com/v1/images/style/properties/ed28f5ea658ff49ab0253f8f8798893a_images.jpg,Men,Footwear,Shoes,Casual Shoes,Brown,Fall,2012.0,Casual,Timberland Men Light Brown Casual Shoes,Men Footwear Shoes Casual Shoes Brown Fall 2012.0 Casual Timberland Men Light Brown Casual Shoes
9669,9669.jpg,http://assets.myntassets.com/v1/images/style/properties/5824da2955055c4b2893259393ebac06_images.jpg,Men,Apparel,Topwear,Shirts,Blue,Fall,2011.0,Casual,Indigo Nation Men Checks Blue Shirts,Men Apparel Topwear Shirts Blue Fall 2011.0 Casual Indigo Nation Men Checks Blue Shirts
54111,54111.jpg,http://assets.myntassets.com/v1/images/style/properties/Rocia-Women-Copper-Sandals_9db3fcf4e551ffda644f052be7d5c4b2_images.jpg,Women,Footwear,Shoes,Heels,Copper,Winter,2012.0,Casual,Rocia Women Copper Flats,Women Footwear Shoes Heels Copper Winter 2012.0 Casual Rocia Women Copper Flats
12704,12704.jpg,http://assets.myntassets.com/v1/images/style/properties/eaf8f7339bfa5a6a5375491df92fcba4_images.jpg,Men,Footwear,Shoes,Sports Shoes,Grey,Fall,2011.0,Sports,Nike Men Air Relentness Grey Sports Shoes,Men Footwear Shoes Sports Shoes Grey Fall 2011.0 Sports Nike Men Air Relentness Grey Sports Shoes
26531,26531.jpg,http://assets.myntassets.com/v1/images/style/properties/8c91e3be9885709d1a77975d5e6dc2cb_images.jpg,Men,Footwear,Shoes,Casual Shoes,Olive,Summer,2013.0,Casual,Gas Men Arunta Olive Casual Shoes,Men Footwear Shoes Casual Shoes Olive Summer 2013.0 Casual Gas Men Arunta Olive Casual Shoes
31586,31586.jpg,http://assets.myntassets.com/v1/images/style/properties/7149a1d4f836e3abf6f9f14b52f34354_images.jpg,Men,Apparel,Topwear,Tshirts,Yellow,Summer,2012.0,Casual,Mark Taylor Men Printed Yellow T-shirt,Men Apparel Topwear Tshirts Yellow Summer 2012.0 Casual Mark Taylor Men Printed Yellow T-shirt
3353,3353.jpg,http://assets.myntassets.com/v1/images/style/properties/15fcfc98e24bdb3e239d94bae48bfe72_images.jpg,Men,Apparel,Topwear,Tshirts,Blue,Summer,2011.0,Casual,Myntra Men's I am a nice guy Navy Blue T-shirt,Men Apparel Topwear Tshirts Blue Summer 2011.0 Casual Myntra Men's I am a nice guy Navy Blue T-shirt
42074,42074.jpg,http://assets.myntassets.com/v1/images/style/properties/0293d50a25058322753cfd306c1b4711_images.jpg,Men,Accessories,Wallets,Wallets,Black,Summer,2012.0,Casual,American Tourister Men Black Coin Passcase Wallet,Men Accessories Wallets Wallets Black Summer 2012.0 Casual American Tourister Men Black Coin Passcase Wallet
47734,47734.jpg,http://assets.myntassets.com/v1/images/style/properties/Murcia-Women-Charcoal-Handbag_b76ee8cae7f754555028890e782c900e_images.jpg,Women,Accessories,Bags,Handbags,Grey,Fall,2012.0,Casual,Murcia Women Grey Handbag,Women Accessories Bags Handbags Grey Fall 2012.0 Casual Murcia Women Grey Handbag
6413,6413.jpg,http://assets.myntassets.com/v1/images/style/properties/5c0e03e308987bcd2dd1c3c4fe4f0891_images.jpg,Unisex,Footwear,Shoes,Casual Shoes,Pink,Summer,2011.0,Casual,Lotto Unisex Canvas Pink Shoe,Unisex Footwear Shoes Casual Shoes Pink Summer 2011.0 Casual Lotto Unisex Canvas Pink Shoe
18830,18830.jpg,http://assets.myntassets.com/v1/images/style/properties/55f8e4564beed74879fb0daca7cf4a22_images.jpg,Men,Accessories,Belts,Belts,Black,Summer,2011.0,Formal,Peter England Men Formal Black Belt,Men Accessories Belts Belts Black Summer 2011.0 Formal Peter England Men Formal Black Belt
28699,28699.jpg,http://assets.myntassets.com/v1/images/style/properties/8c8f212316728e87ec8701a9f1f90452_images.jpg,Women,Apparel,Topwear,Kurtas,Pink,Summer,2012.0,Ethnic,W Women Printed  Light Pink Kurta,Women Apparel Topwear Kurtas Pink Summer 2012.0 Ethnic W Women Printed  Light Pink Kurta
23271,23271.jpg,http://assets.myntassets.com/v1/images/style/properties/9cd9fbf7e561fab860cf8ee3bdd269c8_images.jpg,Men,Accessories,Watches,Watches,White,Winter,2016.0,Casual,Maxima Ssteele Men White Watch,Men Accessories Watches Watches White Winter 2016.0 Casual Maxima Ssteele Men White Watch
17044,17044.jpg,http://assets.myntassets.com/v1/images/style/properties/8903d2863587633e97148734df907ef4_images.jpg,Men,Footwear,Sandal,Sandals,Brown,Summer,2013.0,Casual,Gas Men Aventura Sandal,Men Footwear Sandal Sandals Brown Summer 2013.0 Casual Gas Men Aventura Sandal
50783,50783.jpg,http://assets.myntassets.com/v1/images/style/properties/Clarks-Women-Black-Onslow-Beat-Leather-Wedges_47a35388dd38302fd2a81b21eb60399d_images.jpg,Women,Footwear,Shoes,Heels,Black,Winter,2015.0,Casual,Clarks Women Black Onslow Beat Leather Wedges,Women Footwear Shoes Heels Black Winter 2015.0 Casual Clarks Women Black Onslow Beat Leather Wedges
51651,51651.jpg,http://assets.myntassets.com/v1/images/style/properties/2fe99c7aed4d1c9fb9f8ce4e641aa8df_images.jpg,Men,Accessories,Watches,Watches,Grey,Winter,2016.0,Casual,Fossil Men Grey Dial Chronograph Watch FS4584,Men Accessories Watches Watches Grey Winter 2016.0 Casual Fossil Men Grey Dial Chronograph Watch FS4584
16196,16196.jpg,http://assets.myntassets.com/v1/images/style/properties/13c95c7864bdd7557f37ab96be7c854d_images.jpg,Men,Apparel,Topwear,Jackets,Red,Fall,2011.0,Sports,Puma Men Heroes Red Jackets,Men Apparel Topwear Jackets Red Fall 2011.0 Sports Puma Men Heroes Red Jackets
35314,35314.jpg,http://assets.myntassets.com/v1/images/style/properties/7fa8ad7fa59e5391b0d3d182bde9fef9_images.jpg,Women,Accessories,Jewellery,Earrings,Silver,Winter,2016.0,Ethnic,Fabindia Women Anusuya Silver Earrings,Women Accessories Jewellery Earrings Silver Winter 2016.0 Ethnic Fabindia Women Anusuya Silver Earrings
43394,43394.jpg,http://assets.myntassets.com/v1/images/style/properties/f52c04270dc62be82869f5acd6f8f814_images.jpg,Men,Accessories,Wallets,Wallets,Brown,Summer,2012.0,Casual,Lino Perros Men Brown Wallet,Men Accessories Wallets Wallets Brown Summer 2012.0 Casual Lino Perros Men Brown Wallet
17878,17878.jpg,http://assets.myntassets.com/v1/images/style/properties/4abd6c6968760e525aa70fb474af2056_images.jpg,Men,Apparel,Innerwear,Innerwear Vests,Maroon,Summer,2016.0,Casual,Levis Men Comfort Style Maroon Innerwear Vest,Men Apparel Innerwear Innerwear Vests Maroon Summer 2016.0 Casual Levis Men Comfort Style Maroon Innerwear Vest
30666,30666.jpg,http://assets.myntassets.com/v1/images/style/properties/bdbc9a4ebcda6722e2c7a15257798b65_images.jpg,Men,Accessories,Eyewear,Sunglasses,Black,Winter,2016.0,Casual,Park Avenue Men Black Sunglasses,Men Accessories Eyewear Sunglasses Black Winter 2016.0 Casual Park Avenue Men Black Sunglasses
3161,3161.jpg,http://assets.myntassets.com/v1/images/style/properties/baffde85f36e72580d7246b0952ee688_images.jpg,Men,Footwear,Shoes,Sports Shoes,White,Summer,2011.0,Sports,Nike Men's Air Citius MSL White Grey Shoe,Men Footwear Shoes Sports Shoes White Summer 2011.0 Sports Nike Men's Air Citius MSL White Grey Shoe
8589,8589.jpg,http://assets.myntassets.com/v1/images/style/properties/da8d60d43340503f4f422c732c420584_images.jpg,Men,Apparel,Topwear,Shirts,Blue,Fall,2011.0,Casual,Scullers Men Scul Blue Shirts,Men Apparel Topwear Shirts Blue Fall 2011.0 Casual Scullers Men Scul Blue Shirts
12536,12536.jpg,http://assets.myntassets.com/v1/images/style/properties/ef46a6f9a20309220a353d51911931b1_images.jpg,Women,Apparel,Topwear,Sweatshirts,Black,Fall,2011.0,Casual,Puma Women Solid Black Sweatshirts,Women Apparel Topwear Sweatshirts Black Fall 2011.0 Casual Puma Women Solid Black Sweatshirts
26703,26703.jpg,http://assets.myntassets.com/v1/images/style/properties/1038ce9f7220f629cf068d34e286de8c_images.jpg,Men,Footwear,Shoes,Sports Shoes,White,Fall,2011.0,Sports,Nike Men White Court Shuttle Shoes,Men Footwear Shoes Sports Shoes White Fall 2011.0 Sports Nike Men White Court Shuttle Shoes
25186,25186.jpg,http://assets.myntassets.com/v1/images/style/properties/Lino-Perros-Women-Leatherette-Brown-Handbag912ae28600f365c85b9f8bcae0a0af87_images.jpg,Women,Accessories,Bags,Handbags,Brown,Winter,2015.0,Casual,Lino Perros Women Leatherette Brown Handbag,Women Accessories Bags Handbags Brown Winter 2015.0 Casual Lino Perros Women Leatherette Brown Handbag
56474,56474.jpg,http://assets.myntassets.com/v1/images/style/properties/Streetwear-Fiery-Femme-Nail-Polish--18_aa454556b2d50f3aaca6521eca5c98a3_images.jpg,Women,Personal Care,Nails,Nail Polish,Red,Spring,2017.0,,Streetwear Fiery Femme Nail Polish # 18,Women Personal Care Nails Nail Polish Red Spring 2017.0  Streetwear Fiery Femme Nail Polish # 18
1636,1636.jpg,http://assets.myntassets.com/v1/images/style/properties/7c80fca789c5c1863a4080d7ed57acf0_images.jpg,Men,Footwear,Shoes,Sports Shoes,White,Fall,2010.0,Sports,Nike Men Air Zoom Century Shoes,Men Footwear Shoes Sports Shoes White Fall 2010.0 Sports Nike Men Air Zoom Century Shoes
40511,40511.jpg,http://assets.myntassets.com/v1/images/style/properties/42f4d4a383284273924f651d75918dd8_images.jpg,Men,Accessories,Watches,Watches,White,Winter,2016.0,Casual,Titan Men White Dial Watch,Men Accessories Watches Watches White Winter 2016.0 Casual Titan Men White Dial Watch
10261,10261.jpg,http://assets.myntassets.com/v1/images/style/properties/43689446729c4a4b9f6872f4f31593ce_images.jpg,Men,Apparel,Bottomwear,Trousers,Brown,Fall,2011.0,Formal,John Miller Men Slim Brown Trousers,Men Apparel Bottomwear Trousers Brown Fall 2011.0 Formal John Miller Men Slim Brown Trousers
24054,24054.jpg,http://assets.myntassets.com/v1/images/style/properties/492e209292dd6cadd3527ad8332ff41b_images.jpg,Men,Apparel,Topwear,Tshirts,Blue,Fall,2011.0,Casual,Locomotive Men Printed Blue T-shirt,Men Apparel Topwear Tshirts Blue Fall 2011.0 Casual Locomotive Men Printed Blue T-shirt
4344,4344.jpg,http://assets.myntassets.com/v1/images/style/properties/05258b3aab19101a69bf27340d1f6aa1_images.jpg,Men,Footwear,Shoes,Sports Shoes,White,Summer,2011.0,Sports,Fila Men's Abascuss White Blue Shoe,Men Footwear Shoes Sports Shoes White Summer 2011.0 Sports Fila Men's Abascuss White Blue Shoe
21526,21526.jpg,http://assets.myntassets.com/v1/images/style/properties/d1e32f6091a54eac3da0653d10129f54_images.jpg,Women,Accessories,Bags,Handbags,Red,Winter,2015.0,Casual,Kiara Women Glossy Red Handbag,Women Accessories Bags Handbags Red Winter 2015.0 Casual Kiara Women Glossy Red Handbag
15713,15713.jpg,http://assets.myntassets.com/v1/images/style/properties/aea04a305c1e279cec06172c669a5751_images.jpg,Men,Footwear,Shoes,Sports Shoes,Black,Fall,2011.0,Sports,Nike Men Air Relentless Black Sports Shoes,Men Footwear Shoes Sports Shoes Black Fall 2011.0 Sports Nike Men Air Relentless Black Sports Shoes
53106,53106.jpg,http://assets.myntassets.com/v1/images/style/properties/Fabindia-Silver-Earrings_235d31b952bcf88bd9f81d32fd17c089_images.jpg,Women,Accessories,Jewellery,Earrings,Silver,Winter,2016.0,Casual,Fabindia Silver Earrings,Women Accessories Jewellery Earrings Silver Winter 2016.0 Casual Fabindia Silver Earrings
5296,5296.jpg,http://assets.myntassets.com/v1/images/style/properties/f5591109328d6f69462df128965a8258_images.jpg,Men,Footwear,Sandal,Sandals,Black,Summer,2011.0,Casual,Puma Men Black Floater,Men Footwear Sandal Sandals Black Summer 2011.0 Casual Puma Men Black Floater
24868,24868.jpg,http://assets.myntassets.com/v1/images/style/properties/a92d059d10d1f6eae4151508f4609571_images.jpg,Men,Accessories,Wallets,Wallets,Black,Summer,2012.0,Casual,Reid & Taylor Men Casual Black Wallet,Men Accessories Wallets Wallets Black Summer 2012.0 Casual Reid & Taylor Men Casual Black Wallet
41605,41605.jpg,http://assets.myntassets.com/v1/images/style/properties/Basics-Men-Grey-Shirt_9b798a6d6e2b4d37627075dff803bda1_images.jpg,Men,Apparel,Topwear,Shirts,Grey,Fall,2012.0,Casual,Basics Men Grey Shirt,Men Apparel Topwear Shirts Grey Fall 2012.0 Casual Basics Men Grey Shirt
25340,25340.jpg,http://assets.myntassets.com/v1/images/style/properties/ac4a9fab9b82c8f7b3f96e583c96a46c_images.jpg,Men,Apparel,Innerwear,Trunk,Beige,Summer,2016.0,Casual,Levis Men Beige Boxer Trunks,Men Apparel Innerwear Trunk Beige Summer 2016.0 Casual Levis Men Beige Boxer Trunks
11175,11175.jpg,http://assets.myntassets.com/v1/images/style/properties/e9e8873e4c036e7f1f498c92dbe0f72e_images.jpg,Men,Apparel,Topwear,Sweaters,White,Fall,2011.0,Casual,Scullers Men Stripes White Sweaters,Men Apparel Topwear Sweaters White Fall 2011.0 Casual Scullers Men Stripes White Sweaters
57760,57760.jpg,http://assets.myntassets.com/v1/images/style/properties/Lotus-Herbals-Tea-Tree-Face-Wash_0881dac92b7493364a426f1093dd38ee_images.jpg,Women,Personal Care,Skin Care,Face Wash and Cleanser,White,Spring,2017.0,,Lotus Herbals Tea Tree Face Wash,Women Personal Care Skin Care Face Wash and Cleanser White Spring 2017.0  Lotus Herbals Tea Tree Face Wash
24292,24292.jpg,http://assets.myntassets.com/v1/images/style/properties/Quiksilver-Men-High-Black-Socks5ce7b27b0993991687dd2833b1a69668_images.jpg,Men,Accessories,Socks,Socks,Black,Summer,2016.0,Casual,Quiksilver Men High Black Socks,Men Accessories Socks Socks Black Summer 2016.0 Casual Quiksilver Men High Black Socks
33225,33225.jpg,http://assets.myntassets.com/v1/images/style/properties/c1a94e1415f58fc183bc9488bf692e5b_images.jpg,Women,Apparel,Dress,Dresses,Pink,Summer,2012.0,Casual,Sepia Women Pink Dress,Women Apparel Dress Dresses Pink Summer 2012.0 Casual Sepia Women Pink Dress
11949,11949.jpg,http://assets.myntassets.com/v1/images/style/properties/45da55174d251a833af58e1aa162052d_images.jpg,Men,Footwear,Shoes,Casual Shoes,Brown,Fall,2012.0,Casual,Ganuchi Men Casual Brown Casual Shoes,Men Footwear Shoes Casual Shoes Brown Fall 2012.0 Casual Ganuchi Men Casual Brown Casual Shoes
36757,36757.jpg,http://assets.myntassets.com/v1/images/style/properties/cf921e6c20b228661c561a74ec1c20b6_images.jpg,Women,Accessories,Watches,Watches,Black,Winter,2016.0,Casual,Maxima Women Black Watch,Women Accessories Watches Watches Black Winter 2016.0 Casual Maxima Women Black Watch
37685,37685.jpg,http://assets.myntassets.com/v1/images/style/properties/ea72b88711b0fe676bf96c4d4d1fbd43_images.jpg,Unisex,Accessories,Bags,Backpacks,Black,Summer,2012.0,Casual,American Tourister Unisex Black Backpack,Unisex Accessories Bags Backpacks Black Summer 2012.0 Casual American Tourister Unisex Black Backpack
5050,5050.jpg,http://assets.myntassets.com/v1/images/style/properties/2f4267ce2de8d98c8ecbd46ca5d75f4a_images.jpg,Men,Footwear,Shoes,Casual Shoes,Black,Summer,2011.0,Casual,Fila Men's Passion Black red Canvas Shoe,Men Footwear Shoes Casual Shoes Black Summer 2011.0 Casual Fila Men's Passion Black red Canvas Shoe
44377,44377.jpg,http://assets.myntassets.com/v1/images/style/properties/c7335fb66a2501f89d3ea81beb5ca808_images.jpg,Men,Personal Care,Fragrance,Deodorant,Grey,Spring,2017.0,Casual,Jovan Men White Musk Deo,Men Personal Care Fragrance Deodorant Grey Spring 2017.0 Casual Jovan Men White Musk Deo
58728,58728.jpg,http://assets.myntassets.com/v1/images/style/properties/Puma-Women-Pink-T-shirt_35327171229119b5b2a4efcb31517940_images.jpg,Women,Apparel,Topwear,Tshirts,Pink,Summer,2012.0,Casual,Puma Women Pink T-shirt,Women Apparel Topwear Tshirts Pink Summer 2012.0 Casual Puma Women Pink T-shirt
50545,50545.jpg,http://assets.myntassets.com/v1/images/style/properties/Chromozome-Men-Pack-of-Two-Briefs_d49f50d98bfc6b2fec3c0ce6d3a74028_images.jpg,Men,Apparel,Innerwear,Briefs,Black,Summer,2016.0,Casual,Chromozome Men Pack of Two Briefs,Men Apparel Innerwear Briefs Black Summer 2016.0 Casual Chromozome Men Pack of Two Briefs
17282,17282.jpg,http://assets.myntassets.com/v1/images/style/properties/6d61c93a7b5273145d49ab8a63bcda01_images.jpg,Men,Apparel,Topwear,Tshirts,Black,Fall,2011.0,Casual,U.S. Polo Assn. Men Printed Black Tshirt,Men Apparel Topwear Tshirts Black Fall 2011.0 Casual U.S. Polo Assn. Men Printed Black Tshirt
34000,34000.jpg,http://assets.myntassets.com/v1/images/style/properties/c3fab05d9c47f4f772da93244c86d57d_images.jpg,Women,Apparel,Topwear,Tops,Black,Summer,2012.0,Casual,Femella Women Black Top,Women Apparel Topwear Tops Black Summer 2012.0 Casual Femella Women Black Top
7707,7707.jpg,http://assets.myntassets.com/v1/images/style/properties/ab588b6d252f2a16ad9127e3cf705d3d_images.jpg,Women,Apparel,Bottomwear,Jeans,Black,Fall,2011.0,Casual,Jealous 21 Women's Abbie Black Jegging,Women Apparel Bottomwear Jeans Black Fall 2011.0 Casual Jealous 21 Women's Abbie Black Jegging
46420,46420.jpg,http://assets.myntassets.com/v1/images/style/properties/Timex-Men-Cream-Dial-Chronograph-Watch_bbdb6d474f2a3092dda43600a725fec3_images.jpg,Men,Accessories,Watches,Watches,Cream,Winter,2016.0,Casual,Timex Men Cream Dial Chronograph Watch,Men Accessories Watches Watches Cream Winter 2016.0 Casual Timex Men Cream Dial Chronograph Watch
16350,16350.jpg,http://assets.myntassets.com/v1/images/style/properties/f349739dc05a9f662e0e977837bda6a0_images.jpg,Men,Apparel,Topwear,Shirts,Cream,Fall,2011.0,Formal,Peter England Men Stripes Cream Shirt,Men Apparel Topwear Shirts Cream Fall 2011.0 Formal Peter England Men Stripes Cream Shirt
51497,51497.jpg,http://assets.myntassets.com/v1/images/style/properties/3c7ad6d772954b73d41681d934b07f70_images.jpg,Women,Apparel,Bottomwear,Jeans,Navy Blue,Summer,2012.0,Casual,Denizen Women Navy Blue Jeans,Women Apparel Bottomwear Jeans Navy Blue Summer 2012.0 Casual Denizen Women Navy Blue Jeans
22165,22165.jpg,http://assets.myntassets.com/v1/images/style/properties/8683a67ee6b77e1d0ee1c2ca4d612161_images.jpg,Men,Footwear,Shoes,Casual Shoes,Brown,Fall,2012.0,Casual,Timberland Men Brown Casual Shoes,Men Footwear Shoes Casual Shoes Brown Fall 2012.0 Casual Timberland Men Brown Casual Shoes
43152,43152.jpg,http://assets.myntassets.com/v1/images/style/properties/56fb8ef4edd45901d89c4ff4eb0d899a_images.jpg,Men,Accessories,Watches,Watches,Black,Winter,2016.0,Casual,Fastrack Men Black Watch,Men Accessories Watches Watches Black Winter 2016.0 Casual Fastrack Men Black Watch
2275,2275.jpg,http://assets.myntassets.com/v1/images/style/properties/388fac9b69511adcaa473fa2d567389f_images.jpg,Men,Apparel,Topwear,Tshirts,White,Fall,2010.0,Sports,Nike Mens Challenger Graphic White T-shirt,Men Apparel Topwear Tshirts White Fall 2010.0 Sports Nike Mens Challenger Graphic White T-shirt
27417,27417.jpg,http://assets.myntassets.com/assets/images/27417/2015/12/2/11449046896367-Jockey-Women-Blue-Relaxed-Capris-1011449046896116-1.jpg,Women,Apparel,Bottomwear,Capris,Blue,Winter,2015.0,Casual,Jockey Women Blue Relaxed Capris,Women Apparel Bottomwear Capris Blue Winter 2015.0 Casual Jockey Women Blue Relaxed Capris
55037,55037.jpg,http://assets.myntassets.com/v1/images/style/properties/Lakme-Absolute-Matte-Bitter-Chocolate-Lipstick-53_8335d4eacb71ffe83b7b2873c13495cd_images.jpg,Women,Personal Care,Lips,Lipstick,Brown,Spring,2017.0,Casual,Lakme Absolute Matte Bitter Chocolate Lipstick 53,Women Personal Care Lips Lipstick Brown Spring 2017.0 Casual Lakme Absolute Matte Bitter Chocolate Lipstick 53
19318,19318.jpg,http://assets.myntassets.com/v1/images/style/properties/Nike-Unisex-Classic-Base-Blue-Backpackb792ddd1565926b4797b60841e72ec80_images.jpg,Unisex,Accessories,Bags,Backpacks,Blue,Fall,2011.0,Casual,Nike Unisex Classic Base Blue Backpack,Unisex Accessories Bags Backpacks Blue Fall 2011.0 Casual Nike Unisex Classic Base Blue Backpack
49468,49468.jpg,http://assets.myntassets.com/v1/images/style/properties/Vans-Men-Maroon-Old-Skool-Shoes_d4826108fe9e4979766e62df2f7fcd06_images.jpg,Men,Footwear,Shoes,Casual Shoes,Red,Summer,2012.0,Casual,Vans Men Red Old Skool Shoes,Men Footwear Shoes Casual Shoes Red Summer 2012.0 Casual Vans Men Red Old Skool Shoes
42080,42080.jpg,http://assets.myntassets.com/v1/images/style/properties/American-Tourister-Men-Black-Slim-Fold-Wallet_df7656e6285a47ffea9a3b93631f9fd7_images.jpg,Men,Accessories,Wallets,Wallets,Black,Summer,2012.0,Casual,American Tourister Men Black Travel Wallet,Men Accessories Wallets Wallets Black Summer 2012.0 Casual American Tourister Men Black Travel Wallet
22959,22959.jpg,http://assets.myntassets.com/v1/images/style/properties/d898378df6163532990b75bada43f65d_images.jpg,Men,Footwear,Shoes,Sports Shoes,White,Summer,2012.0,Sports,Reebok Men White Fusion Sports Shoes,Men Footwear Shoes Sports Shoes White Summer 2012.0 Sports Reebok Men White Fusion Sports Shoes
34232,34232.jpg,http://assets.myntassets.com/v1/images/style/properties/45b559dbabfc2d8159d2f81de7722e24_images.jpg,Men,Apparel,Topwear,Tshirts,Grey,Summer,2013.0,Casual,Proline Men Grey T-shirt,Men Apparel Topwear Tshirts Grey Summer 2013.0 Casual Proline Men Grey T-shirt
23285,23285.jpg,http://assets.myntassets.com/v1/images/style/properties/Maxima-Ssteele-Men-White-Watch94d49cca9358df86d9cf1582b66857eb_images.jpg,Men,Accessories,Watches,Watches,White,Winter,2016.0,Casual,Maxima Men White Watch,Men Accessories Watches Watches White Winter 2016.0 Casual Maxima Men White Watch
50777,50777.jpg,http://assets.myntassets.com/v1/images/style/properties/Clarks-Men-Formal-Shoes_d8593516fd4c7bfd45328e976caa96c6_images.jpg,Men,Footwear,Shoes,Formal Shoes,Brown,Summer,2013.0,Formal,Clarks Men Dino Limit Brown Formal Shoes,Men Footwear Shoes Formal Shoes Brown Summer 2013.0 Formal Clarks Men Dino Limit Brown Formal Shoes
16162,16162.jpg,http://assets.myntassets.com/v1/images/style/properties/2aad2e1edb9ea3e6c318df98205f574b_images.jpg,Men,Footwear,Sandal,Sandals,Black,Fall,2011.0,Casual,Enroute Men Leather Black Sandals,Men Footwear Sandal Sandals Black Fall 2011.0 Casual Enroute Men Leather Black Sandals
22357,22357.jpg,http://assets.myntassets.com/v1/images/style/properties/ec217e05d31457a2a0885eb9848c8b1d_images.jpg,Men,Apparel,Topwear,Shirts,Black,Fall,2011.0,Casual,John Players Men Solid Black Shirt,Men Apparel Topwear Shirts Black Fall 2011.0 Casual John Players Men Solid Black Shirt
19916,19916.jpg,http://assets.myntassets.com/v1/images/style/properties/Wildcraft-Unisex-Outdoor-Within-Pax-Grey-Backpack_2caccf41066aeca1182a7f9822f6e51e_images.jpg,Unisex,Accessories,Bags,Backpacks,Black,Winter,2015.0,Casual,Wildcraft Unisex Black & Grey Printed Laptop Backpack,Unisex Accessories Bags Backpacks Black Winter 2015.0 Casual Wildcraft Unisex Black & Grey Printed Laptop Backpack
7535,7535.jpg,http://assets.myntassets.com/v1/images/style/properties/db414aa2ae7194da578f3241cd4d799e_images.jpg,Men,Apparel,Topwear,Tshirts,Blue,Summer,2011.0,Sports,Nike Men's Blue Polo T-shirt,Men Apparel Topwear Tshirts Blue Summer 2011.0 Sports Nike Men's Blue Polo T-shirt
46612,46612.jpg,http://assets.myntassets.com/v1/images/style/properties/7ff58c3f7c1e8b1b7966cc4600c6c38a_images.jpg,Women,Footwear,Shoes,Heels,Brown,Winter,2012.0,Casual,Catwalk Women Brown Wedges,Women Footwear Shoes Heels Brown Winter 2012.0 Casual Catwalk Women Brown Wedges
27625,27625.jpg,http://assets.myntassets.com/v1/images/style/properties/1d48a740b52980e02294280c42140d77_images.jpg,Men,Apparel,Bottomwear,Shorts,Grey,Summer,2012.0,Casual,Scullers Men Grey Shorts,Men Apparel Bottomwear Shorts Grey Summer 2012.0 Casual Scullers Men Grey Shorts
13410,13410.jpg,http://assets.myntassets.com/v1/images/style/properties/637a8264a75d14644a2605ef24059302_images.jpg,Men,Apparel,Topwear,Shirts,Blue,Summer,2011.0,Casual,United Colors of Benetton Men Solid Blue Shirts,Men Apparel Topwear Shirts Blue Summer 2011.0 Casual United Colors of Benetton Men Solid Blue Shirts
48788,48788.jpg,http://assets.myntassets.com/v1/images/style/properties/fc3a22c6247812ffd8454bb854d43f54_images.jpg,Women,Accessories,Jewellery,Pendant,Silver,Summer,2015.0,Casual,Lucera Women Silver Pendant,Women Accessories Jewellery Pendant Silver Summer 2015.0 Casual Lucera Women Silver Pendant
43360,43360.jpg,http://assets.myntassets.com/v1/images/style/properties/204c35089ef0ca53f26baf86eb074e33_images.jpg,Men,Footwear,Shoes,Sports Shoes,White,Summer,2012.0,Sports,Reebok Men White Ultimate Vibe Sports Shoes,Men Footwear Shoes Sports Shoes White Summer 2012.0 Sports Reebok Men White Ultimate Vibe Sports Shoes
2047,2047.jpg,http://assets.myntassets.com/v1/images/style/properties/c37cbdf8358102c49c0f5dbe1c0e1856_images.jpg,Men,Apparel,Topwear,Tshirts,Navy Blue,Fall,2010.0,Sports,ADIDAS Men's Navy Blue T-shirt,Men Apparel Topwear Tshirts Navy Blue Fall 2010.0 Sports ADIDAS Men's Navy Blue T-shirt
30692,30692.jpg,http://assets.myntassets.com/v1/images/style/properties/0858c71bc7adc664325643bf8bf8639f_images.jpg,Women,Footwear,Shoes,Heels,Brown,Winter,2015.0,Casual,Catwalk Women Brown Heels,Women Footwear Shoes Heels Brown Winter 2015.0 Casual Catwalk Women Brown Heels
55205,55205.jpg,http://assets.myntassets.com/v1/images/style/properties/Lakme-Lip-Love-Dark-Desire-Lipstick-B122A_16ac2f350c3742e502cb6f213dd528b0_images.jpg,Women,Personal Care,Lips,Lipstick,Brown,Spring,2017.0,Casual,Lakme Lip Love Dark Desire Lipstick B122A,Women Personal Care Lips Lipstick Brown Spring 2017.0 Casual Lakme Lip Love Dark Desire Lipstick B122A
25172,25172.jpg,http://assets.myntassets.com/v1/images/style/properties/3e25bc8d2d3583e304cf2803e13c1142_images.jpg,Women,Accessories,Bags,Handbags,Brown,Winter,2015.0,Casual,Lino Perros Women Leatherite Brown Handbag,Women Accessories Bags Handbags Brown Winter 2015.0 Casual Lino Perros Women Leatherite Brown Handbag
56480,56480.jpg,http://assets.myntassets.com/v1/images/style/properties/Streetwear-Chocolat-Nail-Polish-20_e8fa3384281c04b389d72f8adbb5cdeb_images.jpg,Women,Personal Care,Nails,Nail Polish,Brown,Spring,2017.0,Casual,Streetwear Chocolat Nail Polish 20,Women Personal Care Nails Nail Polish Brown Spring 2017.0 Casual Streetwear Chocolat Nail Polish 20
11347,11347.jpg,http://assets.myntassets.com/v1/images/style/properties/73c2b0fbfaa86d7a08b668b2e045a455_images.jpg,Men,Apparel,Bottomwear,Jeans,Blue,Summer,2017.0,Casual,Lee Men Elvira Rinse Blue Chicago Fit Jeans,Men Apparel Bottomwear Jeans Blue Summer 2017.0 Casual Lee Men Elvira Rinse Blue Chicago Fit Jeans
41437,41437.jpg,http://assets.myntassets.com/v1/images/style/properties/a36c588c364a56bc88de7b50101ba1ca_images.jpg,Men,Footwear,Shoes,Sports Shoes,White,Fall,2012.0,Sports,Lee Cooper Men White Sports Shoes,Men Footwear Shoes Sports Shoes White Fall 2012.0 Sports Lee Cooper Men White Sports Shoes
33017,33017.jpg,http://assets.myntassets.com/v1/images/style/properties/8a98e879b59cc0c49aed707975c5f145_images.jpg,Women,Apparel,Topwear,Kurtas,Green,Summer,2012.0,Ethnic,Mother Earth Women Striped Green Kurta,Women Apparel Topwear Kurtas Green Summer 2012.0 Ethnic Mother Earth Women Striped Green Kurta
10295,10295.jpg,http://assets.myntassets.com/v1/images/style/properties/83cd6db4f547e2ec582714b3592ba718_images.jpg,Men,Footwear,Shoes,Casual Shoes,Brown,Summer,2016.0,Casual,Clarks Men Brown Leather Casual Shoes,Men Footwear Shoes Casual Shoes Brown Summer 2016.0 Casual Clarks Men Brown Leather Casual Shoes
57552,57552.jpg,http://assets.myntassets.com/v1/images/style/properties/Lotus-Herbals-FloralSTAY-Copper-Toast-Lip-Color-424_131135c4972ae5d7e0b54dbc0691d151_images.jpg,Women,Personal Care,Lips,Lipstick,Copper,Spring,2017.0,Casual,Lotus Herbals Floralstay Copper Toast Lip Color 424,Women Personal Care Lips Lipstick Copper Spring 2017.0 Casual Lotus Herbals Floralstay Copper Toast Lip Color 424
44979,44979.jpg,http://assets.myntassets.com/v1/images/style/properties/Maxima-Attivo-Men-Black-Dial-Watch_7cb419160aab30b013158dc5fef3821a_images.jpg,Men,Accessories,Watches,Watches,Silver,Winter,2016.0,Casual,Maxima Attivo Men Steel-Toned Dial Watch 15933LMGB,Men Accessories Watches Watches Silver Winter 2016.0 Casual Maxima Attivo Men Steel-Toned Dial Watch 15933LMGB
45097,45097.jpg,http://assets.myntassets.com/v1/images/style/properties/64f7f1663af06fa80ce8f277c2a6745e_images.jpg,Women,Apparel,Innerwear,Bra,Pink,Winter,2015.0,Casual,Bwitch Pink Ruby Bra,Women Apparel Innerwear Bra Pink Winter 2015.0 Casual Bwitch Pink Ruby Bra
36565,36565.jpg,http://assets.myntassets.com/v1/images/style/properties/195edb554b6d5570c62198b0940bd5d1_images.jpg,Women,Personal Care,Fragrance,Deodorant,Red,Spring,2017.0,Casual,United Colors of Benetton Women Deo,Women Personal Care Fragrance Deodorant Red Spring 2017.0 Casual United Colors of Benetton Women Deo
14635,14635.jpg,http://assets.myntassets.com/v1/images/style/properties/a2dba5f44a1eee888116c06909b484eb_images.jpg,Men,Accessories,Mufflers,Mufflers,Black,Summer,2011.0,Casual,United Colors of Benetton Men Solid Black Mufflers,Men Accessories Mufflers Mufflers Black Summer 2011.0 Casual United Colors of Benetton Men Solid Black Mufflers
5262,5262.jpg,http://assets.myntassets.com/v1/images/style/properties/Wildcraft-Unisex-Campus-Blue-Backpack_d093a7e53475d0398a7fde5c5e1b8b36_images.jpg,Unisex,Accessories,Bags,Backpacks,Blue,Winter,2015.0,Casual,Wildcraft Unisex Blue & Grey Printed Backpack,Unisex Accessories Bags Backpacks Blue Winter 2015.0 Casual Wildcraft Unisex Blue & Grey Printed Backpack
8925,8925.jpg,http://assets.myntassets.com/v1/images/style/properties/Puma-Men-High-Shine-Black-Belt_3dd5f7cbec09d39bb34caae84f1b6a12_images.jpg,Men,Accessories,Belts,Belts,Black,Summer,2012.0,Casual,Puma Men High Shine Black Belt,Men Accessories Belts Belts Black Summer 2012.0 Casual Puma Men High Shine Black Belt
16506,16506.jpg,http://assets.myntassets.com/v1/images/style/properties/e656ae2dd568fa7089754f481e93aa03_images.jpg,Men,Apparel,Bottomwear,Jeans,Blue,Fall,2011.0,Casual,Locomotive Men Washed Blue Jeans,Men Apparel Bottomwear Jeans Blue Fall 2011.0 Casual Locomotive Men Washed Blue Jeans
22733,22733.jpg,http://assets.myntassets.com/v1/images/style/properties/8d5a5eb7aae39ed9958de2f8ade64b9c_images.jpg,Men,Footwear,Shoes,Casual Shoes,Grey,Fall,2011.0,Casual,Nike Men Dunk High Grey Casual Shoes,Men Footwear Shoes Casual Shoes Grey Fall 2011.0 Casual Nike Men Dunk High Grey Casual Shoes
35784,35784.jpg,http://assets.myntassets.com/v1/images/style/properties/35b7eb39a80600b68e50f9e409b5c053_images.jpg,Women,Footwear,Shoes,Flats,Black,Summer,2012.0,Casual,Enroute Women Black Shoes,Women Footwear Shoes Flats Black Summer 2012.0 Casual Enroute Women Black Shoes
7151,7151.jpg,http://assets.myntassets.com/v1/images/style/properties/23649aa8c80d9c0e7f111d4f51870c22_images.jpg,Women,Apparel,Topwear,Shirts,Black,Fall,2011.0,Casual,Scullers For Her Women Rivited Check Black Shirts,Women Apparel Topwear Shirts Black Fall 2011.0 Casual Scullers For Her Women Rivited Check Black Shirts
46276,46276.jpg,http://assets.myntassets.com/v1/images/style/properties/5e0c64f90bfa041a4feadb0a3726b276_images.jpg,Women,Apparel,Topwear,Tops,Cream,Summer,2012.0,Casual,109F Women Cream Printed Top,Women Apparel Topwear Tops Cream Summer 2012.0 Casual 109F Women Cream Printed Top
13848,13848.jpg,http://assets.myntassets.com/v1/images/style/properties/7d8309d08f2b0a596e0aead25616f5f6_images.jpg,Men,Apparel,Topwear,Tshirts,Blue,Fall,2011.0,Casual,United Colors of Benetton Men Solid Blue Polo Tshirts,Men Apparel Topwear Tshirts Blue Fall 2011.0 Casual United Colors of Benetton Men Solid Blue Polo Tshirts
6083,6083.jpg,http://assets.myntassets.com/v1/images/style/properties/7af7a8dfe4a9bc18fb27b5994c7b9f8b_images.jpg,Women,Apparel,Topwear,Tshirts,Pink,Summer,2011.0,Casual,UCB Women's Halftone Print Pink T-shirt,Women Apparel Topwear Tshirts Pink Summer 2011.0 Casual UCB Women's Halftone Print Pink T-shirt
28209,28209.jpg,http://assets.myntassets.com/v1/images/style/properties/0d5812b850f82d52a8d4cfd17ef2584e_images.jpg,Men,Accessories,Eyewear,Sunglasses,Black,Winter,2016.0,Casual,Ray-Ban Men High Street Black Sunglasses,Men Accessories Eyewear Sunglasses Black Winter 2016.0 Casual Ray-Ban Men High Street Black Sunglasses
50313,50313.jpg,http://assets.myntassets.com/v1/images/style/properties/c3fb014180d989e7b02b8736ada7654d_images.jpg,Men,Accessories,Ties,Ties,Brown,Summer,2012.0,Formal,Park Avenue Men Brown Tie,Men Accessories Ties Ties Brown Summer 2012.0 Formal Park Avenue Men Brown Tie
8119,8119.jpg,http://assets.myntassets.com/v1/images/style/properties/4acd551b2d5a6cbaaea3537f5b5fd193_images.jpg,Men,Accessories,Belts,Belts,Grey,Winter,2016.0,Casual,Fastrack Men Canvas Red Stitches Grey Belts,Men Accessories Belts Belts Grey Winter 2016.0 Casual Fastrack Men Canvas Red Stitches Grey Belts
31324,31324.jpg,http://assets.myntassets.com/v1/images/style/properties/664f46a2b85add0ac8b3f83d91eaeea9_images.jpg,Women,Apparel,Topwear,Kurtas,Blue,Summer,2012.0,Ethnic,Aurelia Women Printed Blue Kurta,Women Apparel Topwear Kurtas Blue Summer 2012.0 Ethnic Aurelia Women Printed Blue Kurta
13074,13074.jpg,http://assets.myntassets.com/v1/images/style/properties/5dfbb2e1085e06bed0b0685f4deeb0a8_images.jpg,Men,Footwear,Shoes,Casual Shoes,Brown,Fall,2011.0,Casual,Numero Uno Men Brown Casual Shoes,Men Footwear Shoes Casual Shoes Brown Fall 2011.0 Casual Numero Uno Men Brown Casual Shoes
43704,43704.jpg,http://assets.myntassets.com/v1/images/style/properties/b5a164f634a692a5a81295e47b37f818_images.jpg,Women,Accessories,Jewellery,Jewellery Set,Green,Summer,2012.0,Casual,Royal Diadem Green Earring & Pendant Set,Women Accessories Jewellery Jewellery Set Green Summer 2012.0 Casual Royal Diadem Green Earring & Pendant Set
33473,33473.jpg,http://assets.myntassets.com/v1/images/style/properties/9bf16e19494160246cd27f1cc7395b20_images.jpg,Women,Accessories,Belts,Belts,Brown,Summer,2012.0,Casual,Baggit Women Choti Jhuti Brown Belt,Women Accessories Belts Belts Brown Summer 2012.0 Casual Baggit Women Choti Jhuti Brown Belt
58942,58942.jpg,http://assets.myntassets.com/v1/images/style/properties/Tommy-Hilfiger-Women-Silver-Dial-Watch_abe6324c8d398904ee9577db8ac79dad_images.jpg,Women,Accessories,Watches,Watches,Silver,Winter,2016.0,Casual,Tommy Hilfiger Women Silver-Toned Dial  Watch TH1780453-D,Women Accessories Watches Watches Silver Winter 2016.0 Casual Tommy Hilfiger Women Silver-Toned Dial  Watch TH1780453-D
20858,20858.jpg,http://assets.myntassets.com/v1/images/style/properties/043777d8c5e9176cf601a1456dc847df_images.jpg,Women,Accessories,Eyewear,Sunglasses,Olive,Winter,2016.0,Casual,United Colors of Benetton Women Casual Olive Sunglasses,Women Accessories Eyewear Sunglasses Olive Winter 2016.0 Casual United Colors of Benetton Women Casual Olive Sunglasses
40181,40181.jpg,http://assets.myntassets.com/v1/images/style/properties/e5bd6bd56e860b61f0112b8523d826c0_images.jpg,Men,Accessories,Eyewear,Sunglasses,Grey,Winter,2016.0,Casual,Fastrack Men Revo Coated Sporty Wrap Sunglasses,Men Accessories Eyewear Sunglasses Grey Winter 2016.0 Casual Fastrack Men Revo Coated Sporty Wrap Sunglasses
57136,57136.jpg,http://assets.myntassets.com/v1/images/style/properties/Elle-Women-Black-Trousers_70c834b2f56887df3ce0d292beb39fad_images.jpg,Women,Apparel,Bottomwear,Trousers,Black,Summer,2012.0,Casual,Elle Women Black Trousers,Women Apparel Bottomwear Trousers Black Summer 2012.0 Casual Elle Women Black Trousers
25516,25516.jpg,http://assets.myntassets.com/v1/images/style/properties/3c9919c2a4f5f59683ab4df140056bad_images.jpg,Boys,Apparel,Topwear,Tshirts,Red,Fall,2011.0,Casual,Doodle Kids Boys Airfeild Red T-Shirt,Boys Apparel Topwear Tshirts Red Fall 2011.0 Casual Doodle Kids Boys Airfeild Red T-Shirt
39149,39149.jpg,http://assets.myntassets.com/v1/images/style/properties/5053fe1317a71253442d25273590aaab_images.jpg,Women,Apparel,Topwear,Kurtas,Red,Summer,2012.0,Ethnic,Aneri Women Red Kurtas,Women Apparel Topwear Kurtas Red Summer 2012.0 Ethnic Aneri Women Red Kurtas
59890,59890.jpg,http://assets.myntassets.com/v1/images/style/properties/Femella-Women-Multi-Coloured-Tunic_3931ba11eb442f3e523f48f548678645_images.jpg,Women,Apparel,Topwear,Tunics,Multi,Fall,2012.0,Casual,Femella Women Multi Coloured Tunic,Women Apparel Topwear Tunics Multi Fall 2012.0 Casual Femella Women Multi Coloured Tunic
53596,53596.jpg,http://assets.myntassets.com/v1/images/style/properties/Q-Q-Men-Navy-Blue-Digital-Watch_b32d7cbd2274004d7ba972f39c8bbd72_images.jpg,Men,Free Items,Free Gifts,Free Gifts,Navy Blue,Winter,2016.0,Casual,Q&Q Men Navy Blue Digital Watch,Men Free Items Free Gifts Free Gifts Navy Blue Winter 2016.0 Casual Q&Q Men Navy Blue Digital Watch
20064,20064.jpg,http://assets.myntassets.com/v1/images/style/properties/7fffbab8406641531a9ae3e4446bc9fd_images.jpg,Women,Accessories,Mufflers,Mufflers,Blue,Fall,2011.0,Casual,United Colors Of Benetton Women Blue Muffler,Women Accessories Mufflers Mufflers Blue Fall 2011.0 Casual United Colors Of Benetton Women Blue Muffler
5606,5606.jpg,http://assets.myntassets.com/v1/images/style/properties/a2910180f57f2557139decd881dd66b1_images.jpg,Men,Footwear,Sandal,Sandals,Black,Summer,2011.0,Casual,ADIDAS Men Kendall Black Floater,Men Footwear Sandal Sandals Black Summer 2011.0 Casual ADIDAS Men Kendall Black Floater
44521,44521.jpg,http://assets.myntassets.com/v1/images/style/properties/8fdaedb32b00be7b27714bc67055e0d7_images.jpg,Men,Footwear,Sandal,Sandals,Black,Summer,2012.0,Casual,Coolers Men Black Sandals,Men Footwear Sandal Sandals Black Summer 2012.0 Casual Coolers Men Black Sandals
36101,36101.jpg,http://assets.myntassets.com/v1/images/style/properties/2bfdc0942c6fa703e80690fb1214e902_images.jpg,Men,Accessories,Wallets,Wallets,Brown,Summer,2012.0,Casual,OTLS Men Josh Brown Wallet,Men Accessories Wallets Wallets Brown Summer 2012.0 Casual OTLS Men Josh Brown Wallet
52444,52444.jpg,http://assets.myntassets.com/v1/images/style/properties/Red-Rose-White---Purple-Nightdress_1397fb14558d9357ca8069fa6052ecb3_images.jpg,Women,Apparel,Loungewear and Nightwear,Nightdress,Purple,Winter,2015.0,Casual,Red Rose White & Purple Nightdress,Women Apparel Loungewear and Nightwear Nightdress Purple Winter 2015.0 Casual Red Rose White & Purple Nightdress
39975,39975.jpg,http://assets.myntassets.com/v1/images/style/properties/Gas-Men-Olive-Swansea-Shoes_3b88d59b9e96bd64e16d0c85ec522979_images.jpg,Men,Footwear,Shoes,Casual Shoes,Olive,Winter,2014.0,Casual,Gas Men Olive Swansea Shoes,Men Footwear Shoes Casual Shoes Olive Winter 2014.0 Casual Gas Men Olive Swansea Shoes
57304,57304.jpg,http://assets.myntassets.com/v1/images/style/properties/Rocia-Women-Brown-Sandals_2f5eb8becdac0a5fe7238acde097614e_images.jpg,Women,Footwear,Shoes,Heels,Brown,Winter,2012.0,Casual,Rocia Women Brown Wedges,Women Footwear Shoes Heels Brown Winter 2012.0 Casual Rocia Women Brown Wedges
33641,33641.jpg,http://assets.myntassets.com/v1/images/style/properties/Lotto-Men-Black-Koro-G-Slippers_a34db65a450a3a80fccb61f5fe41b549_images.jpg,Men,Footwear,Flip Flops,Flip Flops,Black,Summer,2012.0,Casual,Lotto Men Black Koro G Slippers,Men Footwear Flip Flops Flip Flops Black Summer 2012.0 Casual Lotto Men Black Koro G Slippers
41261,41261.jpg,http://assets.myntassets.com/v1/images/style/properties/c0ab21cbea981e27eabcecb5df26134f_images.jpg,Men,Accessories,Wallets,Wallets,Brown,Summer,2012.0,Casual,Arrow Men Brown Wallet,Men Accessories Wallets Wallets Brown Summer 2012.0 Casual Arrow Men Brown Wallet
25724,25724.jpg,http://assets.myntassets.com/v1/images/style/properties/713ab54bea90dba84a265cd9ba458dbb_images.jpg,Men,Accessories,Belts,Belts,Brown,Summer,2012.0,Casual,Wrangler Men Leather Brown Belt,Men Accessories Belts Belts Brown Summer 2012.0 Casual Wrangler Men Leather Brown Belt
11511,11511.jpg,http://assets.myntassets.com/v1/images/style/properties/09f49fced9f3a34e970cca2e5023d775_images.jpg,Women,Footwear,Shoes,Flats,Gold,Winter,2015.0,Casual,Catwalk Women Lifestyle Gold Toned Ballerinas,Women Footwear Shoes Flats Gold Winter 2015.0 Casual Catwalk Women Lifestyle Gold Toned Ballerinas
5434,5434.jpg,http://assets.myntassets.com/v1/images/style/properties/0e21bf6466c7bea0f9dcf68d5c6699a7_images.jpg,Men,Apparel,Topwear,Tshirts,Red,Summer,2011.0,Sports,Nike Men's Kill Man Red T-shirt,Men Apparel Topwear Tshirts Red Summer 2011.0 Sports Nike Men's Kill Man Red T-shirt
44713,44713.jpg,http://assets.myntassets.com/v1/images/style/properties/1a690940734f3bc0df5d13791baf68a2_images.jpg,Men,Footwear,Flip Flops,Flip Flops,Black,Summer,2012.0,Casual,Lotto Men Black Flip Flops,Men Footwear Flip Flops Flip Flops Black Summer 2012.0 Casual Lotto Men Black Flip Flops
14063,14063.jpg,http://assets.myntassets.com/v1/images/style/properties/02af1474655c147cf5e825e40e164bb7_images.jpg,Men,Apparel,Topwear,Tshirts,Blue,Fall,2011.0,Casual,Flying Machine Men Solid Blue Polo Tshirts,Men Apparel Topwear Tshirts Blue Fall 2011.0 Casual Flying Machine Men Solid Blue Polo Tshirts
20256,20256.jpg,http://assets.myntassets.com/v1/images/style/properties/86999335a121001cb4cbb3933f59dc6f_images.jpg,Men,Apparel,Topwear,Tshirts,Green,Fall,2011.0,Casual,Wrangler Men Wing Green T-shirt,Men Apparel Topwear Tshirts Green Fall 2011.0 Casual Wrangler Men Wing Green T-shirt
52676,52676.jpg,http://assets.myntassets.com/v1/images/style/properties/Morellato-Women-White-Dial-Watch_b1fdec55c4180f3656468968f0c8e203_images.jpg,Women,Free Items,Free Gifts,Free Gifts,White,Winter,2016.0,Casual,Morellato Women White Dial Watch,Women Free Items Free Gifts Free Gifts White Winter 2016.0 Casual Morellato Women White Dial Watch
36333,36333.jpg,http://assets.myntassets.com/v1/images/style/properties/Playboy-Men-White---Red-Socks_9ac190b316bb511b9d5e7434ff634a7a_images.jpg,Men,Accessories,Socks,Socks,White,Summer,2016.0,Casual,Playboy Men White & Red Socks,Men Accessories Socks Socks White Summer 2016.0 Casual Playboy Men White & Red Socks
7363,7363.jpg,http://assets.myntassets.com/v1/images/style/properties/Red-Tape-Men-Black-Semi-Formal-Shoes_6d0e438208cfddf1a1c0423a04a3cc21_images.jpg,Men,Footwear,Shoes,Formal Shoes,Black,Winter,2018.0,Formal,Red Tape Men Black Semi Formal Shoes,Men Footwear Shoes Formal Shoes Black Winter 2018.0 Formal Red Tape Men Black Semi Formal Shoes
46044,46044.jpg,http://assets.myntassets.com/v1/images/style/properties/bde840fe33af4d0b1dbdca7fa6fb9e43_images.jpg,Women,Accessories,Jewellery,Earrings,Gold,Winter,2016.0,Casual,Estelle Gold Earrings,Women Accessories Jewellery Earrings Gold Winter 2016.0 Casual Estelle Gold Earrings
16734,16734.jpg,http://assets.myntassets.com/v1/images/style/properties/7600f1237827bb23131b59a0c8b9a7bc_images.jpg,Men,Footwear,Flip Flops,Flip Flops,Maroon,Fall,2011.0,Casual,Lotto Men Emeriti Maroon Slipper,Men Footwear Flip Flops Flip Flops Maroon Fall 2011.0 Casual Lotto Men Emeriti Maroon Slipper
22501,22501.jpg,http://assets.myntassets.com/v1/images/style/properties/b776b5230e4eb87f82489058951e8a02_images.jpg,Women,Footwear,Shoes,Casual Shoes,Beige,Winter,2015.0,Casual,Catwalk Women Beige Casual Shoes,Women Footwear Shoes Casual Shoes Beige Winter 2015.0 Casual Catwalk Women Beige Casual Shoes
49830,49830.jpg,http://assets.myntassets.com/v1/images/style/properties/0e09a17a32012683b88de656e14b24e2_images.jpg,Women,Footwear,Flip Flops,Flip Flops,Pink,Winter,2012.0,Casual,iPanema Women Pink Flip Flops,Women Footwear Flip Flops Flip Flops Pink Winter 2012.0 Casual iPanema Women Pink Flip Flops
47196,47196.jpg,http://assets.myntassets.com/v1/images/style/properties/ff08f4495fe8d8ca799b327cf3487e3a_images.jpg,Men,Footwear,Sandal,Sandals,Brown,Summer,2012.0,Casual,Franco Leone Men Brown Sandals,Men Footwear Sandal Sandals Brown Summer 2012.0 Casual Franco Leone Men Brown Sandals
34464,34464.jpg,http://assets.myntassets.com/v1/images/style/properties/4b084c2ec8c06aee759ddc3d93c57f09_images.jpg,Unisex,Accessories,Accessories,Travel Accessory,Red,Summer,2012.0,Casual,ADIDAS Unisex Red Organizer Bag,Unisex Accessories Accessories Travel Accessory Red Summer 2012.0 Casual ADIDAS Unisex Red Organizer Bag
12394,12394.jpg,http://assets.myntassets.com/v1/images/style/properties/246d46cd53c67d65fc936495f5b91ea8_images.jpg,Men,Accessories,Socks,Socks,Black,Summer,2016.0,Formal,Reid & Taylor Men Solid Black Socks,Men Accessories Socks Socks Black Summer 2016.0 Formal Reid & Taylor Men Solid Black Socks
46878,46878.jpg,http://assets.myntassets.com/v1/images/style/properties/b7a976c447f5ebeeed5cb6279998be2a_images.jpg,Men,Accessories,Socks,Socks,Black,Summer,2012.0,Casual,Lino Perros Men Pack of 2 Socks,Men Accessories Socks Socks Black Summer 2012.0 Casual Lino Perros Men Pack of 2 Socks
31116,31116.jpg,http://assets.myntassets.com/v1/images/style/properties/ab13e5576f1a6b597ca99514da15fec6_images.jpg,Boys,Apparel,Bottomwear,Shorts,Grey,Summer,2012.0,Casual,Gini and Jony Boys Grey Shorts,Boys Apparel Bottomwear Shorts Grey Summer 2012.0 Casual Gini and Jony Boys Grey Shorts
43536,43536.jpg,http://assets.myntassets.com/v1/images/style/properties/French-Connection-Women-Multi-Coloured-Top_010cd6898ca04d62922cd2dc6903fc9a_images.jpg,Women,Apparel,Topwear,Tops,Peach,Summer,2012.0,Casual,French Connection Women Peach Top,Women Apparel Topwear Tops Peach Summer 2012.0 Casual French Connection Women Peach Top
28807,28807.jpg,http://assets.myntassets.com/v1/images/style/properties/2f2060a1d29361249690a5cdc388d30e_images.jpg,Men,Apparel,Topwear,Shirts,Brown,Summer,2012.0,Casual,Denizen Men Check Brown Shirt,Men Apparel Topwear Shirts Brown Summer 2012.0 Casual Denizen Men Check Brown Shirt
2611,2611.jpg,http://assets.myntassets.com/v1/images/style/properties/aa9703a664cfc1493cc14a0eab2af64b_images.jpg,Women,Footwear,Shoes,Heels,Gold,Winter,2012.0,Casual,Carlton London Women Stylish Gold Flats,Women Footwear Shoes Heels Gold Winter 2012.0 Casual Carlton London Women Stylish Gold Flats
13246,13246.jpg,http://assets.myntassets.com/v1/images/style/properties/da9a7ad1dc45a3537b6ae67a54e13e4a_images.jpg,Men,Apparel,Bottomwear,Jeans,Blue,Fall,2011.0,Casual,Palm Tree Kids Boy Washed Blue Jeans,Men Apparel Bottomwear Jeans Blue Fall 2011.0 Casual Palm Tree Kids Boy Washed Blue Jeans
54581,54581.jpg,http://assets.myntassets.com/v1/images/style/properties/Sushilas-Women-Printed-Green-Kurta_db0c27e38c46687abdedae5414d183a1_images.jpg,Women,Apparel,Topwear,Kurtas,Green,Summer,2012.0,Ethnic,Sushilas Women Printed Green Kurta,Women Apparel Topwear Kurtas Green Summer 2012.0 Ethnic Sushilas Women Printed Green Kurta
3763,3763.jpg,http://assets.myntassets.com/v1/images/style/properties/389a9352e335fb32fe33c220b75a9757_images.jpg,Men,Apparel,Topwear,Tshirts,Grey,Summer,2011.0,Casual,Status Quo Men's London Icon Grey T-shirt,Men Apparel Topwear Tshirts Grey Summer 2011.0 Casual Status Quo Men's London Icon Grey T-shirt
29975,29975.jpg,http://assets.myntassets.com/v1/images/style/properties/Aspen-Women-Black-Dial-Watch_07a8a1a15c1ae939094dd952ff889c3f_images.jpg,Women,Free Items,Free Gifts,Free Gifts,Black,Winter,2016.0,Casual,Aspen Women Black Dial Watch,Women Free Items Free Gifts Free Gifts Black Winter 2016.0 Casual Aspen Women Black Dial Watch
26101,26101.jpg,http://assets.myntassets.com/v1/images/style/properties/bf89ea937ddce414bb169e04f3275a24_images.jpg,Men,Apparel,Topwear,Shirts,White,Summer,2012.0,Formal,John Miller Men Striped White Shirt,Men Apparel Topwear Shirts White Summer 2012.0 Formal John Miller Men Striped White Shirt
54521,54521.jpg,http://assets.myntassets.com/v1/images/style/properties/F-Sports-Men-White-Voyager-Sports-Shoes_c5ff061b1db80cb997ae9f796e838bb5_images.jpg,Men,Footwear,Shoes,Sports Shoes,White,Fall,2012.0,Sports,F Sports Men White Voyager Sports Shoes,Men Footwear Shoes Sports Shoes White Fall 2012.0 Sports F Sports Men White Voyager Sports Shoes
9259,9259.jpg,http://assets.myntassets.com/v1/images/style/properties/f657d6abaa8184bc31e80a5e6811da5a_images.jpg,Men,Apparel,Topwear,Shirts,Blue,Fall,2011.0,Formal,Mark Taylor Men Blue Striped Shirt,Men Apparel Topwear Shirts Blue Fall 2011.0 Formal Mark Taylor Men Blue Striped Shirt
30064,30064.jpg,http://assets.myntassets.com/v1/images/style/properties/a55ae4323bbe2fef46bc870745dfa9cc_images.jpg,Men,Accessories,Watches,Watches,Black,Winter,2016.0,Casual,Ed Hardy Men Grey Dial Watch,Men Accessories Watches Watches Black Winter 2016.0 Casual Ed Hardy Men Grey Dial Watch
16794,16794.jpg,http://assets.myntassets.com/v1/images/style/properties/53f6e5d399fc65d449ba08707f8e23f7_images.jpg,Men,Apparel,Topwear,Shirts,Navy Blue,Fall,2011.0,Casual,Highlander Men Stripes Navy Blue Shirt,Men Apparel Topwear Shirts Navy Blue Fall 2011.0 Casual Highlander Men Stripes Navy Blue Shirt
51053,51053.jpg,http://assets.myntassets.com/v1/images/style/properties/Enamor-Women-Sage-Green-Bikini-Briefs_5583a321de4f531fe4f760c00a926461_images.jpg,Women,Apparel,Innerwear,Briefs,Green,Summer,2017.0,Casual,Enamor Women Green Bikini Brief,Women Apparel Innerwear Briefs Green Summer 2017.0 Casual Enamor Women Green Bikini Brief
49890,49890.jpg,http://assets.myntassets.com/v1/images/style/properties/8c816750982e5d3d15f42e28e9f4aa14_images.jpg,Girls,Accessories,Watches,Watches,Blue,Winter,2016.0,Casual,Q&Q Kids Girls Blue Analog Watch,Girls Accessories Watches Watches Blue Winter 2016.0 Casual Q&Q Kids Girls Blue Analog Watch
47136,47136.jpg,http://assets.myntassets.com/v1/images/style/properties/e7181e557cce35621c81d6c5f431eb8e_images.jpg,Women,Accessories,Bags,Handbags,Blue,Summer,2015.0,Casual,Be For Bag Women Blue Tote Bag,Women Accessories Bags Handbags Blue Summer 2015.0 Casual Be For Bag Women Blue Tote Bag
6211,6211.jpg,http://assets.myntassets.com/v1/images/style/properties/6a927c672066f9d85bf3c7cf57453c1b_images.jpg,Women,Apparel,Topwear,Tshirts,Blue,Summer,2011.0,Casual,UCB Women's Print Boat Blue Top,Women Apparel Topwear Tshirts Blue Summer 2011.0 Casual UCB Women's Print Boat Blue Top
48942,48942.jpg,http://assets.myntassets.com/v1/images/style/properties/Lucera-Women-Silver-Ring_1f24c898316a25ec83e5c819b65b9b59_images.jpg,Women,Accessories,Jewellery,Ring,Silver,Summer,2013.0,Casual,Lucera Women Silver Ring,Women Accessories Jewellery Ring Silver Summer 2013.0 Casual Lucera Women Silver Ring
23473,23473.jpg,http://assets.myntassets.com/v1/images/style/properties/Lino-Perros-Men-Red-Check-Scarf25bcac55386dcdd8e8dc4e57c415e82a_images.jpg,Men,Accessories,Scarves,Scarves,Red,Winter,2015.0,Casual,Lino Perros Men Red Check Scarf,Men Accessories Scarves Scarves Red Winter 2015.0 Casual Lino Perros Men Red Check Scarf
50181,50181.jpg,http://assets.myntassets.com/v1/images/style/properties/9db6256a2e8deed74aa531401de49ddb_images.jpg,Women,Personal Care,Makeup,Kajal and Eyeliner,Beige,Spring,2017.0,Casual,Peperone Women Beige Handbag,Women Personal Care Makeup Kajal and Eyeliner Beige Spring 2017.0 Casual Peperone Women Beige Handbag
17646,17646.jpg,http://assets.myntassets.com/v1/images/style/properties/Converse-Unisex-Green-Flip-Flops_788af68e516efcf70f90b8d6b657da1a_images.jpg,Unisex,Footwear,Flip Flops,Flip Flops,Green,Spring,2013.0,Casual,Converse Unisex Green Flip Flops,Unisex Footwear Flip Flops Flip Flops Green Spring 2013.0 Casual Converse Unisex Green Flip Flops
30858,30858.jpg,http://assets.myntassets.com/v1/images/style/properties/cebc2ea431e324e6f182512b17d41de9_images.jpg,Women,Apparel,Topwear,Kurtas,Black,Summer,2012.0,Ethnic,Fabindia Women Striped Black Kurta,Women Apparel Topwear Kurtas Black Summer 2012.0 Ethnic Fabindia Women Striped Black Kurta
1808,1808.jpg,http://assets.myntassets.com/v1/images/style/properties/476153bcecad2ec9c9cbb753bca7f0ee_images.jpg,Unisex,Accessories,Water Bottle,Water Bottle,Purple,Fall,2010.0,Sports,Quechua Aluminium Print Water Bottle,Unisex Accessories Water Bottle Water Bottle Purple Fall 2010.0 Sports Quechua Aluminium Print Water Bottle
37241,37241.jpg,http://assets.myntassets.com/v1/images/style/properties/bb19253f1f8bce9a8ef77375cd346016_images.jpg,Men,Footwear,Shoes,Casual Shoes,Black,Summer,2012.0,Casual,United Colors of Benetton Men Black Shoes,Men Footwear Shoes Casual Shoes Black Summer 2012.0 Casual United Colors of Benetton Men Black Shoes
5494,5494.jpg,http://assets.myntassets.com/v1/images/style/properties/6d485a45deddb60888302bc9a03b54ab_images.jpg,Men,Apparel,Topwear,Tshirts,Grey,Summer,2011.0,Casual,Mr.Men Men's Charcoal Polo T-shirt,Men Apparel Topwear Tshirts Grey Summer 2011.0 Casual Mr.Men Men's Charcoal Polo T-shirt
45661,45661.jpg,http://assets.myntassets.com/v1/images/style/properties/Park-Avenue-Men-Square-Neck-Grey-Melange-Innerwear-Vests_1036d6c299fef3086b478333ac9dfb9c_images.jpg,Men,Apparel,Innerwear,Innerwear Vests,Grey Melange,Summer,2016.0,Casual,Park Avenue Men Grey Melange Square Neck Vest,Men Apparel Innerwear Innerwear Vests Grey Melange Summer 2016.0 Casual Park Avenue Men Grey Melange Square Neck Vest
36393,36393.jpg,http://assets.myntassets.com/v1/images/style/properties/Reid---Taylor-Men-Blue-Socks_af892516380ff395f0b3ca298468a535_images.jpg,Men,Accessories,Socks,Socks,Blue,Summer,2016.0,Casual,Reid & Taylor Men Blue Socks,Men Accessories Socks Socks Blue Summer 2016.0 Casual Reid & Taylor Men Blue Socks
4546,4546.jpg,http://assets.myntassets.com/v1/images/style/properties/6d489d04b2840d450005883d5605c311_images.jpg,Men,Footwear,Shoes,Sports Shoes,Black,Summer,2011.0,Sports,Nike Men's Air Max Black Shoe,Men Footwear Shoes Sports Shoes Black Summer 2011.0 Sports Nike Men's Air Max Black Shoe
21324,21324.jpg,http://assets.myntassets.com/v1/images/style/properties/f0a88bc0ad9823c61f52e88251c52ec8_images.jpg,Men,Accessories,Eyewear,Sunglasses,Brown,Winter,2016.0,Casual,Louis Philippe Men Aviator Sunglasses LP201-C1,Men Accessories Eyewear Sunglasses Brown Winter 2016.0 Casual Louis Philippe Men Aviator Sunglasses LP201-C1
15111,15111.jpg,http://assets.myntassets.com/v1/images/style/properties/69fe2e43895d41920a68d1d73fa8a105_images.jpg,Men,Apparel,Bottomwear,Trousers,Coffee Brown,Fall,2011.0,Formal,Arrow Men Stripes Coffee Brown Trousers,Men Apparel Bottomwear Trousers Coffee Brown Fall 2011.0 Formal Arrow Men Stripes Coffee Brown Trousers
38209,38209.jpg,http://assets.myntassets.com/v1/images/style/properties/5a601a45f6c220c22068fcac06f76a95_images.jpg,Women,Accessories,Eyewear,Sunglasses,Silver,Winter,2016.0,Casual,Polaroid Women Sunglasses,Women Accessories Eyewear Sunglasses Silver Winter 2016.0 Casual Polaroid Women Sunglasses
40313,40313.jpg,http://assets.myntassets.com/v1/images/style/properties/ad5b4c6361f3dac12e0480d261dcb29e_images.jpg,Unisex,Footwear,Sandal,Sandals,White,Winter,2013.0,Casual,Warner Bros Kids White sandals,Unisex Footwear Sandal Sandals White Winter 2013.0 Casual Warner Bros Kids White sandals
10463,10463.jpg,http://assets.myntassets.com/v1/images/style/properties/34f96dad3bd9dffd0aa6abac23fc991d_images.jpg,Men,Apparel,Topwear,Tshirts,Grey,Fall,2011.0,Casual,Flying Machine Men Grey Polo Tshirts,Men Apparel Topwear Tshirts Grey Fall 2011.0 Casual Flying Machine Men Grey Polo Tshirts
24656,24656.jpg,http://assets.myntassets.com/v1/images/style/properties/Adidas-Originals-Men-White-Pack-of-3-Casual-Socksb490699f318505169b4551bcb6c69f64_images.jpg,Boys,Accessories,Socks,Socks,White,Fall,2011.0,Casual,ADIDAS Originals Boys White Pack of 3 Casual Socks,Boys Accessories Socks Socks White Fall 2011.0 Casual ADIDAS Originals Boys White Pack of 3 Casual Socks
25784,25784.jpg,http://assets.myntassets.com/v1/images/style/properties/Arrow-Men-Light-Brown-Suspenders_0a7d73f0a6e6a33a4107193e63cf519b_images.jpg,Men,Apparel,Topwear,Suspenders,Brown,Summer,2012.0,Formal,Arrow Men Light Brown Suspenders,Men Apparel Topwear Suspenders Brown Summer 2012.0 Formal Arrow Men Light Brown Suspenders
56276,56276.jpg,http://assets.myntassets.com/v1/images/style/properties/Biara-Women-Skin-Bra_bbf656881b76bb4137fde9ce112ff24f_images.jpg,Women,Apparel,Innerwear,Bra,Skin,Summer,2017.0,Casual,Biara Women Skin Bra,Women Apparel Innerwear Bra Skin Summer 2017.0 Casual Biara Women Skin Bra
37073,37073.jpg,http://assets.myntassets.com/v1/images/style/properties/d4e3dbb3df9f4b31dc2b2645edd91eed_images.jpg,Women,Accessories,Bags,Handbags,Purple,Summer,2012.0,Casual,Lino Perros Women Purple Handbag,Women Accessories Bags Handbags Purple Summer 2012.0 Casual Lino Perros Women Purple Handbag
44581,44581.jpg,http://assets.myntassets.com/assets/images/44581/2016/7/22/11469189950161-Lee-Rinse-Navy-Blue-Slim-Fit-Jeans-7081469189949979-1.jpg,Men,Apparel,Bottomwear,Jeans,Navy Blue,Summer,2017.0,Casual,Lee Rinse Navy Blue Slim Fit Jeans,Men Apparel Bottomwear Jeans Navy Blue Summer 2017.0 Casual Lee Rinse Navy Blue Slim Fit Jeans
53536,53536.jpg,http://assets.myntassets.com/v1/images/style/properties/Amante-Women-Pack-of-3-Briefs_6a13f3b2df3840878b69b0572afd15d7_images.jpg,Women,Apparel,Innerwear,Briefs,Multi,Winter,2015.0,Casual,Amante Women Pack of 3 Assorted Briefs PFCP11,Women Apparel Innerwear Briefs Multi Winter 2015.0 Casual Amante Women Pack of 3 Assorted Briefs PFCP11
21116,21116.jpg,http://assets.myntassets.com/v1/images/style/properties/cf0cd81b8e04a4bbf9246bcdee1f179f_images.jpg,Women,Apparel,Topwear,Tops,Lavender,Fall,2011.0,Casual,s.Oliver Women Faded Lilac Top,Women Apparel Topwear Tops Lavender Fall 2011.0 Casual s.Oliver Women Faded Lilac Top
15323,15323.jpg,http://assets.myntassets.com/v1/images/style/properties/7667d772a8b42e47225ff55050fe02f5_images.jpg,Men,Apparel,Topwear,Jackets,Grey,Fall,2011.0,Casual,Nike Men Solid Grey Jacket,Men Apparel Topwear Jackets Grey Fall 2011.0 Casual Nike Men Solid Grey Jacket
56878,56878.jpg,http://assets.myntassets.com/v1/images/style/properties/HM-Women-Silver-Sandals_ee76b1f1e0e757625ad45e872068b6f4_images.jpg,Women,Footwear,Shoes,Heels,Silver,Winter,2012.0,Casual,HM Women Silver Heels,Women Footwear Shoes Heels Silver Winter 2012.0 Casual HM Women Silver Heels
4774,4774.jpg,http://assets.myntassets.com/v1/images/style/properties/603270a4ee6b0e6e03e7195dba64bc44_images.jpg,Women,Apparel,Bottomwear,Track Pants,Pink,Summer,2011.0,Sports,ADIDAS Women 3S Pink Track Pants,Women Apparel Bottomwear Track Pants Pink Summer 2011.0 Sports ADIDAS Women 3S Pink Track Pants
57196,57196.jpg,http://assets.myntassets.com/v1/images/style/properties/Elle-Women-Red-Tunic_877de2d4758c8b998a61cebb8c5b3b38_images.jpg,Women,Apparel,Topwear,Tunics,Red,Summer,2012.0,Casual,Elle Women Red Tunic,Women Apparel Topwear Tunics Red Summer 2012.0 Casual Elle Women Red Tunic
40121,40121.jpg,http://assets.myntassets.com/v1/images/style/properties/fde17318ac6a6bbe42c654aad4399f4e_images.jpg,Unisex,Accessories,Socks,Socks,White,Summer,2012.0,Casual,ADIDAS Unisex Pack of 3 Socks,Unisex Accessories Socks Socks White Summer 2012.0 Casual ADIDAS Unisex Pack of 3 Socks
32501,32501.jpg,http://assets.myntassets.com/v1/images/style/properties/76c2c7156c4514c8eb5ddfcee61a1a95_images.jpg,Men,Apparel,Topwear,Shirts,Black,Summer,2012.0,Casual,Scullers Men Black Shirt,Men Apparel Topwear Shirts Black Summer 2012.0 Casual Scullers Men Black Shirt
56044,56044.jpg,http://assets.myntassets.com/assets/images/56044/2019/1/11/3b835402-2a12-4ec2-9eb4-b919ec4235021547191048202-Colorbar-Full-Finish-Longwear-Kiss-Me-Lipstick-07-1415471910-1.jpg,Women,Personal Care,Lips,Lipstick,Brown,Spring,2017.0,Casual,Colorbar Full Finish Longwear Kiss Me Lipstick 07,Women Personal Care Lips Lipstick Brown Spring 2017.0 Casual Colorbar Full Finish Longwear Kiss Me Lipstick 07
11783,11783.jpg,http://assets.myntassets.com/v1/images/style/properties/77607cc2403881e6d26065f9b9d5a6b3_images.jpg,Men,Apparel,Topwear,Tshirts,Grey,Summer,2011.0,Casual,Lee Men Printed Grey Tshirts,Men Apparel Topwear Tshirts Grey Summer 2011.0 Casual Lee Men Printed Grey Tshirts
12106,12106.jpg,http://assets.myntassets.com/v1/images/style/properties/fe90679bf0051e385be147a39a741016_images.jpg,Women,Apparel,Topwear,Kurtis,White,Fall,2011.0,Ethnic,W Women Printed White Kurtis,Women Apparel Topwear Kurtis White Fall 2011.0 Ethnic W Women Printed White Kurtis
26333,26333.jpg,http://assets.myntassets.com/v1/images/style/properties/DKNY-Women-Quartz-Watch2012aae05bac597cc50f282fa0f847ef_images.jpg,Women,Accessories,Watches,Watches,White,Winter,2016.0,Casual,DKNY Women White Dial Watch NY4934,Women Accessories Watches Watches White Winter 2016.0 Casual DKNY Women White Dial Watch NY4934
3551,3551.jpg,http://assets.myntassets.com/v1/images/style/properties/cbfbb7dc1aee995012f8bc9cda960063_images.jpg,Men,Footwear,Shoes,Casual Shoes,Brown,Winter,2015.0,Casual,Skechers Men's Charcoal Lifestyle Shoe,Men Footwear Shoes Casual Shoes Brown Winter 2015.0 Casual Skechers Men's Charcoal Lifestyle Shoe
42676,42676.jpg,http://assets.myntassets.com/v1/images/style/properties/1adbe62b93d04d06872dc5b07ac9312f_images.jpg,Women,Apparel,Topwear,Kurtas,Black,Summer,2012.0,Ethnic,Alma Women Black Kurta,Women Apparel Topwear Kurtas Black Summer 2012.0 Ethnic Alma Women Black Kurta
2483,2483.jpg,http://assets.myntassets.com/v1/images/style/properties/eb099387229f2ddf82e14775e5a42e6f_images.jpg,Women,Apparel,Topwear,Tops,Purple,Fall,2011.0,Casual,Puma Women Spagetti Dahlia Purple Top,Women Apparel Topwear Tops Purple Fall 2011.0 Casual Puma Women Spagetti Dahlia Purple Top
30256,30256.jpg,http://assets.myntassets.com/v1/images/style/properties/5e6825aad55fd535636671ed72b2c3ee_images.jpg,Men,Footwear,Shoes,Formal Shoes,Black,Winter,2018.0,Formal,Red Tape Men Black Semi Formal Shoes,Men Footwear Shoes Formal Shoes Black Winter 2018.0 Formal Red Tape Men Black Semi Formal Shoes
54713,54713.jpg,http://assets.myntassets.com/v1/images/style/properties/Shree-Women-Cream-and-Pink-Salwar-Suit_4c615ca1256be495fdb6cf6e35b050e8_images.jpg,Women,Apparel,Apparel Set,Kurta Sets,Cream,Fall,2012.0,Ethnic,Shree Women Cream-Coloured & Pink Printed Salwar Suit with Dupatta,Women Apparel Apparel Set Kurta Sets Cream Fall 2012.0 Ethnic Shree Women Cream-Coloured & Pink Printed Salwar Suit with Dupatta
51261,51261.jpg,http://assets.myntassets.com/v1/images/style/properties/Park-Avenue-Men-Black---Brown-Reversible-Belt_f02135433741bb14678c4b732eed4929_images.jpg,Men,Accessories,Belts,Belts,Black,Summer,2013.0,Formal,Park Avenue Men Black & Brown Reversible Belt,Men Accessories Belts Belts Black Summer 2013.0 Formal Park Avenue Men Black & Brown Reversible Belt
9857,9857.jpg,http://assets.myntassets.com/v1/images/style/properties/e1d6f6f780723e041abcbaed0101da48_images.jpg,Men,Apparel,Topwear,Tshirts,Green,Fall,2011.0,Casual,Status Quo Men Green Polo Tshirts,Men Apparel Topwear Tshirts Green Fall 2011.0 Casual Status Quo Men Green Polo Tshirts
47304,47304.jpg,http://assets.myntassets.com/v1/images/style/properties/53e165d30f51bea80191cab4bb4e645f_images.jpg,Women,Accessories,Bags,Clutches,Green,Summer,2012.0,Casual,Baggit Women Green purse,Women Accessories Bags Clutches Green Summer 2012.0 Casual Baggit Women Green purse
6023,6023.jpg,http://assets.myntassets.com/v1/images/style/properties/867deac62972bf3dbdb6272b992f6539_images.jpg,Men,Apparel,Topwear,Tshirts,Green,Summer,2011.0,Casual,UCB Men's Johny Collar With Two Tone Green T-shirt,Men Apparel Topwear Tshirts Green Summer 2011.0 Casual UCB Men's Johny Collar With Two Tone Green T-shirt
21572,21572.jpg,http://assets.myntassets.com/v1/images/style/properties/01a633698cff8ce464a9cda49e590b26_images.jpg,Men,Accessories,Socks,Socks,Multi,Winter,2015.0,Casual,Lino Perros Men Pack of Five Striped Socks,Men Accessories Socks Socks Multi Winter 2015.0 Casual Lino Perros Men Pack of Five Striped Socks
15747,15747.jpg,http://assets.myntassets.com/v1/images/style/properties/b57c1eac50336bc23d33e86b454927e6_images.jpg,Men,Footwear,Shoes,Sports Shoes,White,Spring,2013.0,Sports,Nike Men Ballista SL White Sports Shoes,Men Footwear Shoes Sports Shoes White Spring 2013.0 Sports Nike Men Ballista SL White Sports Shoes
32959,32959.jpg,http://assets.myntassets.com/v1/images/style/properties/17f8d4f1da7e6b75ec40b00c1d708a85_images.jpg,Men,Apparel,Topwear,Tshirts,Purple,Summer,2012.0,Casual,Angry Birds Men Purple T-shirt,Men Apparel Topwear Tshirts Purple Summer 2012.0 Casual Angry Birds Men Purple T-shirt
52080,52080.jpg,http://assets.myntassets.com/v1/images/style/properties/afbcbf0c89d1d773db49a5a13b43de11_images.jpg,Men,Apparel,Topwear,Tshirts,Navy Blue,Summer,2012.0,Casual,Myntra Men Navy Blue T-shirt,Men Apparel Topwear Tshirts Navy Blue Summer 2012.0 Casual Myntra Men Navy Blue T-shirt
59468,59468.jpg,http://assets.myntassets.com/v1/images/style/properties/Lucera-Silver-Ring_880eb66d9ac4a486481e01dcad264655_images.jpg,Women,Accessories,Jewellery,Ring,Silver,Summer,2013.0,Casual,Lucera Silver Ring,Women Accessories Jewellery Ring Silver Summer 2013.0 Casual Lucera Silver Ring
45037,45037.jpg,http://assets.myntassets.com/v1/images/style/properties/ebf73fdf12340ed8a99e284ca27f9acc_images.jpg,Men,Accessories,Watches,Watches,White,Winter,2016.0,Casual,Maxima Attivo Men White Dial Watch,Men Accessories Watches Watches White Winter 2016.0 Casual Maxima Attivo Men White Dial Watch
4310,4310.jpg,http://assets.myntassets.com/v1/images/style/properties/08943542fc92fa3df30077ced7837841_images.jpg,Unisex,Apparel,Topwear,Tshirts,Green,Summer,2011.0,Casual,Tantra Kid's Unisex Papa's Joy Green Kidswear,Unisex Apparel Topwear Tshirts Green Summer 2011.0 Casual Tantra Kid's Unisex Papa's Joy Green Kidswear
37417,37417.jpg,http://assets.myntassets.com/v1/images/style/properties/43a5e5e7426d4b269073818a9dcb5823_images.jpg,Women,Accessories,Bags,Handbags,Silver,Summer,2012.0,Casual,Murcia Women Jute Silver Handbag,Women Accessories Bags Handbags Silver Summer 2012.0 Casual Murcia Women Jute Silver Handbag
53152,53152.jpg,http://assets.myntassets.com/v1/images/style/properties/3f0a5a37fab872fb002f1e1b754fed94_images.jpg,Men,Apparel,Topwear,Shirts,Brown,Summer,2012.0,Formal,Mark Taylor Men Brown Shirt,Men Apparel Topwear Shirts Brown Summer 2012.0 Formal Mark Taylor Men Brown Shirt
14695,14695.jpg,http://assets.myntassets.com/v1/images/style/properties/956f5a417cd60f1bac07de6b11b776a6_images.jpg,Men,Apparel,Bottomwear,Trousers,Black,Fall,2011.0,Casual,Basics Men Black Trousers,Men Apparel Bottomwear Trousers Black Fall 2011.0 Casual Basics Men Black Trousers
32165,32165.jpg,http://assets.myntassets.com/v1/images/style/properties/ed277e06cad90ae1ec0946d5b6ac6b3d_images.jpg,Women,Accessories,Socks,Socks,Pink,Summer,2017.0,Casual,Playboy Women Playmate Pink Ankle Socks,Women Accessories Socks Socks Pink Summer 2017.0 Casual Playboy Women Playmate Pink Ankle Socks
56420,56420.jpg,http://assets.myntassets.com/v1/images/style/properties/Biara-Women-White-Bra_2a02e85ef87911bab81fd17b20d930b7_images.jpg,Women,Apparel,Innerwear,Bra,White,Winter,2015.0,Casual,Biara Women White Bra,Women Apparel Innerwear Bra White Winter 2015.0 Casual Biara Women White Bra
10235,10235.jpg,http://assets.myntassets.com/v1/images/style/properties/8157349922522c4692b446427fa26c2b_images.jpg,Men,Accessories,Watches,Watches,Black,Winter,2016.0,Casual,Carrera Men Hexagaon Dial Black Watches,Men Accessories Watches Watches Black Winter 2016.0 Casual Carrera Men Hexagaon Dial Black Watches
1662,1662.jpg,http://assets.myntassets.com/v1/images/style/properties/Nike-Men-Blue-Windrunner-Jacket_157715f98badcdedb27fbc8deb5d3c3a_images.jpg,Men,Apparel,Topwear,Jackets,Navy Blue,Fall,2012.0,Sports,Nike Men Blue Windrunner Jacket,Men Apparel Topwear Jackets Navy Blue Fall 2012.0 Sports Nike Men Blue Windrunner Jacket
40545,40545.jpg,http://assets.myntassets.com/v1/images/style/properties/8e7fc6e8f6ae323a84871f02f96a5666_images.jpg,Women,Accessories,Watches,Watches,Gold,Winter,2016.0,Casual,Titan Raga Women Gold Watch,Women Accessories Watches Watches Gold Winter 2016.0 Casual Titan Raga Women Gold Watch
48728,48728.jpg,http://assets.myntassets.com/v1/images/style/properties/b43abda6bdec9a91404041f3488e7413_images.jpg,Women,Accessories,Jewellery,Earrings,Silver,Summer,2015.0,Casual,Lucera Women Silver Earrings,Women Accessories Jewellery Earrings Silver Summer 2015.0 Casual Lucera Women Silver Earrings
30632,30632.jpg,http://assets.myntassets.com/v1/images/style/properties/a0cf15bf59e0ecb770525eda16653890_images.jpg,Men,Apparel,Topwear,Tshirts,Yellow,Summer,2012.0,Sports,Nike Men Challenger Spiked Yellowish Green T-shirt,Men Apparel Topwear Tshirts Yellow Summer 2012.0 Sports Nike Men Challenger Spiked Yellowish Green T-shirt
27685,27685.jpg,http://assets.myntassets.com/v1/images/style/properties/98d6aacf334cc63632caad92dc4d9ee0_images.jpg,Women,Accessories,Bags,Handbags,Purple,Winter,2015.0,Casual,Murcia Women Purple Handbag,Women Accessories Bags Handbags Purple Winter 2015.0 Casual Murcia Women Purple Handbag
18058,18058.jpg,http://assets.myntassets.com/v1/images/style/properties/f4a5c180a293fc3f26e39c69283b7aae_images.jpg,Women,Accessories,Wallets,Wallets,Purple,Winter,2015.0,Casual,Lino Perros Women Solid Purple Wallet,Women Accessories Wallets Wallets Purple Winter 2015.0 Casual Lino Perros Women Solid Purple Wallet
3135,3135.jpg,http://assets.myntassets.com/v1/images/style/properties/33297561a7540d13c77164a3bbe276e4_images.jpg,Women,Footwear,Shoes,Heels,Gold,Winter,2015.0,Casual,Catwalk Women Heeded Golden Strap Black Heels,Women Footwear Shoes Heels Gold Winter 2015.0 Casual Catwalk Women Heeded Golden Strap Black Heels
42212,42212.jpg,http://assets.myntassets.com/v1/images/style/properties/47e05cdf26ba281a4e46cb2868036d91_images.jpg,Women,Apparel,Topwear,Tunics,Pink,Summer,2012.0,Casual,Sepia Women Pink Tunic,Women Apparel Topwear Tunics Pink Summer 2012.0 Casual Sepia Women Pink Tunic
23225,23225.jpg,http://assets.myntassets.com/v1/images/style/properties/c2a5b3ebdaf2ccd73bcd18a9262b3b92_images.jpg,Women,Apparel,Topwear,Kurtas,Pink,Fall,2011.0,Ethnic,Aneri Women Tibett Pink Kurta,Women Apparel Topwear Kurtas Pink Fall 2011.0 Ethnic Aneri Women Tibett Pink Kurta
17010,17010.jpg,http://assets.myntassets.com/v1/images/style/properties/60e3d082318b4e95c6f070746e0bbe5d_images.jpg,Women,Footwear,Shoes,Heels,Brown,Winter,2012.0,Formal,Rocia Women Brown Heels,Women Footwear Shoes Heels Brown Winter 2012.0 Formal Rocia Women Brown Heels
18864,18864.jpg,http://assets.myntassets.com/v1/images/style/properties/6a6f15d767037a3cd81da733a7eddfdf_images.jpg,Men,Apparel,Topwear,Sweatshirts,Black,Fall,2011.0,Casual,Puma Men Sports Division Black Sweatshirt,Men Apparel Topwear Sweatshirts Black Fall 2011.0 Casual Puma Men Sports Division Black Sweatshirt
34292,34292.jpg,http://assets.myntassets.com/v1/images/style/properties/51ab0fc8ff218bf5bb0b40a20b2e8330_images.jpg,Women,Apparel,Topwear,Dupatta,Multi,Summer,2012.0,Ethnic,Fabindia Women Multi Coloured Chanderi Dupatta,Women Apparel Topwear Dupatta Multi Summer 2012.0 Ethnic Fabindia Women Multi Coloured Chanderi Dupatta
6447,6447.jpg,http://assets.myntassets.com/v1/images/style/properties/51fa3d647626db62f8e1b2b22aee9dbd_images.jpg,Women,Footwear,Flip Flops,Flip Flops,Black,Summer,2011.0,Casual,Lotto Women's Cross Color Black Pink Flip Flop,Women Footwear Flip Flops Flip Flops Black Summer 2011.0 Casual Lotto Women's Cross Color Black Pink Flip Flop
7595,7595.jpg,http://assets.myntassets.com/v1/images/style/properties/b3f3d37c936ee1b487eb6ed3ef399e0b_images.jpg,Women,Footwear,Shoes,Sports Shoes,Blue,Summer,2011.0,Sports,Nike Women Ten Blue White Shoe,Women Footwear Shoes Sports Shoes Blue Summer 2011.0 Sports Nike Women Ten Blue White Shoe
3909,3909.jpg,http://assets.myntassets.com/v1/images/style/properties/83ed388c312bd473733dbbd90c478418_images.jpg,Women,Apparel,Bottomwear,Capris,Red,Summer,2011.0,Casual,Urban Yoga Women Yoga Red Capri,Women Apparel Bottomwear Capris Red Summer 2011.0 Casual Urban Yoga Women Yoga Red Capri
51605,51605.jpg,http://assets.myntassets.com/v1/images/style/properties/ea68b1f87fcf6eebf860870241c78429_images.jpg,Women,Apparel,Bottomwear,Trousers,Black,Fall,2012.0,Casual,Kraus Jeans Women Black Trousers,Women Apparel Bottomwear Trousers Black Fall 2012.0 Casual Kraus Jeans Women Black Trousers
13682,13682.jpg,http://assets.myntassets.com/v1/images/style/properties/a093d548a48c66109f2520ac8684eeb3_images.jpg,Women,Footwear,Shoes,Sports Shoes,Silver,Fall,2011.0,Sports,ADIDAS Women Duramo 3 Sports Shoes,Women Footwear Shoes Sports Shoes Silver Fall 2011.0 Sports ADIDAS Women Duramo 3 Sports Shoes
54145,54145.jpg,http://assets.myntassets.com/v1/images/style/properties/Rocia-Women-Brown-Sandals_ecbfd31801ed7f8daffc1fcecb3f94f1_images.jpg,Women,Footwear,Shoes,Heels,Brown,Spring,2013.0,Casual,Rocia Women Brown Flats,Women Footwear Shoes Heels Brown Spring 2013.0 Casual Rocia Women Brown Flats
3307,3307.jpg,http://assets.myntassets.com/v1/images/style/properties/998c282acd503d2c7185647017adbfc9_images.jpg,Men,Footwear,Shoes,Sports Shoes,Black,Spring,2011.0,Sports,Asics Men's Gel Phoenix 3 Black Silver Shoe,Men Footwear Shoes Sports Shoes Black Spring 2011.0 Sports Asics Men's Gel Phoenix 3 Black Silver Shoe
42020,42020.jpg,http://assets.myntassets.com/v1/images/style/properties/b34a6f424dc8c8853fa2324f509a3303_images.jpg,Men,Footwear,Shoes,Casual Shoes,Brown,Summer,2012.0,Casual,ADIDAS Men Brown Mudslide Shoes,Men Footwear Shoes Casual Shoes Brown Summer 2012.0 Casual ADIDAS Men Brown Mudslide Shoes
55097,55097.jpg,http://assets.myntassets.com/v1/images/style/properties/Ponds-Gold-Radiance-Precious-Youth-Serum_80e890e5f336b7c3f5c42122e54325cb_images.jpg,Women,Personal Care,Skin,Face Moisturisers,Gold,Spring,2017.0,Casual,Pond's Gold Radiance Precious Youth Serum,Women Personal Care Skin Face Moisturisers Gold Spring 2017.0 Casual Pond's Gold Radiance Precious Youth Serum
12750,12750.jpg,http://assets.myntassets.com/v1/images/style/properties/5f7f126b7d2bb9237ebd92ff1fa717aa_images.jpg,Unisex,Accessories,Bags,Backpacks,Black,Summer,2012.0,Sports,Nike Unisex Swoosh Black Backpacks,Unisex Accessories Bags Backpacks Black Summer 2012.0 Sports Nike Unisex Swoosh Black Backpacks
47552,47552.jpg,http://assets.myntassets.com/v1/images/style/properties/5bca367c155dd8ff995cd8b3d345ba4a_images.jpg,Women,Footwear,Shoes,Heels,Brown,Winter,2012.0,Casual,Portia Women Brown Heels,Women Footwear Shoes Heels Brown Winter 2012.0 Casual Portia Women Brown Heels
54979,54979.jpg,http://assets.myntassets.com/v1/images/style/properties/Femella-Women-White-Printed-Shirt_b989f4b502f7867f579a5292267c0621_images.jpg,Women,Apparel,Topwear,Shirts,White,Summer,2012.0,Casual,Femella Women White Printed Shirt,Women Apparel Topwear Shirts White Summer 2012.0 Casual Femella Women White Printed Shirt
6675,6675.jpg,http://assets.myntassets.com/v1/images/style/properties/d5ee8454b30de9e73365020686fc8f30_images.jpg,Men,Footwear,Shoes,Sports Shoes,White,Summer,2011.0,Sports,Nike Men's Free White Grey Shoe,Men Footwear Shoes Sports Shoes White Summer 2011.0 Sports Nike Men's Free White Grey Shoe
17222,17222.jpg,http://assets.myntassets.com/v1/images/style/properties/992f7ef18931d095078c574a706dfdcc_images.jpg,Men,Accessories,Eyewear,Sunglasses,Blue,Winter,2016.0,Casual,United Colors of Benetton Men Funky Eyewear Blue Sunglasses,Men Accessories Eyewear Sunglasses Blue Winter 2016.0 Casual United Colors of Benetton Men Funky Eyewear Blue Sunglasses
51437,51437.jpg,http://assets.myntassets.com/v1/images/style/properties/5812cb846491ee4b56349d48e7ec059b_images.jpg,Women,Apparel,Topwear,Tops,Peach,Summer,2012.0,Casual,Myntra Women Multi Coloured Printed Top,Women Apparel Topwear Tops Peach Summer 2012.0 Casual Myntra Women Multi Coloured Printed Top
35172,35172.jpg,http://assets.myntassets.com/v1/images/style/properties/2d4a089a76c36706267719674186d073_images.jpg,Unisex,Accessories,Bags,Backpacks,Red,Summer,2015.0,Casual,Wildcraft Unisex Cruiser Red Backpack,Unisex Accessories Bags Backpacks Red Summer 2015.0 Casual Wildcraft Unisex Cruiser Red Backpack
46480,46480.jpg,http://assets.myntassets.com/v1/images/style/properties/Timex-Women-Steel-Watch_37df5ea4d58964e9bdb8e8c578194b16_images.jpg,Women,Accessories,Watches,Watches,Steel,Winter,2016.0,Casual,Timex Women Steel Watch,Women Accessories Watches Watches Steel Winter 2016.0 Casual Timex Women Steel Watch
45205,45205.jpg,http://assets.myntassets.com/v1/images/style/properties/Casio-Women-Black-Dial-Watch_e56512c949d9aad766b0e4c012676eef_images.jpg,Women,Accessories,Watches,Watches,Black,Winter,2016.0,Casual,CASIO ENTICER Women Black Dial Analogue Watch A660,Women Accessories Watches Watches Black Winter 2016.0 Casual CASIO ENTICER Women Black Dial Analogue Watch A660
4122,4122.jpg,http://assets.myntassets.com/v1/images/style/properties/6dd49be8355f62b5a68e8ad21baff13a_images.jpg,Unisex,Footwear,Shoes,Casual Shoes,Black,Summer,2011.0,Casual,Puma Unisex Lo Punk Black Yellow Shoe,Unisex Footwear Shoes Casual Shoes Black Summer 2011.0 Casual Puma Unisex Lo Punk Black Yellow Shoe
21740,21740.jpg,http://assets.myntassets.com/v1/images/style/properties/67522a94207cb5fb87c659cf83896f7e_images.jpg,Unisex,Footwear,Shoes,Casual Shoes,Brown,Fall,2011.0,Casual,Vans Unisex Authentic Lo Pro Brown Casual Shoes,Unisex Footwear Shoes Casual Shoes Brown Fall 2011.0 Casual Vans Unisex Authentic Lo Pro Brown Casual Shoes
15575,15575.jpg,http://assets.myntassets.com/v1/images/style/properties/6bea21f64300509aa71241bf1c5718c5_images.jpg,Boys,Apparel,Topwear,Tshirts,Yellow,Fall,2011.0,Casual,Chhota Bheem Kids Boys Best Friends Group TShirt,Boys Apparel Topwear Tshirts Yellow Fall 2011.0 Casual Chhota Bheem Kids Boys Best Friends Group TShirt
53360,53360.jpg,http://assets.myntassets.com/v1/images/style/properties/e18462a602f14d423736b52ec1551639_images.jpg,Women,Accessories,Wallets,Wallets,Pink,Summer,2012.0,Casual,Puma Woman Pink Big Cat Wallet,Women Accessories Wallets Wallets Pink Summer 2012.0 Casual Puma Woman Pink Big Cat Wallet
37625,37625.jpg,http://assets.myntassets.com/v1/images/style/properties/43e0c211ed17299de07469922aea1f1b_images.jpg,Boys,Apparel,Topwear,Tshirts,White,Summer,2012.0,Casual,Madagascar3 Boys White Printed T-Shirt,Boys Apparel Topwear Tshirts White Summer 2012.0 Casual Madagascar3 Boys White Printed T-Shirt
56612,56612.jpg,http://assets.myntassets.com/v1/images/style/properties/Streetwear-True-Color-Claret-Tint-Blusher_9ba2a3d5a8d06caa79f413b8b61f197c_images.jpg,Women,Personal Care,Makeup,Highlighter and Blush,Peach,Spring,2017.0,,Streetwear True Color Claret Tint Blusher,Women Personal Care Makeup Highlighter and Blush Peach Spring 2017.0  Streetwear True Color Claret Tint Blusher
32357,32357.jpg,http://assets.myntassets.com/v1/images/style/properties/Q-Q-Men-Black-Dial-Watch_0c1ea9bff3e04e60203ef1c74c608759_images.jpg,Men,Accessories,Watches,Watches,Black,Winter,2016.0,Casual,Q&Q Men Black Dial Watch,Men Accessories Watches Watches Black Winter 2016.0 Casual Q&Q Men Black Dial Watch
33285,33285.jpg,http://assets.myntassets.com/v1/images/style/properties/6211f2f12eb538256eba39ef8ed48ca5_images.jpg,Men,Apparel,Topwear,Tshirts,Blue,Summer,2012.0,Casual,Arrow Sport Men Striped Blue Polo T-shirt,Men Apparel Topwear Tshirts Blue Summer 2012.0 Casual Arrow Sport Men Striped Blue Polo T-shirt
40777,40777.jpg,http://assets.myntassets.com/v1/images/style/properties/dffb0b14b097c0d2b7c4aad14181b055_images.jpg,Men,Footwear,Flip Flops,Flip Flops,White,Summer,2012.0,Casual,Quiksilver Men White Flip Flops,Men Footwear Flip Flops Flip Flops White Summer 2012.0 Casual Quiksilver Men White Flip Flops
10007,10007.jpg,http://assets.myntassets.com/v1/images/style/properties/54315bd731592e29d830218599d0a974_images.jpg,Women,Apparel,Topwear,Tshirts,White,Fall,2011.0,Sports,Nike Women As Trophy Swo White T-Shirts,Women Apparel Topwear Tshirts White Fall 2011.0 Sports Nike Women As Trophy Swo White T-Shirts
21586,21586.jpg,http://assets.myntassets.com/v1/images/style/properties/011e7c29b1e76aae12a3e266281e2858_images.jpg,Men,Apparel,Bottomwear,Jeans,Grey,Summer,2011.0,Casual,Locomotive Men Washed Grey Jeans,Men Apparel Bottomwear Jeans Grey Summer 2011.0 Casual Locomotive Men Washed Grey Jeans
52074,52074.jpg,http://assets.myntassets.com/v1/images/style/properties/16d026eacfa1385862518c81c4aa05b2_images.jpg,Men,Apparel,Topwear,Tshirts,Yellow,Summer,2012.0,Casual,Myntra Men Yellow & Blue T-shirt,Men Apparel Topwear Tshirts Yellow Summer 2012.0 Casual Myntra Men Yellow & Blue T-shirt
14661,14661.jpg,http://assets.myntassets.com/v1/images/style/properties/52cf18eacd56e4eecce07b23910205f1_images.jpg,Men,Apparel,Topwear,Shirts,Navy Blue,Fall,2011.0,Casual,Basics Men Navy Slim Fit Checked Shirt,Men Apparel Topwear Shirts Navy Blue Fall 2011.0 Casual Basics Men Navy Slim Fit Checked Shirt
20454,20454.jpg,http://assets.myntassets.com/v1/images/style/properties/f53e3634332e480b222df092c931d6d2_images.jpg,Women,Accessories,Belts,Belts,Teal,Winter,2015.0,Casual,Baggit Women Poppins Doko Teal Blue Belt,Women Accessories Belts Belts Teal Winter 2015.0 Casual Baggit Women Poppins Doko Teal Blue Belt
32191,32191.jpg,http://assets.myntassets.com/v1/images/style/properties/8126b972933d5f9155ef1568a6752019_images.jpg,Men,Footwear,Shoes,Sports Shoes,Blue,Summer,2012.0,Sports,ADIDAS Men Phantom Blue Sports Shoes,Men Footwear Shoes Sports Shoes Blue Summer 2012.0 Sports ADIDAS Men Phantom Blue Sports Shoes
52848,52848.jpg,http://assets.myntassets.com/v1/images/style/properties/Adrika-Women-Green-Earrings_70f7224bdc5fbe73aaaeecd3767cec74_images.jpg,Women,Accessories,Jewellery,Earrings,Green,Summer,2012.0,Casual,Adrika Women Green Earrings,Women Accessories Jewellery Earrings Green Summer 2012.0 Casual Adrika Women Green Earrings
39579,39579.jpg,http://assets.myntassets.com/v1/images/style/properties/8cb2555ca0cb804a80576369d26d6031_images.jpg,Women,Footwear,Shoes,Heels,Multi,Winter,2015.0,Casual,Catwalk Women Multi Colour Flats,Women Footwear Shoes Heels Multi Winter 2015.0 Casual Catwalk Women Multi Colour Flats
25126,25126.jpg,http://assets.myntassets.com/v1/images/style/properties/Lino-Perros-Women-Black-Clutch_6f115c9093b30396ebc88ef6c4da9992_images.jpg,Women,Accessories,Bags,Clutches,Black,Winter,2015.0,Casual,Lino Perros Women Black Clutch,Women Accessories Bags Clutches Black Winter 2015.0 Casual Lino Perros Women Black Clutch
57506,57506.jpg,http://assets.myntassets.com/v1/images/style/properties/Lee-Cooper-Men-Brown-Sandals_41be8fa41082876a31ecb2b34fb7a12a_images.jpg,Men,Footwear,Sandal,Sandals,Brown,Summer,2013.0,Casual,Lee Cooper Men Brown Sandals,Men Footwear Sandal Sandals Brown Summer 2013.0 Casual Lee Cooper Men Brown Sandals
33043,33043.jpg,http://assets.myntassets.com/v1/images/style/properties/91089b63caa42b4144ed68abd5d5db1c_images.jpg,Women,Apparel,Topwear,Kurtas,Blue,Summer,2012.0,Ethnic,Mother Earth Women Printed Blue Kurta,Women Apparel Topwear Kurtas Blue Summer 2012.0 Ethnic Mother Earth Women Printed Blue Kurta
43334,43334.jpg,http://assets.myntassets.com/v1/images/style/properties/523d0e8c0a7ade604c0d612db11fc55f_images.jpg,Women,Accessories,Bags,Handbags,Maroon,Spring,2013.0,Casual,Murcia Women Maroon Handbag,Women Accessories Bags Handbags Maroon Spring 2013.0 Casual Murcia Women Maroon Handbag
27671,27671.jpg,http://assets.myntassets.com/v1/images/style/properties/Murcia-Women-Pink-Handbag97ef396812d4243422f3ba3eb22404f4_images.jpg,Women,Accessories,Bags,Handbags,Pink,Winter,2015.0,Casual,Murcia Women Pink Handbag,Women Accessories Bags Handbags Pink Winter 2015.0 Casual Murcia Women Pink Handbag
54383,54383.jpg,http://assets.myntassets.com/v1/images/style/properties/Baggit-Women-Green-Wallet_f50989b4f30fe9b0c36a5033272f736d_images.jpg,Women,Accessories,Wallets,Wallets,Green,Summer,2015.0,Casual,Baggit Women Green Wallet,Women Accessories Wallets Wallets Green Summer 2015.0 Casual Baggit Women Green Wallet
13444,13444.jpg,http://assets.myntassets.com/v1/images/style/properties/6df32f4571a80ea8ac0fa513e29017a7_images.jpg,Women,Apparel,Topwear,Tops,Yellow,Summer,2011.0,Casual,United Colors of Benetton Women Printed Yellow Tops,Women Apparel Topwear Tops Yellow Summer 2011.0 Casual United Colors of Benetton Women Printed Yellow Tops
55251,55251.jpg,http://assets.myntassets.com/v1/images/style/properties/Lakme-Women-Absolute-Moonlit-Highlighter-Face-Brightener-9G_67a2aeb42d284f31bf7405b64ba28909_images.jpg,Women,Personal Care,Makeup,Highlighter and Blush,Skin,Spring,2017.0,Casual,Lakme Absolute Moonlit Highlighter Face Brightener 9G,Women Personal Care Makeup Highlighter and Blush Skin Spring 2017.0 Casual Lakme Absolute Moonlit Highlighter Face Brightener 9G
31714,31714.jpg,http://assets.myntassets.com/v1/images/style/properties/7a501117d25d87ad7bc1db2d7895d50d_images.jpg,Women,Accessories,Jewellery,Earrings,Silver,Winter,2016.0,Ethnic,Fabindia Women Anusuya Silver Earrings,Women Accessories Jewellery Earrings Silver Winter 2016.0 Ethnic Fabindia Women Anusuya Silver Earrings
8529,8529.jpg,http://assets.myntassets.com/v1/images/style/properties/707710871b57d10fd1b1275c184750a6_images.jpg,Men,Footwear,Shoes,Sports Shoes,Navy Blue,Summer,2011.0,Sports,Nike Men Nike Lunarfly+  2 Navy Blue Sports Shoes,Men Footwear Shoes Sports Shoes Navy Blue Summer 2011.0 Sports Nike Men Nike Lunarfly+  2 Navy Blue Sports Shoes
28639,28639.jpg,http://assets.myntassets.com/v1/images/style/properties/46c6aa13b5a6f2cb90759bf3b7df375e_images.jpg,Men,Apparel,Topwear,Tshirts,White,Summer,2012.0,Sports,Nike Men White T-shirt,Men Apparel Topwear Tshirts White Summer 2012.0 Sports Nike Men White T-shirt
50723,50723.jpg,http://assets.myntassets.com/v1/images/style/properties/9fa6bd6c5b841804bdee04460ee934de_images.jpg,Girls,Apparel,Dress,Dresses,Blue,Summer,2012.0,Casual,Doodle Girls Blue Printed Dress,Girls Apparel Dress Dresses Blue Summer 2012.0 Casual Doodle Girls Blue Printed Dress
47794,47794.jpg,http://assets.myntassets.com/v1/images/style/properties/Murcia-Women-Rust-Orange-Handbag_781c0f4a067e69ac7ff7288963657622_images.jpg,Women,Accessories,Bags,Handbags,Brown,Summer,2012.0,Casual,Murcia Women Brown Handbag,Women Accessories Bags Handbags Brown Summer 2012.0 Casual Murcia Women Brown Handbag
34266,34266.jpg,http://assets.myntassets.com/v1/images/style/properties/3d7bfeba1368ed2b2707551f6715afc4_images.jpg,Women,Apparel,Topwear,Dupatta,Brown,Summer,2012.0,Ethnic,Fabindia Women Brown Silk Dupatta,Women Apparel Topwear Dupatta Brown Summer 2012.0 Ethnic Fabindia Women Brown Silk Dupatta
18890,18890.jpg,http://assets.myntassets.com/v1/images/style/properties/877350d2da720803e9873ed14631d428_images.jpg,Women,Apparel,Topwear,Shirts,Purple,Fall,2011.0,Casual,Arrow Woman Tyra Purple Shirt,Women Apparel Topwear Shirts Purple Fall 2011.0 Casual Arrow Woman Tyra Purple Shirt
7561,7561.jpg,http://assets.myntassets.com/v1/images/style/properties/98ef96d21c72ecac5e35ec315af565d9_images.jpg,Men,Apparel,Topwear,Tshirts,White,Summer,2011.0,Sports,Nike Men's As Spher White T-shirt,Men Apparel Topwear Tshirts White Summer 2011.0 Sports Nike Men's As Spher White T-shirt
19942,19942.jpg,http://assets.myntassets.com/v1/images/style/properties/2089fdf3b8ec484c59dc54be9624350d_images.jpg,Unisex,Accessories,Bags,Duffel Bag,Black,Fall,2011.0,Casual,Nike Unisex Casual Black Duffle Bag,Unisex Accessories Bags Duffel Bag Black Fall 2011.0 Casual Nike Unisex Casual Black Duffle Bag
46646,46646.jpg,http://assets.myntassets.com/v1/images/style/properties/0963fe2ef7d124c0a418274e197b0d91_images.jpg,Men,Personal Care,Fragrance,Deodorant,Blue,Spring,2017.0,Casual,Rasasi Men Deserve Deo,Men Personal Care Fragrance Deodorant Blue Spring 2017.0 Casual Rasasi Men Deserve Deo
16136,16136.jpg,http://assets.myntassets.com/v1/images/style/properties/f845fd6ac2af576f264c36c1b6cac5ca_images.jpg,Women,Apparel,Topwear,Tops,Blue,Fall,2011.0,Casual,Tokyo Talkies Women Printed Blue Top,Women Apparel Topwear Tops Blue Fall 2011.0 Casual Tokyo Talkies Women Printed Blue Top
27443,27443.jpg,http://assets.myntassets.com/v1/images/style/properties/c56301eb6eae404d10e3968c19f79280_images.jpg,Women,Apparel,Topwear,Tshirts,Pink,Winter,2015.0,Casual,Jockey Women Pink T-Shirt,Women Apparel Topwear Tshirts Pink Winter 2015.0 Casual Jockey Women Pink T-Shirt
13676,13676.jpg,http://assets.myntassets.com/v1/images/style/properties/b14c8811b942eeb3756ab0a66af54f47_images.jpg,Men,Footwear,Shoes,Sports Shoes,Silver,Fall,2011.0,Sports,ADIDAS Men Titan Sports Shoes,Men Footwear Shoes Sports Shoes Silver Fall 2011.0 Sports ADIDAS Men Titan Sports Shoes
43106,43106.jpg,http://assets.myntassets.com/v1/images/style/properties/1c6e68626985fc6103987b74a3171d88_images.jpg,Men,Personal Care,Fragrance,Deodorant,Yellow,Spring,2017.0,Casual,Reebok Men Reespark Deo,Men Personal Care Fragrance Deodorant Yellow Spring 2017.0 Casual Reebok Men Reespark Deo
2221,2221.jpg,http://assets.myntassets.com/v1/images/style/properties/98bc1481404eefbc12b2cdd78b43fc9a_images.jpg,Unisex,Accessories,Bags,Backpacks,Blue,Summer,2011.0,Sports,ADIDAS Classic Blue White Backpack,Unisex Accessories Bags Backpacks Blue Summer 2011.0 Sports ADIDAS Classic Blue White Backpack
55063,55063.jpg,http://assets.myntassets.com/v1/images/style/properties/Lakme-Enrich-Satins-Lipstick-421_704bb11e95c0c984722bd70218a0f35a_images.jpg,Women,Personal Care,Lips,Lipstick,Brown,Spring,2017.0,,Lakme Enrich Satins Lipstick 421,Women Personal Care Lips Lipstick Brown Spring 2017.0  Lakme Enrich Satins Lipstick 421
26591,26591.jpg,http://assets.myntassets.com/v1/images/style/properties/0e2a28441bfa616d38c5ef95266a69f8_images.jpg,Men,Footwear,Flip Flops,Flip Flops,Red,Summer,2012.0,Casual,Puma Men Aqua Cat II Power Red Flip Flops,Men Footwear Flip Flops Flip Flops Red Summer 2012.0 Casual Puma Men Aqua Cat II Power Red Flip Flops
6681,6681.jpg,http://assets.myntassets.com/v1/images/style/properties/a51cf697cc238b92eb39dc644a97fb7e_images.jpg,Women,Footwear,Shoes,Sports Shoes,White,Summer,2011.0,Sports,Nike Women's Izanami White Blue Shoe,Women Footwear Shoes Sports Shoes White Summer 2011.0 Sports Nike Women's Izanami White Blue Shoe
34054,34054.jpg,http://assets.myntassets.com/v1/images/style/properties/4a2a1ce049f358b88f551bbe27fcdfdb_images.jpg,Boys,Apparel,Bottomwear,Capris,Blue,Summer,2012.0,Casual,Palm Tree Boys Washed Blue 3/4 Length Pants,Boys Apparel Bottomwear Capris Blue Summer 2012.0 Casual Palm Tree Boys Washed Blue 3/4 Length Pants
22131,22131.jpg,http://assets.myntassets.com/v1/images/style/properties/158c6b88bfcd1176eb8c4497a6ac8c86_images.jpg,Men,Footwear,Shoes,Formal Shoes,Black,Fall,2011.0,Formal,Provogue Men Black Formal Shoes,Men Footwear Shoes Formal Shoes Black Fall 2011.0 Formal Provogue Men Black Formal Shoes
7753,7753.jpg,http://assets.myntassets.com/v1/images/style/properties/3090de677a92eb346719f0632e939062_images.jpg,Men,Footwear,Shoes,Sports Shoes,Black,Fall,2011.0,Sports,Fila Men's Victory Black Shoe,Men Footwear Shoes Sports Shoes Black Fall 2011.0 Sports Fila Men's Victory Black Shoe
35186,35186.jpg,http://assets.myntassets.com/v1/images/style/properties/Wildcraft-Unisex-Polyester-Grey-Backpack_01fa40322548240506352d3892c9309a_images.jpg,Unisex,Accessories,Bags,Backpacks,Grey,Spring,2013.0,Casual,Wildcraft Unisex Grey & Black Backpack,Unisex Accessories Bags Backpacks Grey Spring 2013.0 Casual Wildcraft Unisex Grey & Black Backpack
46474,46474.jpg,http://assets.myntassets.com/v1/image/style/properties/46474/Timex-Men-Black-Dial-Watch_1_ba21051018c08e44d45662f9c7ea1b60.jpg,Men,Accessories,Watches,Watches,Black,Winter,2016.0,Casual,Timex Men Black Dial Watch L506,Men Accessories Watches Watches Black Winter 2016.0 Casual Timex Men Black Dial Watch L506
36703,36703.jpg,http://assets.myntassets.com/v1/images/style/properties/0dc52bf17cec9751b137d9c967afb785_images.jpg,Men,Personal Care,Fragrance,Perfume and Body Mist,Black,Spring,2017.0,Casual,Yves Saint Laurent Men Body Kouros Perfume,Men Personal Care Fragrance Perfume and Body Mist Black Spring 2017.0 Casual Yves Saint Laurent Men Body Kouros Perfume
15581,15581.jpg,http://assets.myntassets.com/v1/images/style/properties/01e962844e68a39880211e7ba3a43a7c_images.jpg,Men,Apparel,Topwear,Tshirts,Purple,Fall,2011.0,Casual,Proline Men Purple Polo T-shirt,Men Apparel Topwear Tshirts Purple Fall 2011.0 Casual Proline Men Purple Polo T-shirt
14453,14453.jpg,http://assets.myntassets.com/v1/images/style/properties/bdbebe341830b60f18a4464dadc45e30_images.jpg,Women,Footwear,Shoes,Heels,Black,Summer,2012.0,Casual,Enroute Women Casual Black Flats,Women Footwear Shoes Heels Black Summer 2012.0 Casual Enroute Women Casual Black Flats
53394,53394.jpg,http://assets.myntassets.com/v1/images/style/properties/Alma-Women-Kurtas_82bedb40d428d5041c9fd87c988d81f2_images.jpg,Women,Apparel,Topwear,Kurtas,Blue,Fall,2012.0,Ethnic,Alma Women Blue and Sea Green Printed Kurta,Women Apparel Topwear Kurtas Blue Fall 2012.0 Ethnic Alma Women Blue and Sea Green Printed Kurta
20666,20666.jpg,http://assets.myntassets.com/v1/images/style/properties/c72333b920f96a498d75b3f82d56c165_images.jpg,Men,Apparel,Topwear,Tshirts,Grey,Fall,2011.0,Casual,Classic Polo Men Striped Grey Tshirt,Men Apparel Topwear Tshirts Grey Fall 2011.0 Casual Classic Polo Men Striped Grey Tshirt
5004,5004.jpg,http://assets.myntassets.com/v1/images/style/properties/8b783d6b8d10aa61690f082ba3db9eda_images.jpg,Women,Apparel,Bottomwear,Skirts,Blue,Summer,2011.0,Casual,Gini and Jony Girl's Delma Blue Kidswear,Women Apparel Bottomwear Skirts Blue Summer 2011.0 Casual Gini and Jony Girl's Delma Blue Kidswear
25314,25314.jpg,http://assets.myntassets.com/assets/images/25314/2018/3/2/11519969665557-CASIO-Men-Black-Digital-Watch-D086-5981519969665416-1.jpg,Men,Accessories,Watches,Watches,Black,Winter,2016.0,Casual,Casio Youth Series Men Digital Watch AE-1100W-1BVDF(D086),Men Accessories Watches Watches Black Winter 2016.0 Casual Casio Youth Series Men Digital Watch AE-1100W-1BVDF(D086)
11121,11121.jpg,http://assets.myntassets.com/v1/images/style/properties/91ecaacd5d3976990f6265986263d36c_images.jpg,Women,Accessories,Headwear,Caps,Blue,Fall,2011.0,Casual,Puma Women Minicats Knit Blue Cap,Women Accessories Headwear Caps Blue Fall 2011.0 Casual Puma Women Minicats Knit Blue Cap
33271,33271.jpg,http://assets.myntassets.com/v1/images/style/properties/87725859164f90b1c366659f2f381238_images.jpg,Girls,Apparel,Bottomwear,Skirts,Red,Summer,2012.0,Casual,Gini and Jony Girls Red Skirt,Girls Apparel Bottomwear Skirts Red Summer 2012.0 Casual Gini and Jony Girls Red Skirt
40783,40783.jpg,http://assets.myntassets.com/v1/images/style/properties/d6ee15dc6f8243e59c6e05effce27873_images.jpg,Men,Footwear,Flip Flops,Flip Flops,Black,Summer,2012.0,Casual,Quiksilver Men Black Flip Flops,Men Footwear Flip Flops Flip Flops Black Summer 2012.0 Casual Quiksilver Men Black Flip Flops
5838,5838.jpg,http://assets.myntassets.com/v1/images/style/properties/771b4bf5f457d4311319771315cbafb6_images.jpg,Men,Apparel,Topwear,Tshirts,White,Summer,2011.0,Casual,ADIDAS Men's Graphic White T-shirt,Men Apparel Topwear Tshirts White Summer 2011.0 Casual ADIDAS Men's Graphic White T-shirt
57734,57734.jpg,http://assets.myntassets.com/v1/images/style/properties/Lotus-Herbals-Fruity-Fusion-Lip-Balm_fbd68f2c0d423a715f4163384c059d7c_images.jpg,Women,Personal Care,Lips,Lip Care,Maroon,Spring,2017.0,,Lotus Herbals Fruity Fusion Lip Balm,Women Personal Care Lips Lip Care Maroon Spring 2017.0  Lotus Herbals Fruity Fusion Lip Balm
31142,31142.jpg,http://assets.myntassets.com/v1/images/style/properties/d7b9e64675ee1886484481433b0220fe_images.jpg,Men,Apparel,Topwear,Shirts,Orange,Summer,2012.0,Formal,John Miller Men Check Orange Shirt,Men Apparel Topwear Shirts Orange Summer 2012.0 Formal John Miller Men Check Orange Shirt
3797,3797.jpg,http://assets.myntassets.com/v1/image/style/properties/3797/Converse-Men-Black--Red-Shoes_1_fe02c8391327729cd4b739c4bc555a7a.jpg,Men,Footwear,Shoes,Casual Shoes,Black,Spring,2014.0,Casual,Converse Men Black & Red Shoes,Men Footwear Shoes Casual Shoes Black Spring 2014.0 Casual Converse Men Black & Red Shoes
29981,29981.jpg,http://assets.myntassets.com/v1/images/style/properties/939c882f33e24ebe570b8708e16046d9_images.jpg,Women,Free Items,Free Gifts,Free Gifts,Blue,Winter,2016.0,Casual,Aspen Women Blue Dial Watch,Women Free Items Free Gifts Free Gifts Blue Winter 2016.0 Casual Aspen Women Blue Dial Watch
19728,19728.jpg,http://assets.myntassets.com/v1/images/style/properties/faba1b9df4905d09c93834faa5de2bc9_images.jpg,Women,Apparel,Topwear,Shirts,Purple,Summer,2011.0,Casual,United Colors of Benetton Women Solid Purple Shirt,Women Apparel Topwear Shirts Purple Summer 2011.0 Casual United Colors of Benetton Women Solid Purple Shirt
55407,55407.jpg,http://assets.myntassets.com/v1/images/style/properties/Revlon-ColorStay-Overtime-Relentless-Raisin-Lip-Gloss-270_0c90267e69e709d964893204dede9a54_images.jpg,Women,Personal Care,Lips,Lip Gloss,Purple,Spring,2017.0,Casual,Revlon ColorStay Overtime Relentless Raisin Lip Gloss 270,Women Personal Care Lips Lip Gloss Purple Spring 2017.0 Casual Revlon ColorStay Overtime Relentless Raisin Lip Gloss 270
27027,27027.jpg,http://assets.myntassets.com/v1/images/style/properties/995dabdb57e37d34d3b873fc2e70a2fc_images.jpg,Women,Apparel,Bottomwear,Shorts,Blue,Summer,2012.0,Casual,Jealous 21 Women Blue Shorts,Women Apparel Bottomwear Shorts Blue Summer 2012.0 Casual Jealous 21 Women Blue Shorts
13212,13212.jpg,http://assets.myntassets.com/v1/images/style/properties/f326f51e5e2d7e6902bd69c18da288d6_images.jpg,Women,Footwear,Shoes,Sports Shoes,Grey,Spring,2012.0,Sports,ASICS Women Gel Spree Running Grey Sports Shoes,Women Footwear Shoes Sports Shoes Grey Spring 2012.0 Sports ASICS Women Gel Spree Running Grey Sports Shoes
28853,28853.jpg,http://assets.myntassets.com/v1/images/style/properties/9cfc287b4a0a7590d5b7d5cbb9cef342_images.jpg,Men,Apparel,Topwear,Tshirts,Purple,Summer,2012.0,Casual,Proline Men Purple T-shirt,Men Apparel Topwear Tshirts Purple Summer 2012.0 Casual Proline Men Purple T-shirt
43562,43562.jpg,http://assets.myntassets.com/v1/images/style/properties/1ffa2f3dfd8a147fab18ac979a79ba6c_images.jpg,Men,Accessories,Socks,Socks,White,Summer,2012.0,Casual,Puma Men White Pack of 3 Socks,Men Accessories Socks Socks White Summer 2012.0 Casual Puma Men White Pack of 3 Socks
50949,50949.jpg,http://assets.myntassets.com/v1/images/style/properties/cd8b98aaa2ead9e8f69b584a0650ee9b_images.jpg,Women,Apparel,Bottomwear,Jeans,Navy Blue,Summer,2013.0,Casual,Lee Women Navy Blue Roxy Fit Jeans,Women Apparel Bottomwear Jeans Navy Blue Summer 2013.0 Casual Lee Women Navy Blue Roxy Fit Jeans
30090,30090.jpg,http://assets.myntassets.com/v1/images/style/properties/Ed-Hardy-Men-Silver-Dial-Watch_603de8d2f7cf0ef21de1c0764d935410_images.jpg,Men,Accessories,Watches,Watches,Steel,Winter,2016.0,Casual,Ed Hardy Men Silver Dial Watch,Men Accessories Watches Watches Steel Winter 2016.0 Casual Ed Hardy Men Silver Dial Watch
2645,2645.jpg,http://assets.myntassets.com/v1/images/style/properties/0291b1572c759c53ee26582071787791_images.jpg,Women,Accessories,Bags,Handbags,Pink,Winter,2015.0,Casual,Murcia Women Big Canvas Tote Bag,Women Accessories Bags Handbags Pink Winter 2015.0 Casual Murcia Women Big Canvas Tote Bag
16760,16760.jpg,http://assets.myntassets.com/v1/images/style/properties/58c17ea24926a8cd2d523a005c549e9b_images.jpg,Women,Accessories,Bags,Handbags,Black,Winter,2015.0,Casual,Spice Art Women Leatherette  Black Handbags,Women Accessories Bags Handbags Black Winter 2015.0 Casual Spice Art Women Leatherette  Black Handbags
49864,49864.jpg,http://assets.myntassets.com/v1/images/style/properties/6b59a22a422f5ffa6ea7bc655e7525c0_images.jpg,Unisex,Accessories,Watches,Watches,Purple,Winter,2016.0,Casual,Q&Q Kids Unisex Purple Digital Watch,Unisex Accessories Watches Watches Purple Winter 2016.0 Casual Q&Q Kids Unisex Purple Digital Watch
22555,22555.jpg,http://assets.myntassets.com/v1/images/style/properties/ef4b7992bcea7fbd68f8c50e2c9b9e89_images.jpg,Men,Personal Care,Fragrance,Deodorant,Black,Spring,2017.0,Casual,Reebok Men Reespeed Deo,Men Personal Care Fragrance Deodorant Black Spring 2017.0 Casual Reebok Men Reespeed Deo
46010,46010.jpg,http://assets.myntassets.com/v1/images/style/properties/a2e76cf7bee3d7016de9dd827af2ff55_images.jpg,Women,Apparel,Saree,Sarees,Maroon,Summer,2012.0,Ethnic,Fabindia Maroon Printed Saree,Women Apparel Saree Sarees Maroon Summer 2012.0 Ethnic Fabindia Maroon Printed Saree
34430,34430.jpg,http://assets.myntassets.com/v1/images/style/properties/65cc0e8d9361daf20816db2c59a91b09_images.jpg,Women,Apparel,Topwear,Tshirts,Blue,Summer,2012.0,Casual,Myntra Women Face Blue T-shirt,Women Apparel Topwear Tshirts Blue Summer 2012.0 Casual Myntra Women Face Blue T-shirt
23487,23487.jpg,http://assets.myntassets.com/v1/images/style/properties/Arrow-Men-Grey-Scarf_9bfde8b4c94683a240bbae3681bdcadf_images.jpg,Men,Accessories,Scarves,Scarves,Grey,Summer,2012.0,Casual,Arrow Men Grey Scarf,Men Accessories Scarves Scarves Grey Summer 2012.0 Casual Arrow Men Grey Scarf
50175,50175.jpg,http://assets.myntassets.com/v1/images/style/properties/Rocia-Women-Black---Brown-Flats_8cf9dbde80372cebd510a6d166be4272_images.jpg,Women,Footwear,Shoes,Flats,Black,Winter,2012.0,Casual,Rocia Women Black & Brown Flats,Women Footwear Shoes Flats Black Winter 2012.0 Casual Rocia Women Black & Brown Flats
58318,58318.jpg,http://assets.myntassets.com/v1/images/style/properties/Jockey-Men-White-Pack-of-3-Socks_b836d30afbcc9ad561bf2a653a784384_images.jpg,Men,Accessories,Socks,Socks,White,Summer,2016.0,Sports,Jockey LCESCBRA Men White Pack of 3 Socks 2004,Men Accessories Socks Socks White Summer 2016.0 Sports Jockey LCESCBRA Men White Pack of 3 Socks 2004
14037,14037.jpg,http://assets.myntassets.com/v1/images/style/properties/c2984f58de4e666b5a3fe6a3b8e36f23_images.jpg,Men,Apparel,Topwear,Shirts,Blue,Winter,2016.0,Casual,Flying Machine Men Check Blue Shirts,Men Apparel Topwear Shirts Blue Winter 2016.0 Casual Flying Machine Men Check Blue Shirts
20202,20202.jpg,http://assets.myntassets.com/v1/images/style/properties/bb4ffc135253bec0b2a69d5c95e5576c_images.jpg,Men,Apparel,Topwear,Sweatshirts,Grey,Fall,2011.0,Casual,Wrangler Men Glow Grey Sweatshirt,Men Apparel Topwear Sweatshirts Grey Fall 2011.0 Casual Wrangler Men Glow Grey Sweatshirt
5460,5460.jpg,http://assets.myntassets.com/v1/images/style/properties/7d5a4f837bfcef7b59a8dfe6ee27107e_images.jpg,Women,Footwear,Shoes,Sports Shoes,Black,Summer,2011.0,Sports,Nike Women's Double Team Lite Black Shoe,Women Footwear Shoes Sports Shoes Black Summer 2011.0 Sports Nike Women's Double Team Lite Black Shoe
44747,44747.jpg,http://assets.myntassets.com/v1/images/style/properties/32b930343fffe258bcdf6ab9363bb24e_images.jpg,Men,Footwear,Shoes,Casual Shoes,Black,Summer,2012.0,Casual,Globalite Men Black Sparta Shoes,Men Footwear Shoes Casual Shoes Black Summer 2012.0 Casual Globalite Men Black Sparta Shoes
36367,36367.jpg,http://assets.myntassets.com/v1/images/style/properties/3b84e76ee161fb3d57354a7242d87739_images.jpg,Men,Accessories,Ties,Ties,Red,Summer,2012.0,Formal,Reid & Taylor Men Red Tie,Men Accessories Ties Ties Red Summer 2012.0 Formal Reid & Taylor Men Red Tie
52622,52622.jpg,http://assets.myntassets.com/v1/images/style/properties/Mod-acc-Women-Purple-Handbag_5659c1cc7d9938623fb3f0863965ddc5_images.jpg,Women,Accessories,Bags,Handbags,Purple,Summer,2012.0,Casual,Mod-acc Women Purple Handbag,Women Accessories Bags Handbags Purple Summer 2012.0 Casual Mod-acc Women Purple Handbag
57350,57350.jpg,http://assets.myntassets.com/v1/images/style/properties/Amante-Black-Floral-Romance-Bra_f682238d4aab13bfbd4b2144770fa4d5_images.jpg,Women,Apparel,Innerwear,Bra,Black,Winter,2015.0,Casual,Amante Black T-Shirt Bra BGSB01,Women Apparel Innerwear Bra Black Winter 2015.0 Casual Amante Black T-Shirt Bra BGSB01
10497,10497.jpg,http://assets.myntassets.com/v1/images/style/properties/8660f80ac1419304503e73f07d8bc921_images.jpg,Women,Apparel,Topwear,Tshirts,White,Fall,2011.0,Casual,Flying Machine Women RN HS White Tshirts,Women Apparel Topwear Tshirts White Fall 2011.0 Casual Flying Machine Women RN HS White Tshirts
25770,25770.jpg,http://assets.myntassets.com/v1/images/style/properties/Lino-Perros-Men-Black-Suspenders_88ddb91433d9bbaf7c3779eb903f4a5d_images.jpg,Men,Apparel,Topwear,Suspenders,Black,Summer,2012.0,Formal,Lino Perros Men Black Suspenders,Men Apparel Topwear Suspenders Black Summer 2012.0 Formal Lino Perros Men Black Suspenders
11545,11545.jpg,http://assets.myntassets.com/v1/images/style/properties/W-Women-Printed-Green-Kurtas_72dc586500cc9c7f7de04705605d63a0_images.jpg,Women,Apparel,Topwear,Kurtas,Green,Summer,2011.0,Ethnic,W Women Printed Green Kurtas,Women Apparel Topwear Kurtas Green Summer 2011.0 Ethnic W Women Printed Green Kurtas
56282,56282.jpg,http://assets.myntassets.com/v1/images/style/properties/Biara-Black-Everyday-Support-Bra_ae19d7140fafca892f51851fdbf00b7a_images.jpg,Women,Apparel,Innerwear,Bra,Black,Summer,2017.0,Casual,Biara Black Everyday Support Bra,Women Apparel Innerwear Bra Black Summer 2017.0 Casual Biara Black Everyday Support Bra
37087,37087.jpg,http://assets.myntassets.com/v1/images/style/properties/a3ccb980f2630b1c8581b0f02453eb46_images.jpg,Women,Accessories,Bags,Mobile Pouch,Brown,Summer,2012.0,Casual,Lino Perros Women Brown Mobile Pouch,Women Accessories Bags Mobile Pouch Brown Summer 2012.0 Casual Lino Perros Women Brown Mobile Pouch
20030,20030.jpg,http://assets.myntassets.com/v1/images/style/properties/08a67a20ca762256f7d9ef8fac4a4763_images.jpg,Men,Apparel,Topwear,Shirts,Blue,Fall,2011.0,Casual,United Colors of Benetton Men Solid Blue Shirt,Men Apparel Topwear Shirts Blue Fall 2011.0 Casual United Colors of Benetton Men Solid Blue Shirt
39921,39921.jpg,http://assets.myntassets.com/assets/images/39921/2016/6/28/11467105877668-Tortoise-Unisex-Brown-Leather-Duffel-Bag-4901467105877369-1.jpg,Unisex,Accessories,Bags,Duffel Bag,Brown,Spring,2011.0,Travel,Tortoise Unisex Brown Leather Duffel Bag,Unisex Accessories Bags Duffel Bag Brown Spring 2011.0 Travel Tortoise Unisex Brown Leather Duffel Bag
52410,52410.jpg,http://assets.myntassets.com/v1/images/style/properties/Red-Rose-Women-Black-Nightdress_be56a8ee3fdbfcc1baab9241d1fad22a_images.jpg,Women,Apparel,Loungewear and Nightwear,Nightdress,Black,Winter,2015.0,Casual,Red Rose Women Black Nightdress,Women Apparel Loungewear and Nightwear Nightdress Black Winter 2015.0 Casual Red Rose Women Black Nightdress
4780,4780.jpg,http://assets.myntassets.com/v1/images/style/properties/2364994f2ec08d2f23b3f9bcc455a798_images.jpg,Women,Apparel,Topwear,Tshirts,Pink,Summer,2011.0,Sports,ADIDAS Women's Balance Pink T-shirt,Women Apparel Topwear Tshirts Pink Summer 2011.0 Sports ADIDAS Women's Balance Pink T-shirt
57162,57162.jpg,http://assets.myntassets.com/v1/images/style/properties/Elle-Women-Teal-T-shirt_fe4b32583dd5809b288f66621381edd8_images.jpg,Women,Apparel,Topwear,Tshirts,Teal,Summer,2012.0,Casual,Elle Women Teal T-shirt,Women Apparel Topwear Tshirts Teal Summer 2012.0 Casual Elle Women Teal T-shirt
58916,58916.jpg,http://assets.myntassets.com/v1/images/style/properties/Hakashi-Men-Woven-Black-Tie_a9968e8752a57568162181bc3c5e8c8c_images.jpg,Men,Accessories,Ties,Ties,Black,Summer,2017.0,Casual,Hakashi Men Black Silk Tie,Men Accessories Ties Ties Black Summer 2017.0 Casual Hakashi Men Black Silk Tie
33427,33427.jpg,http://assets.myntassets.com/v1/images/style/properties/0f7ff70319f7cca8fd4139f322afdbda_images.jpg,Women,Accessories,Bags,Handbags,Blue,Summer,2012.0,Casual,Baggit Women Modishx Enzyme Blue Sling Bag,Women Accessories Bags Handbags Blue Summer 2012.0 Casual Baggit Women Modishx Enzyme Blue Sling Bag
41007,41007.jpg,http://assets.myntassets.com/v1/images/style/properties/7195b148c3b6b41cf4ad730cbe7abbcb_images.jpg,Girls,Apparel,Bottomwear,Shorts,Navy Blue,Summer,2012.0,Casual,Gini and Jony Girls Woven Navy Blue Shorts,Girls Apparel Bottomwear Shorts Navy Blue Summer 2012.0 Casual Gini and Jony Girls Woven Navy Blue Shorts
25542,25542.jpg,http://assets.myntassets.com/v1/images/style/properties/461b368161eddfe0d69ad79bf74ac172_images.jpg,Women,Apparel,Topwear,Tops,Yellow,Summer,2012.0,Casual,Wrangler Women Striper Tank Yellow Top,Women Apparel Topwear Tops Yellow Summer 2012.0 Casual Wrangler Women Striper Tank Yellow Top
11777,11777.jpg,http://assets.myntassets.com/v1/images/style/properties/63504c090265c8c7f85be459242f144a_images.jpg,Men,Apparel,Topwear,Tshirts,Red,Fall,2011.0,Casual,Lee Men Printed Red Tshirts,Men Apparel Topwear Tshirts Red Fall 2011.0 Casual Lee Men Printed Red Tshirts
7939,7939.jpg,http://assets.myntassets.com/v1/images/style/properties/e3128a620280d25dbffd1a55d7d6122e_images.jpg,Men,Apparel,Topwear,Tshirts,Black,Fall,2011.0,Sports,Puma Men's Graphic Optic Black Silver T-shirt,Men Apparel Topwear Tshirts Black Fall 2011.0 Sports Puma Men's Graphic Optic Black Silver T-shirt
55635,55635.jpg,http://assets.myntassets.com/v1/images/style/properties/Catwalk-Women-Gold-Heels_b2ca0800dabb479e7b51cd4921bda724_images.jpg,Women,Footwear,Shoes,Heels,Gold,Winter,2015.0,Casual,Catwalk Women Gold Heels,Women Footwear Shoes Heels Gold Winter 2015.0 Casual Catwalk Women Gold Heels
42682,42682.jpg,http://assets.myntassets.com/v1/images/style/properties/589cb4d0b587a8b2ec66e6df75d4cbb0_images.jpg,Women,Apparel,Topwear,Kurtas,Cream,Summer,2012.0,Ethnic,Alma Women Cream & Blue Kurta,Women Apparel Topwear Kurtas Cream Summer 2012.0 Ethnic Alma Women Cream & Blue Kurta
2477,2477.jpg,http://assets.myntassets.com/v1/images/style/properties/2aaec62ff9756dab42e78315b35505e5_images.jpg,Men,Footwear,Shoes,Sports Shoes,Blue,Fall,2010.0,Sports,Nike Men's LunarFly Blue Shoe,Men Footwear Shoes Sports Shoes Blue Fall 2010.0 Sports Nike Men's LunarFly Blue Shoe
27215,27215.jpg,http://assets.myntassets.com/v1/images/style/properties/99a267010ab471a6d6f5b2a9429de11c_images.jpg,Men,Apparel,Bottomwear,Shorts,Blue,Summer,2012.0,Casual,Doodle Kids Boy Striped Blue Shorts,Men Apparel Bottomwear Shorts Blue Summer 2012.0 Casual Doodle Kids Boy Striped Blue Shorts
7105,7105.jpg,http://assets.myntassets.com/v1/images/style/properties/05ca1d476cec6e8a1e105b9fa52915fe_images.jpg,Unisex,Accessories,Bags,Backpacks,Green,Winter,2015.0,Casual,Wildcraft Unisex Green Backpack,Unisex Accessories Bags Backpacks Green Winter 2015.0 Casual Wildcraft Unisex Green Backpack
16552,16552.jpg,http://assets.myntassets.com/v1/images/style/properties/1409929bc932016f797d39507f500bfc_images.jpg,Men,Apparel,Topwear,Tshirts,Grey,Fall,2011.0,Casual,Basics Men Grey Printed Polo T-shirt,Men Apparel Topwear Tshirts Grey Fall 2011.0 Casual Basics Men Grey Printed Polo T-shirt
8971,8971.jpg,http://assets.myntassets.com/v1/images/style/properties/b0f6e40ac38b85e949721b079891659f_images.jpg,Men,Footwear,Shoes,Sports Shoes,Black,Fall,2011.0,Sports,Puma Men Drift Cat III CF Black Sports Shoes,Men Footwear Shoes Sports Shoes Black Fall 2011.0 Sports Puma Men Drift Cat III CF Black Sports Shoes
22767,22767.jpg,http://assets.myntassets.com/v1/images/style/properties/2e3e23af2fc9d098ad191f998e590d63_images.jpg,Women,Apparel,Topwear,Kurtas,Green,Fall,2011.0,Ethnic,BIBA Women Solid Green Kurta,Women Apparel Topwear Kurtas Green Fall 2011.0 Ethnic BIBA Women Solid Green Kurta
50347,50347.jpg,http://assets.myntassets.com/v1/images/style/properties/Aurelia-Women-Red-Kurta_490184c804d771f513cc4168530dad3a_images.jpg,Women,Apparel,Topwear,Kurtas,Red,Summer,2012.0,Ethnic,Aurelia Women Red Kurta,Women Apparel Topwear Kurtas Red Summer 2012.0 Ethnic Aurelia Women Red Kurta
34602,34602.jpg,http://assets.myntassets.com/v1/images/style/properties/a7b808ea34e87383bb5a8f1de2a82069_images.jpg,Men,Apparel,Innerwear,Briefs,Brown,Summer,2016.0,Casual,Hanes Men Brown Boxer Brief,Men Apparel Innerwear Briefs Brown Summer 2016.0 Casual Hanes Men Brown Boxer Brief
59665,59665.jpg,http://assets.myntassets.com/v1/images/style/properties/FNF-Pink---Yellow-Sari_04266265ca588ed869377b70fc7a3a38_images.jpg,Women,Apparel,Saree,Sarees,Yellow,Fall,2012.0,Ethnic,FNF Pink & Yellow Printed Evening Wear Sari,Women Apparel Saree Sarees Yellow Fall 2012.0 Ethnic FNF Pink & Yellow Printed Evening Wear Sari
14498,14498.jpg,http://assets.myntassets.com/v1/images/style/properties/dd4df7d68ef98ab9ebc1ce6d20cbe6b5_images.jpg,Men,Footwear,Shoes,Casual Shoes,Black,Fall,2011.0,Casual,Flying Machine Men Casual Black Casual Shoes,Men Footwear Shoes Casual Shoes Black Fall 2011.0 Casual Flying Machine Men Casual Black Casual Shoes
10804,10804.jpg,http://assets.myntassets.com/v1/images/style/properties/63f84251c145288df7baec1081432173_images.jpg,Men,Footwear,Flip Flops,Flip Flops,White,Fall,2011.0,Casual,Wrangler Men Rider Solid White Shirts,Men Footwear Flip Flops Flip Flops White Fall 2011.0 Casual Wrangler Men Rider Solid White Shirts
4921,4921.jpg,http://assets.myntassets.com/v1/images/style/properties/a8bf405400eec5130c056452d20ba104_images.jpg,Women,Apparel,Topwear,Tshirts,White,Summer,2011.0,Casual,Gini and Jony Girl's Viona Pack of 3 Tee Kidswear,Women Apparel Topwear Tshirts White Summer 2011.0 Casual Gini and Jony Girl's Viona Pack of 3 Tee Kidswear
32368,32368.jpg,http://assets.myntassets.com/v1/images/style/properties/Q-Q-Men-Black-Dial-Watch_064d6cdfeee6e5ba8292acfba2e56ace_images.jpg,Men,Accessories,Watches,Watches,Black,Winter,2016.0,Casual,Q&Q Men Black Dial Watch,Men Accessories Watches Watches Black Winter 2016.0 Casual Q&Q Men Black Dial Watch
39780,39780.jpg,http://assets.myntassets.com/v1/images/style/properties/d035563180c4054fb776be3441f63d07_images.jpg,Men,Apparel,Topwear,Shirts,Yellow,Summer,2012.0,Casual,Peter England Men Yellow Casual Shirts,Men Apparel Topwear Shirts Yellow Summer 2012.0 Casual Peter England Men Yellow Casual Shirts
40748,40748.jpg,http://assets.myntassets.com/v1/images/style/properties/20ec2e34e60023159c80f0e02375c688_images.jpg,Women,Footwear,Flip Flops,Flip Flops,Pink,Winter,2012.0,Casual,Roxy Women Pink Flip Flops,Women Footwear Flip Flops Flip Flops Pink Winter 2012.0 Casual Roxy Women Pink Flip Flops
38652,38652.jpg,http://assets.myntassets.com/v1/images/style/properties/c12db15b9443c0d5180bfd8ed70cf71e_images.jpg,Women,Footwear,Shoes,Casual Shoes,Black,Summer,2012.0,Casual,Nike Women Double Team Lite Black Shoes,Women Footwear Shoes Casual Shoes Black Summer 2012.0 Casual Nike Women Double Team Lite Black Shoes
18255,18255.jpg,http://assets.myntassets.com/v1/images/style/properties/Aneri-Women-Multi-Coloured-Kurta_69da9538a27b1a152d57a3c84aa07f09_images.jpg,Women,Apparel,Topwear,Kurtas,Off White,Summer,2012.0,Ethnic,Aneri Women Multi Coloured Kurta,Women Apparel Topwear Kurtas Off White Summer 2012.0 Ethnic Aneri Women Multi Coloured Kurta
27488,27488.jpg,http://assets.myntassets.com/v1/images/style/properties/2799e85e049c78e441ed5277a0c9392c_images.jpg,Women,Apparel,Innerwear,Briefs,Red,Winter,2015.0,Casual,Jockey Women Red Bikini Briefs,Women Apparel Innerwear Briefs Red Winter 2015.0 Casual Jockey Women Red Bikini Briefs
9602,9602.jpg,http://assets.myntassets.com/v1/images/style/properties/aae2b9f9d775f4840c2984ffcb370f3d_images.jpg,Men,Apparel,Topwear,Shirts,Black,Fall,2011.0,Casual,Scullers Men Scul White & Red Shirt,Men Apparel Topwear Shirts Black Fall 2011.0 Casual Scullers Men Scul White & Red Shirt
23814,23814.jpg,http://assets.myntassets.com/v1/images/style/properties/01aa827decbe2f5e84fd7c854f8d1300_images.jpg,Men,Footwear,Shoes,Casual Shoes,Black,Fall,2011.0,Casual,Puma Men Neo Low Black Casual Shoes,Men Footwear Shoes Casual Shoes Black Fall 2011.0 Casual Puma Men Neo Low Black Casual Shoes
48525,48525.jpg,http://assets.myntassets.com/v1/images/style/properties/13a4a6cacd48d54b58c9b016922cdf04_images.jpg,Women,Apparel,Dress,Dresses,White,Summer,2012.0,Casual,French Connection Women White & Blue  Striped Dress,Women Apparel Dress Dresses White Summer 2012.0 Casual French Connection Women White & Blue  Striped Dress
3338,3338.jpg,http://assets.myntassets.com/v1/images/style/properties/f159107f47f06fbd04b2dcd4e6dfa4fb_images.jpg,Men,Apparel,Topwear,Tshirts,White,Summer,2011.0,Sports,ADIDAS Men's Mumbai Indians White Polo T-shirt,Men Apparel Topwear Tshirts White Summer 2011.0 Sports ADIDAS Men's Mumbai Indians White Polo T-shirt
35971,35971.jpg,http://assets.myntassets.com/v1/images/style/properties/770dfb6b5b976390929b68c0522b46e9_images.jpg,Men,Apparel,Topwear,Tshirts,Black,Summer,2012.0,Casual,Flying Machine Men Tee Black T-shirt,Men Apparel Topwear Tshirts Black Summer 2012.0 Casual Flying Machine Men Tee Black T-shirt
19387,19387.jpg,http://assets.myntassets.com/v1/images/style/properties/4667f5416339437dda1dc3510bb0a27d_images.jpg,Men,Footwear,Shoes,Sports Shoes,Beige,Summer,2011.0,Sports,ADIDAS Men Dumont Beige Sports Shoes,Men Footwear Shoes Sports Shoes Beige Summer 2011.0 Sports ADIDAS Men Dumont Beige Sports Shoes
54946,54946.jpg,http://assets.myntassets.com/v1/images/style/properties/Do-u-speak-green-Men-Off-White-T-shirt_100790fca441606ed9962914d64c3f2f_images.jpg,Men,Apparel,Topwear,Tshirts,Cream,Summer,2012.0,Casual,Do u speak green Men Cream T-shirt,Men Apparel Topwear Tshirts Cream Summer 2012.0 Casual Do u speak green Men Cream T-shirt
23028,23028.jpg,http://assets.myntassets.com/v1/images/style/properties/7d8d482713ec3ae6fd651599bca43a8b_images.jpg,Men,Apparel,Topwear,Shirts,Blue,Fall,2011.0,Formal,Arrow Men Blue Striped Shirt,Men Apparel Topwear Shirts Blue Fall 2011.0 Formal Arrow Men Blue Striped Shirt
42823,42823.jpg,http://assets.myntassets.com/v1/images/style/properties/c149840d6e29a3260f410ae379d8a63c_images.jpg,Women,Apparel,Innerwear,Briefs,Grey,Summer,2012.0,Casual,Little Miss Intimates Women Grey Brief,Women Apparel Innerwear Briefs Grey Summer 2012.0 Casual Little Miss Intimates Women Grey Brief
51408,51408.jpg,http://assets.myntassets.com/v1/images/style/properties/663acf01b760ab161d4dd31ecbff0b95_images.jpg,Men,Apparel,Topwear,Shirts,Blue,Summer,2012.0,Casual,Myntra Men Blue and White Check Shirt,Men Apparel Topwear Shirts Blue Summer 2012.0 Casual Myntra Men Blue and White Check Shirt
55894,55894.jpg,http://assets.myntassets.com/assets/images/55894/2019/1/11/27a1da32-8a3d-4dcc-8b33-8671f4baef271547186946784-Colorbar-Blue-Lagoon-Nail-Lacquer-05-4701547186946474-1.jpg,Women,Personal Care,Nails,Nail Polish,Blue,Spring,2017.0,Casual,Colorbar Blue Lagoon Nail Lacquer 05,Women Personal Care Nails Nail Polish Blue Spring 2017.0 Casual Colorbar Blue Lagoon Nail Lacquer 05
7798,7798.jpg,http://assets.myntassets.com/v1/images/style/properties/899e7e52d0734d342232258ec2910f01_images.jpg,Men,Apparel,Topwear,Tshirts,White,Fall,2011.0,Casual,Proline Men White Polo T-shirt,Men Apparel Topwear Tshirts White Fall 2011.0 Casual Proline Men White Polo T-shirt
9430,9430.jpg,http://assets.myntassets.com/v1/images/style/properties/ef183787311e4d8e9f33dcf3ceff9102_images.jpg,Men,Footwear,Shoes,Formal Shoes,Black,Fall,2011.0,Formal,Lee Cooper Men Nnado Black Formal Shoes,Men Footwear Shoes Formal Shoes Black Fall 2011.0 Formal Lee Cooper Men Nnado Black Formal Shoes
17813,17813.jpg,http://assets.myntassets.com/v1/images/style/properties/489abfd6cc785c67b99041f7217d33c9_images.jpg,Men,Footwear,Shoes,Casual Shoes,Brown,Fall,2011.0,Casual,Lee Cooper Men  Brown Casual Shoe,Men Footwear Shoes Casual Shoes Brown Fall 2011.0 Casual Lee Cooper Men  Brown Casual Shoe
48717,48717.jpg,http://assets.myntassets.com/v1/images/style/properties/ea2694aaa576fe0be02101286485349a_images.jpg,Women,Accessories,Jewellery,Earrings,Silver,Summer,2012.0,Casual,Lucera Women Silver Earrings,Women Accessories Jewellery Earrings Silver Summer 2012.0 Casual Lucera Women Silver Earrings
6478,6478.jpg,http://assets.myntassets.com/v1/images/style/properties/17db94a30b7a91f94aae9c58c5ef5778_images.jpg,Men,Apparel,Topwear,Jackets,Grey,Summer,2011.0,Casual,ADIDAS Men Top Grey Jacket,Men Apparel Topwear Jackets Grey Summer 2011.0 Casual ADIDAS Men Top Grey Jacket
19989,19989.jpg,http://assets.myntassets.com/v1/images/style/properties/6c9527c1e024ef16f8a4302b9e9bbdfb_images.jpg,Women,Apparel,Topwear,Tshirts,White,Fall,2011.0,Casual,United Colors of Benetton Women Printed White T-shirt,Women Apparel Topwear Tshirts White Fall 2011.0 Casual United Colors of Benetton Women Printed White T-shirt
3936,3936.jpg,http://assets.myntassets.com/v1/images/style/properties/48c7baa27e9e3766ed2e3f5327377c5b_images.jpg,Women,Apparel,Topwear,Tshirts,Black,Summer,2011.0,Casual,Jealous 21 Women's Black Miss T-shirt,Women Apparel Topwear Tshirts Black Summer 2011.0 Casual Jealous 21 Women's Black Miss T-shirt
15778,15778.jpg,http://assets.myntassets.com/v1/images/style/properties/5581cb59f9be32cc2051d253716a6300_images.jpg,Men,Apparel,Innerwear,Briefs,Grey,Summer,2016.0,Casual,Facit Men Mid- Rise BF Grey Briefs,Men Apparel Innerwear Briefs Grey Summer 2016.0 Casual Facit Men Mid- Rise BF Grey Briefs
59457,59457.jpg,http://assets.myntassets.com/v1/images/style/properties/Lucera-Silver-Ring_3d5fee363f959fbfc0f5899f6d981f83_images.jpg,Women,Accessories,Jewellery,Ring,Silver,Summer,2015.0,Casual,Lucera Silver Ring,Women Accessories Jewellery Ring Silver Summer 2015.0 Casual Lucera Silver Ring
45008,45008.jpg,http://assets.myntassets.com/v1/images/style/properties/5b4919e1c8e153cb33961148c7ab4662_images.jpg,Men,Accessories,Watches,Watches,Steel,Winter,2016.0,Casual,Maxima Men Digital Multifunction Watch,Men Accessories Watches Watches Steel Winter 2016.0 Casual Maxima Men Digital Multifunction Watch
37428,37428.jpg,http://assets.myntassets.com/v1/images/style/properties/0dad884897e3f1d63c49416479eb69a0_images.jpg,Women,Accessories,Bags,Handbags,Red,Summer,2012.0,Casual,Murcia Women Red Handbag,Women Accessories Bags Handbags Red Summer 2012.0 Casual Murcia Women Red Handbag
52883,52883.jpg,http://assets.myntassets.com/v1/images/style/properties/Fashion-N-Fabrics-Printed-Blue-Sari_9bf6e52baf971b344e6ae40fdd6342cc_images.jpg,Women,Apparel,Saree,Sarees,Blue,Fall,2012.0,Ethnic,FNF Printed Blue Sari,Women Apparel Saree Sarees Blue Fall 2012.0 Ethnic FNF Printed Blue Sari
45834,45834.jpg,http://assets.myntassets.com/v1/images/style/properties/bbb0f521d3b1c458aa3c208e3a3e429b_images.jpg,Women,Apparel,Topwear,Kurtas,Red,Summer,2012.0,Ethnic,Vishudh Women Red Kurta,Women Apparel Topwear Kurtas Red Summer 2012.0 Ethnic Vishudh Women Red Kurta
33088,33088.jpg,http://assets.myntassets.com/v1/images/style/properties/ca819fc95ae22193255179d3af2981ba_images.jpg,Women,Footwear,Shoes,Heels,Gold,Winter,2015.0,Casual,Catwalk Women Gold Flats,Women Footwear Shoes Heels Gold Winter 2015.0 Casual Catwalk Women Gold Flats
38460,38460.jpg,http://assets.myntassets.com/v1/images/style/properties/024b6bff000990557dca495c7f819018_images.jpg,Women,Accessories,Bags,Mobile Pouch,Green,Summer,2012.0,Casual,Baggit Women Green Pinto Checksy Mobile Pouch,Women Accessories Bags Mobile Pouch Green Summer 2012.0 Casual Baggit Women Green Pinto Checksy Mobile Pouch
12139,12139.jpg,http://assets.myntassets.com/v1/images/style/properties/dee458d60da1bbc29db97e2fd6cbbb9f_images.jpg,Women,Apparel,Topwear,Kurtas,Purple,Fall,2011.0,Ethnic,Aurelia Women Solid Purple Kurtas,Women Apparel Topwear Kurtas Purple Fall 2011.0 Ethnic Aurelia Women Solid Purple Kurtas
42649,42649.jpg,http://assets.myntassets.com/v1/images/style/properties/b87909fc3f6641dffba234ab5d09dc04_images.jpg,Women,Apparel,Topwear,Kurtas,Black,Summer,2012.0,Ethnic,Alma Women Black Kurta,Women Apparel Topwear Kurtas Black Summer 2012.0 Ethnic Alma Women Black Kurta
8186,8186.jpg,http://assets.myntassets.com/v1/images/style/properties/09ea8b24136c84653810e7e1bc1815f7_images.jpg,Men,Apparel,Topwear,Shirts,Grey,Summer,2011.0,Casual,Locomotive Men Check Lai Grey Shirts,Men Apparel Topwear Shirts Grey Summer 2011.0 Casual Locomotive Men Check Lai Grey Shirts
9054,9054.jpg,http://assets.myntassets.com/v1/images/style/properties/aa9d54ae49bdc357115fff779ec6475e_images.jpg,Women,Footwear,Shoes,Sports Shoes,White,Fall,2011.0,Sports,ADIDAS Women Duramo 3 White Sports Shoes,Women Footwear Shoes Sports Shoes White Fall 2011.0 Sports ADIDAS Women Duramo 3 White Sports Shoes
30269,30269.jpg,http://assets.myntassets.com/v1/images/style/properties/47bcbb24bd8b2e066437d691f2bfd139_images.jpg,Men,Accessories,Eyewear,Sunglasses,Brown,Summer,2017.0,Casual,Speedo Men Sheet Sunglasses,Men Accessories Eyewear Sunglasses Brown Summer 2017.0 Casual Speedo Men Sheet Sunglasses
48373,48373.jpg,http://assets.myntassets.com/v1/images/style/properties/8edbbf308f7ed049347d3951c81b2de4_images.jpg,Men,Apparel,Topwear,Shirts,White,Summer,2012.0,Casual,French Connection Men White & Purple Check Shirt,Men Apparel Topwear Shirts White Summer 2012.0 Casual French Connection Men White & Purple Check Shirt
18403,18403.jpg,http://assets.myntassets.com/v1/images/style/properties/87cd7b092091609ac02f152cb50960f2_images.jpg,Men,Footwear,Shoes,Casual Shoes,Black,Fall,2011.0,Casual,Skechers Men Tone-Ups Black Shoe,Men Footwear Shoes Casual Shoes Black Fall 2011.0 Casual Skechers Men Tone-Ups Black Shoe
6820,6820.jpg,http://assets.myntassets.com/v1/images/style/properties/a47da3c53d5f77a0f7b968a117e7419e_images.jpg,Women,Footwear,Flip Flops,Flip Flops,Green,Summer,2011.0,Casual,Timberland Women's Estela Umbrella Green Flip Flop,Women Footwear Flip Flops Flip Flops Green Summer 2011.0 Casual Timberland Women's Estela Umbrella Green Flip Flop
12905,12905.jpg,http://assets.myntassets.com/v1/images/style/properties/d753a75fd807397060c3c61bfc20d841_images.jpg,Women,Footwear,Shoes,Casual Shoes,Purple,Fall,2011.0,Casual,Puma Women Casual Purple Casual Shoes,Women Footwear Shoes Casual Shoes Purple Fall 2011.0 Casual Puma Women Casual Purple Casual Shoes
9868,9868.jpg,http://assets.myntassets.com/v1/images/style/properties/41a3ac97e8ca016aae71fa7a9db7c79c_images.jpg,Men,Apparel,Topwear,Tshirts,Navy Blue,Fall,2011.0,Casual,Status Quo Men Navy Blue Polo Tshirts,Men Apparel Topwear Tshirts Navy Blue Fall 2011.0 Casual Status Quo Men Navy Blue Polo Tshirts
28296,28296.jpg,http://assets.myntassets.com/v1/images/style/properties/b89b5c55bc671bdb0ed485b142ba083a_images.jpg,Men,Accessories,Eyewear,Sunglasses,Black,Winter,2016.0,Casual,Fastrack Men Sunglasses,Men Accessories Eyewear Sunglasses Black Winter 2016.0 Casual Fastrack Men Sunglasses
57995,57995.jpg,http://assets.myntassets.com/v1/images/style/properties/Latin-Quarters-Women-Black-Dress_91d19b8598579c1901a632e94e923a24_images.jpg,Women,Apparel,Dress,Dresses,Black,Fall,2012.0,Casual,Latin Quarters Women & White Black Dress,Women Apparel Dress Dresses Black Fall 2012.0 Casual Latin Quarters Women & White Black Dress
5699,5699.jpg,http://assets.myntassets.com/v1/images/style/properties/7ab6c782cf6156d10037f737cc34e1f0_images.jpg,Men,Footwear,Shoes,Casual Shoes,Black,Winter,2015.0,Casual,Skechers Men's Striking Black Shoe,Men Footwear Shoes Casual Shoes Black Winter 2015.0 Casual Skechers Men's Striking Black Shoe
40922,40922.jpg,http://assets.myntassets.com/v1/images/style/properties/2a9bee8aea9497479e99de667d770008_images.jpg,Boys,Apparel,Topwear,Jackets,Blue,Summer,2012.0,Casual,Gini and Jony Boys Rodeo Blue Jacket,Boys Apparel Topwear Jackets Blue Summer 2012.0 Casual Gini and Jony Boys Rodeo Blue Jacket
38838,38838.jpg,http://assets.myntassets.com/v1/images/style/properties/0c3f31c68dc87a91b5d80d05e68c981d_images.jpg,Women,Apparel,Dress,Dresses,Pink,Fall,2012.0,Casual,Latin Quarters Women Pink & Black Printed Dress,Women Apparel Dress Dresses Pink Fall 2012.0 Casual Latin Quarters Women Pink & Black Printed Dress
59033,59033.jpg,http://assets.myntassets.com/v1/images/style/properties/Carlton-London-Women-Black-Sandals_820c53e936db176f74c91934004351ab_images.jpg,Women,Footwear,Shoes,Heels,Black,Winter,2012.0,Casual,Carlton London Women Black Heels,Women Footwear Shoes Heels Black Winter 2012.0 Casual Carlton London Women Black Heels
21129,21129.jpg,http://assets.myntassets.com/v1/images/style/properties/ea48d69e5ce5857b92314699db33b8b2_images.jpg,Women,Apparel,Topwear,Tops,Red,Fall,2011.0,Casual,s.Oliver Women Printed Red Top,Women Apparel Topwear Tops Red Fall 2011.0 Casual s.Oliver Women Printed Red Top
56847,56847.jpg,http://assets.myntassets.com/v1/images/style/properties/John-Players-Men-Blue-Jeans_48c4929e8a62d1b8ea6070c400c9e06e_images.jpg,Men,Apparel,Bottomwear,Jeans,Blue,Summer,2012.0,Casual,John Players Men Blue Jeans,Men Apparel Bottomwear Jeans Blue Summer 2012.0 Casual John Players Men Blue Jeans
37870,37870.jpg,http://assets.myntassets.com/v1/images/style/properties/Hidekraft-Men-Black-Wallet_e43b1f83d56f1d638dbc55dc9e61ef9c_images.jpg,Men,Accessories,Wallets,Wallets,Black,Summer,2012.0,Casual,Hidekraft Men Black Wallet,Men Accessories Wallets Wallets Black Summer 2012.0 Casual Hidekraft Men Black Wallet
38004,38004.jpg,http://assets.myntassets.com/v1/images/style/properties/acccdf72e38b7cdec3e3a749dfce0d3b_images.jpg,Women,Accessories,Watches,Watches,Blue,Winter,2016.0,Casual,Q&Q Women Blue Watch,Women Accessories Watches Watches Blue Winter 2016.0 Casual Q&Q Women Blue Watch
21915,21915.jpg,http://assets.myntassets.com/v1/images/style/properties/48311721ee850d92e93d6f3ac0e99d0a_images.jpg,Women,Apparel,Apparel Set,Kurta Sets,Orange,Fall,2011.0,Ethnic,Biba Women Orange & Purple Printed Churidar Kurta with Dupatta,Women Apparel Apparel Set Kurta Sets Orange Fall 2011.0 Ethnic Biba Women Orange & Purple Printed Churidar Kurta with Dupatta
25589,25589.jpg,http://assets.myntassets.com/v1/images/style/properties/bb7a9407aea78c7e7f4e7aabc9306ac6_images.jpg,Women,Apparel,Apparel Set,Kurta Sets,Green,Fall,2011.0,Ethnic,Vishudh Women Green Churidar Kurta with Dupatta,Women Apparel Apparel Set Kurta Sets Green Fall 2011.0 Ethnic Vishudh Women Green Churidar Kurta with Dupatta
4579,4579.jpg,http://assets.myntassets.com/v1/images/style/properties/032b2806e0ea06a222d748df28f59c0b_images.jpg,Women,Footwear,Shoes,Sports Shoes,Blue,Summer,2011.0,Sports,Nike Women Zoo Blue Shoe,Women Footwear Shoes Sports Shoes Blue Summer 2011.0 Sports Nike Women Zoo Blue Shoe
38236,38236.jpg,http://assets.myntassets.com/v1/images/style/properties/3becca3f1605da3dac9a87a8250e5db7_images.jpg,Unisex,Accessories,Eyewear,Sunglasses,Black,Winter,2016.0,Casual,Polaroid Unisex Sunglasses,Unisex Accessories Eyewear Sunglasses Black Winter 2016.0 Casual Polaroid Unisex Sunglasses
24669,24669.jpg,http://assets.myntassets.com/v1/images/style/properties/5122efbb17cf8719d28f683d5f3b5e50_images.jpg,Men,Footwear,Shoes,Casual Shoes,Red,Fall,2011.0,Casual,Converse Men Red Casual Shoes,Men Footwear Shoes Casual Shoes Red Fall 2011.0 Casual Converse Men Red Casual Shoes
56249,56249.jpg,http://assets.myntassets.com/v1/images/style/properties/SDL-by-Sweet-Dreams-Men-White-Pyjama-Set_7694a8952a35c1ec2ae51d58c3a45933_images.jpg,Men,Apparel,Loungewear and Nightwear,Night suits,White,Summer,2016.0,Casual,SDL by Sweet Dreams Men White Pyjama Set,Men Apparel Loungewear and Nightwear Night suits White Summer 2016.0 Casual SDL by Sweet Dreams Men White Pyjama Set
15912,15912.jpg,http://assets.myntassets.com/v1/images/style/properties/90481395edbb949eae0d91c32512ad7b_images.jpg,Men,Apparel,Topwear,Shirts,Blue,Fall,2011.0,Formal,Black Coffee Men Stripes Blue Shirt,Men Apparel Topwear Shirts Blue Fall 2011.0 Formal Black Coffee Men Stripes Blue Shirt
49093,49093.jpg,http://assets.myntassets.com/v1/images/style/properties/Deborah-24-Ore-Lip-Liner-220_df99e9137d439c0d724134e8e0994b2d_images.jpg,Women,Personal Care,Lips,Lip Liner,Mauve,Spring,2017.0,Casual,Deborah 24 Ore Lip Liner 220,Women Personal Care Lips Lip Liner Mauve Spring 2017.0 Casual Deborah 24 Ore Lip Liner 220
31189,31189.jpg,http://assets.myntassets.com/v1/images/style/properties/Cabarelli-Men-Brown-Wallet_3ea4824d12e3c4d99b6d04a0379fdfa3_images.jpg,Men,Accessories,Wallets,Wallets,Brown,Summer,2012.0,Casual,Cabarelli Men Brown Wallet,Men Accessories Wallets Wallets Brown Summer 2012.0 Casual Cabarelli Men Brown Wallet
18631,18631.jpg,http://assets.myntassets.com/v1/images/style/properties/7c4fb6d7e77f1d0c8469800f52c20cbc_images.jpg,Men,Apparel,Topwear,Tshirts,Navy Blue,Fall,2011.0,Casual,Puma Men GP Speed Navy Blue Tshirts,Men Apparel Topwear Tshirts Navy Blue Fall 2011.0 Casual Puma Men GP Speed Navy Blue Tshirts
9266,9266.jpg,http://assets.myntassets.com/v1/images/style/properties/eb4f7552fb100853af1645329b27d5c6_images.jpg,Men,Apparel,Topwear,Shirts,Navy Blue,Fall,2011.0,Casual,Scullers Men Scul Blue Shirts,Men Apparel Topwear Shirts Navy Blue Fall 2011.0 Casual Scullers Men Scul Blue Shirts
50982,50982.jpg,http://assets.myntassets.com/v1/images/style/properties/c8a1a504ce8d77131881c7a93ceacbdd_images.jpg,Women,Apparel,Loungewear and Nightwear,Robe,Maroon,Summer,2017.0,Casual,Enamor Women Maroon Robe,Women Apparel Loungewear and Nightwear Robe Maroon Summer 2017.0 Casual Enamor Women Maroon Robe
28898,28898.jpg,http://assets.myntassets.com/v1/images/style/properties/9dadf096271bea103174fff5a02bc649_images.jpg,Women,Apparel,Innerwear,Briefs,Red,Summer,2014.0,Casual,Enamor Women Red Brief,Women Apparel Innerwear Briefs Red Summer 2014.0 Casual Enamor Women Red Brief
48141,48141.jpg,http://assets.myntassets.com/v1/images/style/properties/8ed943b7feeddbdd7fa964f6b9735615_images.jpg,Women,Accessories,Wallets,Wallets,Brown,Winter,2016.0,Casual,Fossil Women Brown Wallet,Women Accessories Wallets Wallets Brown Winter 2016.0 Casual Fossil Women Brown Wallet
29176,29176.jpg,http://assets.myntassets.com/v1/images/style/properties/0306ed2619dc70f26359986b5ed7a8a0_images.jpg,Boys,Apparel,Bottomwear,Shorts,Khaki,Summer,2012.0,Casual,United Colors of Benetton Boys Khaki Shorts,Boys Apparel Bottomwear Shorts Khaki Summer 2012.0 Casual United Colors of Benetton Boys Khaki Shorts
26902,26902.jpg,http://assets.myntassets.com/v1/images/style/properties/f6184ed0403a70e72e4d22655056a19b_images.jpg,Women,Apparel,Topwear,Tops,Lavender,Summer,2012.0,Casual,Jealous 21 Women Printed Lavender Top,Women Apparel Topwear Tops Lavender Summer 2012.0 Casual Jealous 21 Women Printed Lavender Top
35529,35529.jpg,http://assets.myntassets.com/v1/images/style/properties/9450eb432b54f201404b95ba47b502da_images.jpg,Girls,Footwear,Sandal,Sandals,Orange,Summer,2012.0,Casual,Enroute Teens Orange Sandals,Girls Footwear Sandal Sandals Orange Summer 2012.0 Casual Enroute Teens Orange Sandals
47109,47109.jpg,http://assets.myntassets.com/v1/images/style/properties/aef706969cd38198872190870948e19a_images.jpg,Boys,Footwear,Shoes,Casual Shoes,White,Fall,2012.0,Casual,Marvel Boys White Shoes,Boys Footwear Shoes Casual Shoes White Fall 2012.0 Casual Marvel Boys White Shoes
17679,17679.jpg,http://assets.myntassets.com/v1/images/style/properties/99aec11d34cfacfdedf25c73a90bcf9c_images.jpg,Women,Footwear,Shoes,Heels,Pink,Winter,2015.0,Casual,Catwalk Women Buckel Pink Flats,Women Footwear Shoes Heels Pink Winter 2015.0 Casual Catwalk Women Buckel Pink Flats
30867,30867.jpg,http://assets.myntassets.com/v1/images/style/properties/febc6e0b14bd15b684b97f81bb497d2b_images.jpg,Women,Apparel,Topwear,Kurtas,Blue,Summer,2012.0,Ethnic,Fabindia Women Blue Kurta,Women Apparel Topwear Kurtas Blue Summer 2012.0 Ethnic Fabindia Women Blue Kurta
7906,7906.jpg,http://assets.myntassets.com/v1/images/style/properties/138116d80d96f4ccc032dccfc7e45062_images.jpg,Men,Apparel,Topwear,Tshirts,Black,Fall,2011.0,Casual,Proline Men Black & Navy Striped Polo T-shirt,Men Apparel Topwear Tshirts Black Fall 2011.0 Casual Proline Men Black & Navy Striped Polo T-shirt
19525,19525.jpg,http://assets.myntassets.com/v1/images/style/properties/8486f2e34dcdb0462791a33dde46a010_images.jpg,Men,Apparel,Topwear,Sweaters,Grey,Fall,2011.0,Casual,United Colors of Benetton Men Check Grey Sweater,Men Apparel Topwear Sweaters Grey Fall 2011.0 Casual United Colors of Benetton Men Check Grey Sweater
8172,8172.jpg,http://assets.myntassets.com/v1/images/style/properties/e40d51ebe4f7acdddf51a52d1d1c9d36_images.jpg,Women,Footwear,Shoes,Heels,Blue,Winter,2015.0,Casual,Catwalk Women Slim Casual Beige Wedges,Women Footwear Shoes Heels Blue Winter 2015.0 Casual Catwalk Women Slim Casual Beige Wedges
48387,48387.jpg,http://assets.myntassets.com/v1/images/style/properties/French-Connection-Men-Blue-Jeans_d715338997b800fead88e914cbdeca14_images.jpg,Men,Apparel,Bottomwear,Jeans,Blue,Summer,2012.0,Casual,French Connection Men Blue Jeans,Men Apparel Bottomwear Jeans Blue Summer 2012.0 Casual French Connection Men Blue Jeans
22758,22758.jpg,http://assets.myntassets.com/v1/images/style/properties/cf45a963291ed53328c18e819e9a64b0_images.jpg,Women,Apparel,Topwear,Kurtas,Blue,Fall,2011.0,Ethnic,BIBA Women Printed Blue Kurta,Women Apparel Topwear Kurtas Blue Fall 2011.0 Ethnic BIBA Women Printed Blue Kurta
50378,50378.jpg,http://assets.myntassets.com/v1/images/style/properties/Vishudh-Women-Red---White-Salwar-and-Dupatta_c5a1ad65a8a37841f39fc1ad951bf5f5_images.jpg,Women,Apparel,Bottomwear,Salwar and Dupatta,White,Summer,2012.0,Ethnic,Vishudh Women Red & White Salwar and Dupatta,Women Apparel Bottomwear Salwar and Dupatta White Summer 2012.0 Ethnic Vishudh Women Red & White Salwar and Dupatta
28262,28262.jpg,http://assets.myntassets.com/v1/images/style/properties/18-Men-Thrill-Deo_5fa0187bc0e4b33352134cb219bea55c_images.jpg,Men,Personal Care,Fragrance,Deodorant,Blue,Spring,2017.0,Casual,18+ Men Thrill Deo,Men Personal Care Fragrance Deodorant Blue Spring 2017.0 Casual 18+ Men Thrill Deo
57961,57961.jpg,http://assets.myntassets.com/v1/images/style/properties/Prafful-Women-Multi-Coloured-Sari_82607f83f133913af4167094b5354247_images.jpg,Women,Apparel,Saree,Sarees,Black,Fall,2012.0,Ethnic,Prafful Women Black & Grren Sari,Women Apparel Saree Sarees Black Fall 2012.0 Ethnic Prafful Women Black & Grren Sari
58115,58115.jpg,http://assets.myntassets.com/v1/images/style/properties/Rreverie-Women-Silver-Pendant_260ee858a49589900f7da051016f77e4_images.jpg,Women,Accessories,Jewellery,Pendant,Silver,Fall,2012.0,Casual,Rreverie Women Silver Pendant,Women Accessories Jewellery Pendant Silver Fall 2012.0 Casual Rreverie Women Silver Pendant
37884,37884.jpg,http://assets.myntassets.com/v1/images/style/properties/75e42aecd2328e7ee2c665efacf1958d_images.jpg,Unisex,Accessories,Socks,Socks,Black,Summer,2016.0,Casual,Happy Socks Unisex Black Socks,Unisex Accessories Socks Socks Black Summer 2016.0 Casual Happy Socks Unisex Black Socks
20833,20833.jpg,http://assets.myntassets.com/v1/images/style/properties/7fbee63ac47052f962bd5f25aa8652b8_images.jpg,Men,Footwear,Shoes,Formal Shoes,Black,Fall,2012.0,Formal,Clarks Men Black Formal Shoes,Men Footwear Shoes Formal Shoes Black Fall 2012.0 Formal Clarks Men Black Formal Shoes
39122,39122.jpg,http://assets.myntassets.com/v1/images/style/properties/952cc771e57b80c0f1d47e0e80b60388_images.jpg,Women,Apparel,Bottomwear,Leggings,Blue,Fall,2012.0,Casual,Aneri Women Blue Leggings,Women Apparel Bottomwear Leggings Blue Fall 2012.0 Casual Aneri Women Blue Leggings
41038,41038.jpg,http://assets.myntassets.com/v1/images/style/properties/Nautica-Men-Brown-Watch_90cfe9a6d0b8b3553e07fb909803120a_images.jpg,Men,Accessories,Watches,Watches,Brown,Winter,2016.0,Casual,Nautica Men Brown Dial Watch,Men Accessories Watches Watches Brown Winter 2016.0 Casual Nautica Men Brown Dial Watch
58327,58327.jpg,http://assets.myntassets.com/v1/images/style/properties/Lotto-Women-Lavender-Flip-Flops_4279f0d9df8add7ef58544f5bf6a7d6d_images.jpg,Women,Footwear,Flip Flops,Flip Flops,Lavender,Summer,2012.0,Casual,Lotto Women Lavender Flip Flops,Women Footwear Flip Flops Flip Flops Lavender Summer 2012.0 Casual Lotto Women Lavender Flip Flops
14008,14008.jpg,http://assets.myntassets.com/v1/images/style/properties/1a9ce2d08810610d98fcae040101880d_images.jpg,Men,Apparel,Topwear,Tshirts,White,Fall,2011.0,Casual,Nike Men Printed White Tshirts,Men Apparel Topwear Tshirts White Fall 2011.0 Casual Nike Men Printed White Tshirts
44778,44778.jpg,http://assets.myntassets.com/v1/images/style/properties/ca1b67f7619633fc7223b90322f5cf7a_images.jpg,Men,Footwear,Shoes,Casual Shoes,Grey,Summer,2012.0,Casual,Lotto Men Grey Skateboard Shoes,Men Footwear Shoes Casual Shoes Grey Summer 2012.0 Casual Lotto Men Grey Skateboard Shoes
36358,36358.jpg,http://assets.myntassets.com/v1/images/style/properties/3196ae5a104337ca2b8dd48d41bc90db_images.jpg,Men,Accessories,Ties,Ties,Red,Summer,2012.0,Formal,Reid & Taylor Men Red Tie,Men Accessories Ties Ties Red Summer 2012.0 Formal Reid & Taylor Men Red Tie
14834,14834.jpg,http://assets.myntassets.com/v1/images/style/properties/08aec6813d7b04ed8bb82cc6ee0cb230_images.jpg,Men,Accessories,Belts,Belts,Black,Summer,2011.0,Casual,United Colors of Benetton Men Solid Black Belts,Men Accessories Belts Belts Black Summer 2011.0 Casual United Colors of Benetton Men Solid Black Belts
39310,39310.jpg,http://assets.myntassets.com/v1/images/style/properties/d4970d44d1f2af84c4056852632ce317_images.jpg,Men,Footwear,Shoes,Casual Shoes,Khaki,Winter,2018.0,Casual,Red Chief Men Khaki Casual Shoes,Men Footwear Shoes Casual Shoes Khaki Winter 2018.0 Casual Red Chief Men Khaki Casual Shoes
49067,49067.jpg,http://assets.myntassets.com/v1/images/style/properties/6a8dffc681c9af0e629d5485f77999a5_images.jpg,Women,Accessories,Bags,Handbags,Olive,Summer,2012.0,Casual,Lino Perros Women Olive Handbag,Women Accessories Bags Handbags Olive Summer 2012.0 Casual Lino Perros Women Olive Handbag
8340,8340.jpg,http://assets.myntassets.com/v1/images/style/properties/8bf8c2293d894430bb7066404c8022a5_images.jpg,Boys,Apparel,Topwear,Tshirts,Black,Fall,2011.0,Casual,Doodle Boy's Volleyball Champion Black White Kidswear,Boys Apparel Topwear Tshirts Black Fall 2011.0 Casual Doodle Boy's Volleyball Champion Black White Kidswear
46813,46813.jpg,http://assets.myntassets.com/v1/images/style/properties/167c8880c4c77718ac8e2ecdf57e619c_images.jpg,Girls,Apparel,Bottomwear,Skirts,Pink,Summer,2012.0,Casual,Gini and Jony Girls Pink Skirt,Girls Apparel Bottomwear Skirts Pink Summer 2012.0 Casual Gini and Jony Girls Pink Skirt
19717,19717.jpg,http://assets.myntassets.com/v1/images/style/properties/ba49e9aa77181edbc3ffdeeda6aa9f8e_images.jpg,Men,Apparel,Topwear,Shirts,Blue,Fall,2011.0,Casual,United Colors of Benetton Men Check Blue Shirt,Men Apparel Topwear Shirts Blue Fall 2011.0 Casual United Colors of Benetton Men Check Blue Shirt
55438,55438.jpg,http://assets.myntassets.com/v1/images/style/properties/Revlon-Mauve-Colorburst-Lipstick-005_b61f9fdc37ed711ae30cde4249f4722b_images.jpg,Women,Personal Care,Lips,Lipstick,Pink,Spring,2017.0,Casual,Revlon Mauve Colorburst Lipstick 005,Women Personal Care Lips Lipstick Pink Spring 2017.0 Casual Revlon Mauve Colorburst Lipstick 005
27018,27018.jpg,http://assets.myntassets.com/v1/images/style/properties/c3c02ca9eff02b8a9aed552288fe5914_images.jpg,Women,Apparel,Bottomwear,Jeans,Blue,Summer,2012.0,Casual,Jealous 21 Women Washed Blue Jeans,Women Apparel Bottomwear Jeans Blue Summer 2012.0 Casual Jealous 21 Women Washed Blue Jeans
50976,50976.jpg,http://assets.myntassets.com/v1/images/style/properties/1bbd6a03afd58770d90cd55dfa375da2_images.jpg,Women,Apparel,Innerwear,Bra,Pink,Summer,2017.0,Casual,Enamor Petal Pink Bra,Women Apparel Innerwear Bra Pink Summer 2017.0 Casual Enamor Petal Pink Bra
29182,29182.jpg,http://assets.myntassets.com/v1/images/style/properties/e45f1ca437abb398e21aba348aa172db_images.jpg,Women,Apparel,Topwear,Tunics,White,Summer,2012.0,Casual,United Colors of Benetton Women White Tunics,Women Apparel Topwear Tunics White Summer 2012.0 Casual United Colors of Benetton Women White Tunics
31941,31941.jpg,http://assets.myntassets.com/v1/images/style/properties/19f177649332e72d83f7f02e5e78c309_images.jpg,Women,Footwear,Shoes,Casual Shoes,Grey,Summer,2012.0,Casual,Nike Women Air Rift Grey Shoes,Women Footwear Shoes Casual Shoes Grey Summer 2012.0 Casual Nike Women Air Rift Grey Shoes
7308,7308.jpg,http://assets.myntassets.com/v1/images/style/properties/31104f0fddd61a1b047b9729798a3790_images.jpg,Women,Apparel,Topwear,Tops,Blue,Summer,2011.0,Casual,UCB Women's Sleeveless Light Blue Top,Women Apparel Topwear Tops Blue Summer 2011.0 Casual UCB Women's Sleeveless Light Blue Top
30893,30893.jpg,http://assets.myntassets.com/v1/images/style/properties/fdcc7abfc526a3c6fbb0f94c47f2154e_images.jpg,Women,Apparel,Bottomwear,Patiala,White,Summer,2012.0,Ethnic,Fabindia Women Printed White & Blue Patiala,Women Apparel Bottomwear Patiala White Summer 2012.0 Ethnic Fabindia Women Printed White & Blue Patiala
28050,28050.jpg,http://assets.myntassets.com/v1/image/style/properties/28050/Jockey-Men-Charcoal-Pack-of-2-Briefs_1_ce0c0ffd2aa1b94d49803ddbf753f373.jpg,Men,Apparel,Innerwear,Briefs,Charcoal,Summer,2016.0,Casual,Jockey ELANCE Men Charcoal Pack of 2 Briefs 1009,Men Apparel Innerwear Briefs Charcoal Summer 2016.0 Casual Jockey ELANCE Men Charcoal Pack of 2 Briefs 1009
48989,48989.jpg,http://assets.myntassets.com/v1/images/style/properties/Lucera-Women-Silver-Ring_c80c41c2e23410d0f3ea56f3a35d581a_images.jpg,Women,Accessories,Jewellery,Ring,Silver,Summer,2012.0,Casual,Lucera Women Silver Ring,Women Accessories Jewellery Ring Silver Summer 2012.0 Casual Lucera Women Silver Ring
11922,11922.jpg,http://assets.myntassets.com/v1/images/style/properties/262366467631b95873f546524b2444c9_images.jpg,Men,Footwear,Shoes,Formal Shoes,Black,Summer,2012.0,Formal,Franco Leone Men Formal Black Formal Shoes,Men Footwear Shoes Formal Shoes Black Summer 2012.0 Formal Franco Leone Men Formal Black Formal Shoes
59691,59691.jpg,http://assets.myntassets.com/v1/images/style/properties/Avirate-Purple-Bra_cfa2a48d35bcc8742efb8cfe895c8eaa_images.jpg,Women,Apparel,Innerwear,Bra,Purple,Summer,2014.0,Casual,Avirate Purple Bra,Women Apparel Innerwear Bra Purple Summer 2014.0 Casual Avirate Purple Bra
58743,58743.jpg,http://assets.myntassets.com/v1/images/style/properties/Puma-Men-Olive-T-shirt_f46d76f93b12434d36dbc568f720efc1_images.jpg,Men,Apparel,Topwear,Tshirts,Olive,Fall,2012.0,Casual,Puma Men Olive T-shirt,Men Apparel Topwear Tshirts Olive Fall 2012.0 Casual Puma Men Olive T-shirt
5807,5807.jpg,http://assets.myntassets.com/v1/images/style/properties/a4a3ed02b8092091213304e30b008f2f_images.jpg,Women,Apparel,Topwear,Tshirts,Blue,Summer,2011.0,Casual,ADIDAS Women's Tunic Blue T-shirt,Women Apparel Topwear Tshirts Blue Summer 2011.0 Casual ADIDAS Women's Tunic Blue T-shirt
13649,13649.jpg,http://assets.myntassets.com/v1/images/style/properties/3053dc9877f1fd1209cfc4ee1b5e9171_images.jpg,Men,Footwear,Shoes,Casual Shoes,Black,Fall,2011.0,Casual,ADIDAS Black Hydroterra Shandal Casual Shoes,Men Footwear Shoes Casual Shoes Black Fall 2011.0 Casual ADIDAS Black Hydroterra Shandal Casual Shoes
34857,34857.jpg,http://assets.myntassets.com/v1/images/style/properties/0e41c416bc349faead7ebe8851e1a398_images.jpg,Men,Footwear,Shoes,Casual Shoes,Black,Summer,2012.0,Casual,Vans Men Classic Slip-On Black Shoes,Men Footwear Shoes Casual Shoes Black Summer 2012.0 Casual Vans Men Classic Slip-On Black Shoes
22932,22932.jpg,http://assets.myntassets.com/v1/images/style/properties/6f4524c273194f4fea909996ffd3a21a_images.jpg,Unisex,Accessories,Watches,Watches,Black,Winter,2016.0,Casual,Fastrack Unisex Black Dial Watch 9912PP13,Unisex Accessories Watches Watches Black Winter 2016.0 Casual Fastrack Unisex Black Dial Watch 9912PP13
8724,8724.jpg,http://assets.myntassets.com/v1/images/style/properties/1c08078104bd5c3acd6cb0a872ded330_images.jpg,Men,Apparel,Topwear,Shirts,Red,Fall,2011.0,Casual,Indigo Nation Men Checks Red Shirts,Men Apparel Topwear Shirts Red Fall 2011.0 Casual Indigo Nation Men Checks Red Shirts
35985,35985.jpg,http://assets.myntassets.com/v1/images/style/properties/99eeff9be7aebbb1064c5dad30a8c97e_images.jpg,Women,Apparel,Topwear,Tshirts,Red,Summer,2012.0,Casual,Flying Machine Women Poppy Red T-shirt,Women Apparel Topwear Tshirts Red Summer 2012.0 Casual Flying Machine Women Poppy Red T-shirt
47599,47599.jpg,http://assets.myntassets.com/v1/images/style/properties/3be71d4422b473a751afeb01be92a050_images.jpg,Women,Footwear,Shoes,Flats,Brown,Winter,2012.0,Casual,Portia Women Black Flats,Women Footwear Shoes Flats Brown Winter 2012.0 Casual Portia Women Black Flats
28434,28434.jpg,http://assets.myntassets.com/v1/images/style/properties/f3346f5e514f264ec784ff0f31df7d13_images.jpg,Women,Accessories,Watches,Watches,White,Winter,2016.0,Casual,DKNY Women White Dial Watch NY8299,Women Accessories Watches Watches White Winter 2016.0 Casual DKNY Women White Dial Watch NY8299
55860,55860.jpg,http://assets.myntassets.com/assets/images/55860/2019/1/10/d5d05685-d27f-42b1-af8a-b27d81fed0091547124257973-Colorbar-Pro-Dazzling-Mauve-Nail-Lacquer-008-270154712425781-1.jpg,Women,Personal Care,Nails,Nail Polish,Lavender,Spring,2017.0,Casual,Colorbar Pro Dazzling Mauve Nail Lacquer 008,Women Personal Care Nails Nail Polish Lavender Spring 2017.0 Casual Colorbar Pro Dazzling Mauve Nail Lacquer 008
19141,19141.jpg,http://assets.myntassets.com/v1/images/style/properties/02ab0971bf0b184990ad0ebaf94a5bd7_images.jpg,Men,Footwear,Sandal,Sandals,Black,Fall,2011.0,Casual,Lotto Men Revorb Black Sandals,Men Footwear Sandal Sandals Black Fall 2011.0 Casual Lotto Men Revorb Black Sandals
49631,49631.jpg,http://assets.myntassets.com/v1/images/style/properties/fda0b391ae8d1d339006c5d3aeb5fb88_images.jpg,Women,Apparel,Dress,Dresses,Cream,Summer,2012.0,Casual,Mineral Cream Dress,Women Apparel Dress Dresses Cream Summer 2012.0 Casual Mineral Cream Dress
8516,8516.jpg,http://assets.myntassets.com/v1/images/style/properties/d7cae652fa8deace7d244d6aa11e53e0_images.jpg,Unisex,Accessories,Bags,Backpacks,Black,Summer,2011.0,Sports,Nike Unisex Ultimatum Max Black Backpacks,Unisex Accessories Bags Backpacks Black Summer 2011.0 Sports Nike Unisex Ultimatum Max Black Backpacks
28606,28606.jpg,http://assets.myntassets.com/v1/images/style/properties/b3e18cfe9423fe73a067520adf787d5a_images.jpg,Men,Footwear,Shoes,Sports Shoes,Black,Summer,2012.0,Casual,Nike Men Air Twilight Black Shoes,Men Footwear Shoes Sports Shoes Black Summer 2012.0 Casual Nike Men Air Twilight Black Shoes
34259,34259.jpg,http://assets.myntassets.com/v1/images/style/properties/2b643a41cb468d6d90a1ecef8e11442c_images.jpg,Men,Apparel,Bottomwear,Tracksuits,Grey,Summer,2012.0,Sports,Proline Men Grey Tracksuit,Men Apparel Bottomwear Tracksuits Grey Summer 2012.0 Sports Proline Men Grey Tracksuit
46679,46679.jpg,http://assets.myntassets.com/v1/images/style/properties/Rasasi-Women-Pack-of-3-Perfumes_acd89cf05a9c6dc5ea7328ab0d07cab0_images.jpg,Women,Personal Care,Fragrance,Perfume and Body Mist,Peach,Spring,2017.0,Casual,Rasasi Women Pack of 3 Perfumes,Women Personal Care Fragrance Perfume and Body Mist Peach Spring 2017.0 Casual Rasasi Women Pack of 3 Perfumes
16109,16109.jpg,http://assets.myntassets.com/v1/images/style/properties/d2326f3a87c44435cbd9542e2bde062a_images.jpg,Men,Accessories,Eyewear,Sunglasses,Brown,Winter,2016.0,Casual,M tv Men My Fab Eyewear Brown Sunglasses,Men Accessories Eyewear Sunglasses Brown Winter 2016.0 Casual M tv Men My Fab Eyewear Brown Sunglasses
25925,25925.jpg,http://assets.myntassets.com/v1/images/style/properties/049629eab4b3d2bf44563dabb6b14f92_images.jpg,Women,Apparel,Topwear,Tshirts,Purple,Summer,2012.0,Casual,Femella Women Purple T-Shirt,Women Apparel Topwear Tshirts Purple Summer 2012.0 Casual Femella Women Purple T-Shirt
5209,5209.jpg,http://assets.myntassets.com/v1/images/style/properties/009125db49cad720be56f239e4856d76_images.jpg,Men,Apparel,Topwear,Tshirts,White,Summer,2011.0,Casual,Superman Men's Job Round Neck White T-shirt,Men Apparel Topwear Tshirts White Summer 2011.0 Casual Superman Men's Job Round Neck White T-shirt
33840,33840.jpg,http://assets.myntassets.com/v1/images/style/properties/02ee800d9466b127f47933dff2d44245_images.jpg,Men,Footwear,Shoes,Casual Shoes,Black,Summer,2012.0,Casual,Puma Men Hypermoto Ducati Black Shoes,Men Footwear Shoes Casual Shoes Black Summer 2012.0 Casual Puma Men Hypermoto Ducati Black Shoes
58571,58571.jpg,http://assets.myntassets.com/v1/images/style/properties/Puma-Men-Black-Short_18d7937fb5d087ebe34d60c3818484bc_images.jpg,Men,Apparel,Bottomwear,Shorts,Black,Summer,2012.0,Casual,Puma Men Black Shorts,Men Apparel Bottomwear Shorts Black Summer 2012.0 Casual Puma Men Black Shorts
52877,52877.jpg,http://assets.myntassets.com/v1/images/style/properties/Fashion-N-Fabrics-Multi-Coloured-Sari_aa50d66007d6aea86ba26ef5c2516095_images.jpg,Women,Apparel,Saree,Sarees,White,Fall,2012.0,Ethnic,FNF Multi Coloured Sari,Women Apparel Saree Sarees White Fall 2012.0 Ethnic FNF Multi Coloured Sari
39546,39546.jpg,http://assets.myntassets.com/v1/images/style/properties/5bdd4c9e739205e28ee134ff7849bc60_images.jpg,Men,Footwear,Flip Flops,Flip Flops,Yellow,Summer,2012.0,Casual,Numero Uno Men Yellow Flip Flops,Men Footwear Flip Flops Flip Flops Yellow Summer 2012.0 Casual Numero Uno Men Yellow Flip Flops
25119,25119.jpg,http://assets.myntassets.com/v1/images/style/properties/Lino-Perros-Women-Gems-Black-Clutch_63ab5a46629bd96d6ce015fadc8f32fc_images.jpg,Women,Accessories,Bags,Clutches,Black,Winter,2015.0,Casual,Lino Perros Women Gems Black Clutch,Women Accessories Bags Clutches Black Winter 2015.0 Casual Lino Perros Women Gems Black Clutch
44912,44912.jpg,http://assets.myntassets.com/v1/images/style/properties/e099ac0745eeabd314595f438a041092_images.jpg,Men,Apparel,Bottomwear,Track Pants,Black,Summer,2012.0,Casual,Puma Men Black Track Pants,Men Apparel Bottomwear Track Pants Black Summer 2012.0 Casual Puma Men Black Track Pants
57539,57539.jpg,http://assets.myntassets.com/v1/images/style/properties/Flying-Machine-Men-Olive-Belt_71d627e6a3876b780a266dde04d13cc6_images.jpg,Men,Accessories,Belts,Belts,Olive,Summer,2010.0,Casual,Flying Machine Men Olive Belt,Men Accessories Belts Belts Olive Summer 2010.0 Casual Flying Machine Men Olive Belt
38494,38494.jpg,http://assets.myntassets.com/v1/images/style/properties/76787f70a91d57f216c5f01ac354482c_images.jpg,Boys,Apparel,Topwear,Tshirts,Green,Summer,2012.0,Casual,Gini and Jony Boys United Green T-shirt,Boys Apparel Topwear Tshirts Green Summer 2012.0 Casual Gini and Jony Boys United Green T-shirt
20037,20037.jpg,http://assets.myntassets.com/v1/images/style/properties/887a7041ec9768e2ab0e0869932de076_images.jpg,Women,Apparel,Bottomwear,Stockings,Black,Fall,2011.0,Casual,United Colors Of Benetton Women Black Tights,Women Apparel Bottomwear Stockings Black Fall 2011.0 Casual United Colors Of Benetton Women Black Tights
44572,44572.jpg,http://assets.myntassets.com/v1/images/style/properties/Coolers-Men-8141-03-Blue-Sandals_63fc34706dcb4ec3a8b5be5a4d302695_images.jpg,Men,Footwear,Sandal,Sports Sandals,Black,Summer,2012.0,Casual,Coolers Men Black Sports Sandals,Men Footwear Sandal Sports Sandals Black Summer 2012.0 Casual Coolers Men Black Sports Sandals
37080,37080.jpg,http://assets.myntassets.com/v1/images/style/properties/7fa71a63d22b4f78599cfbfd9361ee84_images.jpg,Women,Accessories,Bags,Handbags,Blue,Summer,2012.0,Casual,Lino Perros Women Blue Handbag,Women Accessories Bags Handbags Blue Summer 2012.0 Casual Lino Perros Women Blue Handbag
57959,57959.jpg,http://assets.myntassets.com/v1/images/style/properties/Prafful-Turquoise-Blue-Printed-Sari_d89c1ab8f8e898fd4c185687706afea6_images.jpg,Women,Apparel,Saree,Sarees,Turquoise Blue,Fall,2012.0,Ethnic,Prafful Turquoise Blue Printed Sari,Women Apparel Saree Sarees Turquoise Blue Fall 2012.0 Ethnic Prafful Turquoise Blue Printed Sari
4787,4787.jpg,http://assets.myntassets.com/v1/images/style/properties/145dcad3efcae0173e87fb381fc4f8f0_images.jpg,Men,Apparel,Bottomwear,Shorts,Black,Summer,2011.0,Sports,ADIDAS Men's Bas Esx Black Short,Men Apparel Bottomwear Shorts Black Summer 2011.0 Sports ADIDAS Men's Bas Esx Black Short
52417,52417.jpg,http://assets.myntassets.com/v1/images/style/properties/Red-Rose-Women-Red-Pyjama-Set_b0d3365ac38ffa5addb01063ef8f701e_images.jpg,Women,Apparel,Loungewear and Nightwear,Night suits,Red,Winter,2015.0,Casual,Red Rose Women Red Pyjama Set,Women Apparel Loungewear and Nightwear Night suits Red Winter 2015.0 Casual Red Rose Women Red Pyjama Set
39926,39926.jpg,http://assets.myntassets.com/v1/images/style/properties/Tortoise-Unisex-Brown-Laptop-Bag_8d4a1b390e2deae9d0c9fd391928ee16_images.jpg,Unisex,Accessories,Bags,Laptop Bag,Brown,Fall,2012.0,Casual,Tortoise Unisex Brown Laptop Bag,Unisex Accessories Bags Laptop Bag Brown Fall 2012.0 Casual Tortoise Unisex Brown Laptop Bag
58911,58911.jpg,http://assets.myntassets.com/v1/images/style/properties/Hakashi-Men-Grey-Tie_12e25fc98b27e0e9930279fa598a1f27_images.jpg,Men,Accessories,Ties,Ties,Grey,Summer,2012.0,Casual,Hakashi Men Grey Silk Tie,Men Accessories Ties Ties Grey Summer 2012.0 Casual Hakashi Men Grey Silk Tie
24497,24497.jpg,http://assets.myntassets.com/v1/images/style/properties/bfad143887e7396a7a8a95123ecac8db_images.jpg,Women,Apparel,Topwear,Kurtas,Black,Fall,2011.0,Ethnic,Mother Earth Women Black Printed Kurta,Women Apparel Topwear Kurtas Black Fall 2011.0 Ethnic Mother Earth Women Black Printed Kurta
57165,57165.jpg,http://assets.myntassets.com/v1/images/style/properties/Elle-Women-Dark-Pink-Clash-Top_82d1e32d8a956de3d32dd3f1274d344f_images.jpg,Women,Apparel,Topwear,Tops,Magenta,Summer,2012.0,Casual,Elle Women Magenta Clash Top,Women Apparel Topwear Tops Magenta Summer 2012.0 Casual Elle Women Magenta Clash Top
11770,11770.jpg,http://assets.myntassets.com/v1/images/style/properties/fcb17de2df3cfe3207d9b508cb347f1b_images.jpg,Men,Apparel,Topwear,Tshirts,Blue,Fall,2011.0,Casual,Lee Men Printed Blue Tshirts,Men Apparel Topwear Tshirts Blue Fall 2011.0 Casual Lee Men Printed Blue Tshirts
41000,41000.jpg,http://assets.myntassets.com/v1/images/style/properties/4882420c3607228a30540b5b99aba1d4_images.jpg,Girls,Apparel,Bottomwear,Shorts,Blue,Summer,2012.0,Casual,Gini and Jony Girls Woven Blue Shorts,Girls Apparel Bottomwear Shorts Blue Summer 2012.0 Casual Gini and Jony Girls Woven Blue Shorts
42685,42685.jpg,http://assets.myntassets.com/v1/images/style/properties/6b1597cfe1cf2aecbe9c1fba3d4b913d_images.jpg,Women,Apparel,Topwear,Kurtas,White,Summer,2012.0,Ethnic,Alma Women White Printed Kurta,Women Apparel Topwear Kurtas White Summer 2012.0 Ethnic Alma Women White Printed Kurta
55632,55632.jpg,http://assets.myntassets.com/v1/images/style/properties/Catwalk-Women-Black-Sandals_bf5464138d32b2f25aeab5ffc8ce911e_images.jpg,Women,Footwear,Shoes,Heels,Black,Winter,2015.0,Casual,Catwalk Women Black Flats,Women Footwear Shoes Heels Black Winter 2015.0 Casual Catwalk Women Black Flats
13027,13027.jpg,http://assets.myntassets.com/v1/images/style/properties/9d70af39b13503d1ae27c581dc5e711d_images.jpg,Women,Footwear,Shoes,Heels,Gold,Winter,2012.0,Casual,Inc 5 Women Casual Gold Flats,Women Footwear Shoes Heels Gold Winter 2012.0 Casual Inc 5 Women Casual Gold Flats
27212,27212.jpg,http://assets.myntassets.com/v1/images/style/properties/f3ea1bf0c6b6862c69a0dc95aa0c7d25_images.jpg,Men,Apparel,Topwear,Shirts,Blue,Summer,2012.0,Casual,Doodle Kids Boy Striped Blue Shirt,Men Apparel Topwear Shirts Blue Summer 2012.0 Casual Doodle Kids Boy Striped Blue Shirt
43757,43757.jpg,http://assets.myntassets.com/v1/images/style/properties/4e80cfc8a515dd9bb09e9599f13f746c_images.jpg,Women,Accessories,Jewellery,Bangle,White,Fall,2012.0,Casual,Royal Diadem Set of 2 White Bangles,Women Accessories Jewellery Bangle White Fall 2012.0 Casual Royal Diadem Set of 2 White Bangles
22760,22760.jpg,http://assets.myntassets.com/v1/images/style/properties/ecaf26af5a1d512051c9b8f1c6ec264d_images.jpg,Women,Apparel,Topwear,Kurtas,Blue,Fall,2011.0,Ethnic,BIBA Women Solid Navy Blue Kurta,Women Apparel Topwear Kurtas Blue Fall 2011.0 Ethnic BIBA Women Solid Navy Blue Kurta
16555,16555.jpg,http://assets.myntassets.com/v1/images/style/properties/528f6b5596be2edc6cdf9c4421bae0d1_images.jpg,Men,Apparel,Topwear,Tshirts,Navy Blue,Fall,2011.0,Casual,Basics Men Navy Printed Polo T-shirt,Men Apparel Topwear Tshirts Navy Blue Fall 2011.0 Casual Basics Men Navy Printed Polo T-shirt
8976,8976.jpg,http://assets.myntassets.com/v1/images/style/properties/7923a91c983c0f5b59b5269f2cd4898d_images.jpg,Men,Footwear,Shoes,Sports Shoes,White,Fall,2011.0,Sports,Puma Men SL Tech Lo SF White Sports Shoes,Men Footwear Shoes Sports Shoes White Fall 2011.0 Sports Puma Men SL Tech Lo SF White Sports Shoes
7102,7102.jpg,http://assets.myntassets.com/v1/images/style/properties/Wildcraft-Unisex-Eiger-Orange-Grey-Black-Backpack_385cb696607614ed4729530ebbc1de45_images.jpg,Unisex,Accessories,Bags,Backpacks,Orange,Winter,2015.0,Casual,Wildcraft Unisex Orange & Grey Backpack,Unisex Accessories Bags Backpacks Orange Winter 2015.0 Casual Wildcraft Unisex Orange & Grey Backpack
34605,34605.jpg,http://assets.myntassets.com/v1/images/style/properties/7e78034dc0ee3acc42d4ab7a7ff33f24_images.jpg,Men,Apparel,Innerwear,Briefs,Black,Summer,2016.0,Casual,Hanes Men Black Boxer Brief,Men Apparel Innerwear Briefs Black Summer 2016.0 Casual Hanes Men Black Boxer Brief
50340,50340.jpg,http://assets.myntassets.com/v1/images/style/properties/Aurelia-Women-Chocolate-Brown-Kurti_f1ed985339f9570846e8a0e62369e146_images.jpg,Women,Apparel,Topwear,Kurtis,Brown,Summer,2012.0,Ethnic,Aurelia Women Brown Printed Kurti,Women Apparel Topwear Kurtis Brown Summer 2012.0 Ethnic Aurelia Women Brown Printed Kurti
55400,55400.jpg,http://assets.myntassets.com/v1/images/style/properties/Revlon-Grow-Luscious-Graphite-Eye-Liner_b1474ea1a80f79616c35888970005521_images.jpg,Women,Personal Care,Makeup,Kajal and Eyeliner,Charcoal,Spring,2017.0,Casual,Revlon Grow Luscious Graphite Eye Liner,Women Personal Care Makeup Kajal and Eyeliner Charcoal Spring 2017.0 Casual Revlon Grow Luscious Graphite Eye Liner
3790,3790.jpg,http://assets.myntassets.com/v1/images/style/properties/2cbba1cd60b44011accb7c099a859ec4_images.jpg,Men,Footwear,Shoes,Casual Shoes,Black,Summer,2014.0,Casual,Converse Men's AS Canvas HI Black Shoe,Men Footwear Shoes Casual Shoes Black Summer 2014.0 Casual Converse Men's AS Canvas HI Black Shoe
8378,8378.jpg,http://assets.myntassets.com/v1/images/style/properties/3877b9da648c16c969b043643426be71_images.jpg,Girls,Apparel,Topwear,Tshirts,Green,Fall,2011.0,Casual,Doodle Girl's Princess Lime Kidswear,Girls Apparel Topwear Tshirts Green Fall 2011.0 Casual Doodle Girl's Princess Lime Kidswear
30097,30097.jpg,http://assets.myntassets.com/v1/images/style/properties/Ed-Hardy-Men-Black-Dial-Watch_84ef7a33f80634c132d0cea5d835ec41_images.jpg,Men,Accessories,Watches,Watches,Black,Winter,2016.0,Casual,Ed Hardy Men Black Dial Watch,Men Accessories Watches Watches Black Winter 2016.0 Casual Ed Hardy Men Black Dial Watch
2642,2642.jpg,http://assets.myntassets.com/v1/images/style/properties/e571426e3de987910f5bdd984338bd77_images.jpg,Men,Footwear,Shoes,Formal Shoes,Black,Fall,2010.0,Formal,Carlton London Men Semi Formal Black Shoe,Men Footwear Shoes Formal Shoes Black Fall 2010.0 Formal Carlton London Men Semi Formal Black Shoe
43565,43565.jpg,http://assets.myntassets.com/v1/images/style/properties/1c2a55945f5cddbdd037ca730ff50029_images.jpg,Unisex,Accessories,Bags,Backpacks,Black,Summer,2012.0,Casual,Puma Unisex Black Echo Backpack,Unisex Accessories Bags Backpacks Black Summer 2012.0 Casual Puma Unisex Black Echo Backpack
28854,28854.jpg,http://assets.myntassets.com/v1/images/style/properties/dc0d047fe6ba9a90008248f8d897a739_images.jpg,Men,Apparel,Topwear,Tshirts,Lavender,Summer,2012.0,Casual,Proline Men Mauve T-shirt,Men Apparel Topwear Tshirts Lavender Summer 2012.0 Casual Proline Men Mauve T-shirt
13215,13215.jpg,http://assets.myntassets.com/v1/images/style/properties/54438127ac612583a256b3afcc527d25_images.jpg,Men,Footwear,Shoes,Sports Shoes,Grey,Spring,2012.0,Sports,ASICS Men Gel Enduro 7 Running Silver Sports Shoes,Men Footwear Shoes Sports Shoes Grey Spring 2012.0 Sports ASICS Men Gel Enduro 7 Running Silver Sports Shoes
27020,27020.jpg,http://assets.myntassets.com/v1/images/style/properties/Jealous-21-Women-Washed-Navy-Blue-Jeans_3b959991273c8a02d33aa71c74ff8877_images.jpg,Women,Apparel,Bottomwear,Jeans,Navy Blue,Summer,2012.0,Casual,Jealous 21 Women Navy Blue Jeans,Women Apparel Bottomwear Jeans Navy Blue Summer 2012.0 Casual Jealous 21 Women Navy Blue Jeans
46017,46017.jpg,http://assets.myntassets.com/v1/images/style/properties/c0bf2e3ffee05f2abebfd109cb65ac4d_images.jpg,Women,Apparel,Topwear,Kurtas,Orange,Summer,2012.0,Ethnic,Fabindia Women Orange Printed Kurta,Women Apparel Topwear Kurtas Orange Summer 2012.0 Ethnic Fabindia Women Orange Printed Kurta
7330,7330.jpg,http://assets.myntassets.com/v1/images/style/properties/ee45b8fcfca7d478d7ff4a08132c9cc2_images.jpg,Men,Footwear,Sandal,Sandals,Black,Summer,2013.0,Casual,Red Tape Men Strappy Black Floater,Men Footwear Sandal Sandals Black Summer 2013.0 Casual Red Tape Men Strappy Black Floater
49863,49863.jpg,http://assets.myntassets.com/v1/images/style/properties/f4ddf76576e7eac48821d7fc4888fa35_images.jpg,Girls,Accessories,Watches,Watches,Pink,Winter,2016.0,Casual,Q&Q Kids Girls Pink Digital Watch,Girls Accessories Watches Watches Pink Winter 2016.0 Casual Q&Q Kids Girls Pink Digital Watch
16767,16767.jpg,http://assets.myntassets.com/v1/images/style/properties/ad8355f067a1eda0372da36c8dabcc31_images.jpg,Women,Accessories,Bags,Handbags,Brown,Winter,2015.0,Casual,Spice Art Women Spacious Brown Handbag,Women Accessories Bags Handbags Brown Winter 2015.0 Casual Spice Art Women Spacious Brown Handbag
31979,31979.jpg,http://assets.myntassets.com/v1/images/style/properties/7befb37221105961c017e679245ce9f6_images.jpg,Men,Footwear,Shoes,Sports Shoes,Grey,Summer,2012.0,Sports,Nike Men Lunarswift +3 Grey Sports Shoes,Men Footwear Shoes Sports Shoes Grey Summer 2012.0 Sports Nike Men Lunarswift +3 Grey Sports Shoes
50172,50172.jpg,http://assets.myntassets.com/v1/images/style/properties/aac4ddede8d0c5c6763ba65718f41f53_images.jpg,Women,Footwear,Shoes,Flats,Green,Winter,2012.0,Casual,Rocia Women Multi- Coloured Shoes,Women Footwear Shoes Flats Green Winter 2012.0 Casual Rocia Women Multi- Coloured Shoes
28068,28068.jpg,http://assets.myntassets.com/v1/image/style/properties/28068/Jockey-Men-Navy-Blue-Elance-Brief_1_006519a4d9a39c57096b29b20513dadd.jpg,Men,Apparel,Innerwear,Trunk,Navy Blue,Summer,2016.0,Casual,Jockey ELANCE Men Navy Blue Elance Brief 1015,Men Apparel Innerwear Trunk Navy Blue Summer 2016.0 Casual Jockey ELANCE Men Navy Blue Elance Brief 1015
23480,23480.jpg,http://assets.myntassets.com/v1/images/style/properties/Arrow-Men-Grey-Check-Scarf06f16009e270aef955b7f0e569b9a669_images.jpg,Men,Accessories,Scarves,Scarves,Grey,Summer,2012.0,Casual,Arrow Men Grey Check Scarf,Men Accessories Scarves Scarves Grey Summer 2012.0 Casual Arrow Men Grey Check Scarf
44740,44740.jpg,http://assets.myntassets.com/v1/images/style/properties/1382dd0726f1748a14305844d4c97f4c_images.jpg,Men,Footwear,Shoes,Casual Shoes,White,Summer,2012.0,Casual,Globalite Men White Terra Shoes,Men Footwear Shoes Casual Shoes White Summer 2012.0 Casual Globalite Men White Terra Shoes
5467,5467.jpg,http://assets.myntassets.com/v1/images/style/properties/2647f07a41cd23ee046ffad2d5d4a520_images.jpg,Men,Footwear,Shoes,Sports Shoes,Black,Summer,2011.0,Sports,Nike Men's Elite Black Shoe,Men Footwear Shoes Sports Shoes Black Summer 2011.0 Sports Nike Men's Elite Black Shoe
20205,20205.jpg,http://assets.myntassets.com/v1/images/style/properties/cf31ca15ee97a60fc3b8aa0f6d7d2578_images.jpg,Men,Apparel,Topwear,Sweatshirts,Grey,Fall,2011.0,Casual,Wrangler Men Flock Print Grey Sweatshirt,Men Apparel Topwear Sweatshirts Grey Fall 2011.0 Casual Wrangler Men Flock Print Grey Sweatshirt
14030,14030.jpg,http://assets.myntassets.com/v1/images/style/properties/32c82cde356b854b79b9e953fe358c2d_images.jpg,Women,Apparel,Topwear,Tshirts,White,Fall,2011.0,Casual,Nike Women Printed White Tshirts,Women Apparel Topwear Tshirts White Fall 2011.0 Casual Nike Women Printed White Tshirts
36360,36360.jpg,http://assets.myntassets.com/v1/images/style/properties/89d3c136d7ad7ee067760adada2cf977_images.jpg,Men,Accessories,Ties,Ties,Gold,Summer,2012.0,Formal,Reid & Taylor Men Gold Tie,Men Accessories Ties Ties Gold Summer 2012.0 Formal Reid & Taylor Men Gold Tie
45692,45692.jpg,http://assets.myntassets.com/assets/images/45692/2017/9/15/11505475214751-Tous-Women-Leau-Perfume-5921505475214676-1.jpg,Women,Personal Care,Fragrance,Perfume and Body Mist,Pink,Spring,2017.0,Casual,TOUS Women Leau Eau De Parfum 90 ml,Women Personal Care Fragrance Perfume and Body Mist Pink Spring 2017.0 Casual TOUS Women Leau Eau De Parfum 90 ml
57357,57357.jpg,http://assets.myntassets.com/v1/images/style/properties/Amante-Copper-Floral-Romance-Bra_e38c74ec54fae0bec0d655cedc0f479c_images.jpg,Women,Apparel,Innerwear,Bra,Black,Winter,2015.0,Casual,Amante Black Printed Push-Up Bra BGSS01,Women Apparel Innerwear Bra Black Winter 2015.0 Casual Amante Black Printed Push-Up Bra BGSS01
10490,10490.jpg,http://assets.myntassets.com/v1/images/style/properties/841b253d83d3c33eabc627a5a0d971ff_images.jpg,Men,Apparel,Topwear,Shirts,Navy Blue,Fall,2011.0,Casual,Flying Machine Men HS Blue Shirts,Men Apparel Topwear Shirts Navy Blue Fall 2011.0 Casual Flying Machine Men HS Blue Shirts
33612,33612.jpg,http://assets.myntassets.com/v1/images/style/properties/1ba8d19b7798eef2bd0e12006801be86_images.jpg,Women,Accessories,Wallets,Wallets,Green,Summer,2012.0,Casual,Lino Perros Women Green Wallet,Women Accessories Wallets Wallets Green Summer 2012.0 Casual Lino Perros Women Green Wallet
39328,39328.jpg,http://assets.myntassets.com/v1/images/style/properties/7ed1ca17fdfdefdd6320156fe7ea7292_images.jpg,Girls,Apparel,Bottomwear,Shorts,Green,Summer,2012.0,Casual,Gini and Jony Girls Green Shorts,Girls Apparel Bottomwear Shorts Green Summer 2012.0 Casual Gini and Jony Girls Green Shorts
41232,41232.jpg,http://assets.myntassets.com/v1/images/style/properties/2cb299d689b5c26c256c931837d45f7c_images.jpg,Men,Footwear,Shoes,Sports Shoes,White,Summer,2012.0,Sports,Puma Men White Aquil Sports Shoes,Men Footwear Shoes Sports Shoes White Summer 2012.0 Sports Puma Men White Aquil Sports Shoes
11542,11542.jpg,http://assets.myntassets.com/v1/images/style/properties/88868353237260fd0163ddddaf253c9e_images.jpg,Women,Apparel,Topwear,Kurtas,Beige,Summer,2011.0,Ethnic,W Women Printed  Beige Kurtas,Women Apparel Topwear Kurtas Beige Summer 2011.0 Ethnic W Women Printed  Beige Kurtas
56285,56285.jpg,http://assets.myntassets.com/v1/images/style/properties/Biara-Women-Black-Bra_f336d40c2763c5f95a5a5e243ddd8d14_images.jpg,Women,Apparel,Innerwear,Bra,Black,Winter,2015.0,Casual,Biara Women Black Bra,Women Apparel Innerwear Bra Black Winter 2015.0 Casual Biara Women Black Bra
25777,25777.jpg,http://assets.myntassets.com/v1/images/style/properties/Arrow-Men-Brown-Suspenders_05fb8412bc7d9b942c867a2440b34e57_images.jpg,Men,Apparel,Topwear,Suspenders,Brown,Summer,2012.0,Formal,Arrow Men Brown Suspenders,Men Apparel Topwear Suspenders Brown Summer 2012.0 Formal Arrow Men Brown Suspenders
2226,2226.jpg,http://assets.myntassets.com/v1/images/style/properties/e4f049a0633c869e79cfe6cecc634fc2_images.jpg,Women,Apparel,Bottomwear,Track Pants,Black,Fall,2010.0,Sports,ADIDAS Women Black Tracksuit,Women Apparel Bottomwear Track Pants Black Fall 2010.0 Sports ADIDAS Women Black Tracksuit
43101,43101.jpg,http://assets.myntassets.com/v1/images/style/properties/6b15d33794272ae1bea0e4f7f66da5aa_images.jpg,Men,Personal Care,Fragrance,Fragrance Gift Set,Red,Spring,2017.0,Casual,Reebok Men Reeplay Perfume & Deodorant Set,Men Personal Care Fragrance Fragrance Gift Set Red Spring 2017.0 Casual Reebok Men Reeplay Perfume & Deodorant Set
18299,18299.jpg,http://assets.myntassets.com/v1/images/style/properties/26dea68b4b057a56f1f427d467d9df99_images.jpg,Women,Apparel,Topwear,Kurtas,Black,Fall,2011.0,Ethnic,Aneri Women Zeenat Black Kurta,Women Apparel Topwear Kurtas Black Fall 2011.0 Ethnic Aneri Women Zeenat Black Kurta
13671,13671.jpg,http://assets.myntassets.com/v1/images/style/properties/c0c2cdab64907ed343c583467e99a15f_images.jpg,Unisex,Apparel,Bottomwear,Jeans,Blue,Fall,2011.0,Casual,Levis Kids Blue Solid Jean,Unisex Apparel Bottomwear Jeans Blue Fall 2011.0 Casual Levis Kids Blue Solid Jean
27444,27444.jpg,http://assets.myntassets.com/v1/images/style/properties/96a7f4bbb5f631a57263185c7607a85a_images.jpg,Women,Apparel,Topwear,Tshirts,Black,Fall,2015.0,Casual,Jockey Women Black T-shirt,Women Apparel Topwear Tshirts Black Fall 2015.0 Casual Jockey Women Black T-shirt
26596,26596.jpg,http://assets.myntassets.com/v1/images/style/properties/c1cd58d59cc5c4ba32826e7373f254c2_images.jpg,Men,Footwear,Shoes,Sports Shoes,Black,Summer,2015.0,Sports,Puma Men Jago Ripstop Black Sports Shoes,Men Footwear Shoes Sports Shoes Black Summer 2015.0 Sports Puma Men Jago Ripstop Black Sports Shoes
55064,55064.jpg,http://assets.myntassets.com/assets/images/55064/2018/3/9/11520592353547-Lakme-Enrich-Satins-Lipstick-265-2281520592353519-1.jpg,Women,Personal Care,Lips,Lipstick,Brown,Spring,2017.0,,Lakme Enrich Satins Lipstick 265,Women Personal Care Lips Lipstick Brown Spring 2017.0  Lakme Enrich Satins Lipstick 265
50516,50516.jpg,http://assets.myntassets.com/v1/images/style/properties/6ea0120eb068fff1449b7b29d10acc06_images.jpg,Men,Apparel,Innerwear,Trunk,Navy Blue,Winter,2016.0,Casual,Chromozome Men Navy Blue Trunks,Men Apparel Innerwear Trunk Navy Blue Winter 2016.0 Casual Chromozome Men Navy Blue Trunks
6686,6686.jpg,http://assets.myntassets.com/v1/images/style/properties/8d633ace6cb18a000817471a05db4fce_images.jpg,Men,Apparel,Topwear,Tshirts,Red,Summer,2011.0,Casual,UCB Men's Big Ben Logo Red T-shirt,Men Apparel Topwear Tshirts Red Summer 2011.0 Casual UCB Men's Big Ben Logo Red T-shirt
34053,34053.jpg,http://assets.myntassets.com/v1/images/style/properties/ed972b8708185e04d4cbbc475fee3bff_images.jpg,Boys,Apparel,Bottomwear,Capris,Yellow,Summer,2012.0,Casual,Gini and Jony Boys Yellow 3/4 Length Pants,Boys Apparel Bottomwear Capris Yellow Summer 2012.0 Casual Gini and Jony Boys Yellow 3/4 Length Pants
46473,46473.jpg,http://assets.myntassets.com/v1/images/style/properties/Timex-Men-Sliver-Dial-Watch_4136dfc9d4ff0d475e12a87585320468_images.jpg,Men,Accessories,Watches,Watches,Silver,Winter,2016.0,Casual,Timex Men Sliver Dial Watch,Men Accessories Watches Watches Silver Winter 2016.0 Casual Timex Men Sliver Dial Watch
7754,7754.jpg,http://assets.myntassets.com/v1/images/style/properties/07396560af065725a85a392318d02103_images.jpg,Men,Footwear,Shoes,Casual Shoes,Black,Fall,2011.0,Casual,Fila Men's Agony Black Red Shoe,Men Footwear Shoes Casual Shoes Black Fall 2011.0 Casual Fila Men's Agony Black Red Shoe
55858,55858.jpg,http://assets.myntassets.com/v1/images/style/properties/Colorbar-Pro-Flirt-Nail-Lacquer-013_f74134949726905190c88afaf13e1303_images.jpg,Women,Personal Care,Nails,Nail Polish,Brown,Spring,2017.0,Casual,Colorbar Pro Flirt Nail Lacquer 013,Women Personal Care Nails Nail Polish Brown Spring 2017.0 Casual Colorbar Pro Flirt Nail Lacquer 013
35181,35181.jpg,http://assets.myntassets.com/v1/images/style/properties/18be37603397283ad2b50d6fc1e3e175_images.jpg,Unisex,Accessories,Bags,Backpacks,Blue,Summer,2015.0,Casual,Wildcraft Unisex Blue Backpack,Unisex Accessories Bags Backpacks Blue Summer 2015.0 Casual Wildcraft Unisex Blue Backpack
22136,22136.jpg,http://assets.myntassets.com/v1/images/style/properties/66382fb6d614ca7cada5bd95f7b4cd9c_images.jpg,Men,Footwear,Shoes,Formal Shoes,Black,Fall,2012.0,Formal,Provouge Men Black Formal Shoes,Men Footwear Shoes Formal Shoes Black Fall 2012.0 Formal Provouge Men Black Formal Shoes
16303,16303.jpg,http://assets.myntassets.com/v1/images/style/properties/bacf77cf4f2db77c8870a3c44206a684_images.jpg,Men,Apparel,Topwear,Shirts,Navy Blue,Fall,2011.0,Casual,Peter England Men Check Navy Blue Shirt,Men Apparel Topwear Shirts Navy Blue Fall 2011.0 Casual Peter England Men Check Navy Blue Shirt
15586,15586.jpg,http://assets.myntassets.com/v1/images/style/properties/c717dedf82d5cd683844fb8ad7acc6a9_images.jpg,Men,Apparel,Topwear,Sweatshirts,Green,Fall,2011.0,Casual,Proline Men Green Printed Sweatshirt,Men Apparel Topwear Sweatshirts Green Fall 2011.0 Casual Proline Men Green Printed Sweatshirt
36704,36704.jpg,http://assets.myntassets.com/v1/images/style/properties/Burberry-Men-BURBERRY-LONDON-MEN-EDT-100ML-Beige-Perfumes_833064a4560218344e8a4c8210a75ad2_images.jpg,Men,Personal Care,Fragrance,Perfume and Body Mist,Grey,Spring,2017.0,Casual,Burberry London Men Special Edition Perfume,Men Personal Care Fragrance Perfume and Body Mist Grey Spring 2017.0 Casual Burberry London Men Special Edition Perfume
5003,5003.jpg,http://assets.myntassets.com/v1/images/style/properties/4f0851704c708d135d68467d456bff2e_images.jpg,Women,Apparel,Bottomwear,Shorts,Blue,Summer,2011.0,Casual,Gini and Jony Girl's Arella Blue Kidswear,Women Apparel Bottomwear Shorts Blue Summer 2011.0 Casual Gini and Jony Girl's Arella Blue Kidswear
14454,14454.jpg,http://assets.myntassets.com/v1/images/style/properties/4cc0bb7fe95fc7f26cb44505c85a91a3_images.jpg,Women,Footwear,Shoes,Heels,Taupe,Summer,2012.0,Casual,Enroute Women Casual Taupe Casual Heels,Women Footwear Shoes Heels Taupe Summer 2012.0 Casual Enroute Women Casual Taupe Casual Heels
53393,53393.jpg,http://assets.myntassets.com/v1/images/style/properties/Alma-Women-Printed-Beige-Kurta_3b3e5c9884724a0b010654493aeb65d3_images.jpg,Women,Apparel,Topwear,Kurtas,Beige,Fall,2012.0,Ethnic,Alma Women Printed Beige Kurta,Women Apparel Topwear Kurtas Beige Fall 2012.0 Ethnic Alma Women Printed Beige Kurta
11126,11126.jpg,http://assets.myntassets.com/v1/images/style/properties/16be23530fde32a5b2611fb7ed878aa0_images.jpg,Women,Apparel,Bottomwear,Track Pants,Blue,Fall,2011.0,Sports,Urban Yoga Women Solid Blue Track Pants,Women Apparel Bottomwear Track Pants Blue Fall 2011.0 Sports Urban Yoga Women Solid Blue Track Pants
25313,25313.jpg,http://assets.myntassets.com/assets/images/25313/2018/3/2/11519969652371-Casio-Youth-Digital-Men-Black-Digital-Watches-D085-AE-1100W-1AVDF-5581519969652160-1.jpg,Men,Accessories,Watches,Watches,Black,Winter,2016.0,Casual,Casio Youth Series Men Digital Watch AE-1100W-1AVDF(D085),Men Accessories Watches Watches Black Winter 2016.0 Casual Casio Youth Series Men Digital Watch AE-1100W-1AVDF(D085)
57733,57733.jpg,http://assets.myntassets.com/v1/images/style/properties/Lotus-Herbals-Cocoa-Lip-Balm_5dc9840118510ce07ab88df756f8f622_images.jpg,Women,Personal Care,Lips,Lip Care,Brown,Spring,2017.0,,Lotus Herbals Cocoa Lip Balm,Women Personal Care Lips Lip Care Brown Spring 2017.0  Lotus Herbals Cocoa Lip Balm
40784,40784.jpg,http://assets.myntassets.com/v1/images/style/properties/0a9e2c771bc3ab2945ea36a09c06418d_images.jpg,Men,Footwear,Flip Flops,Flip Flops,Blue,Summer,2012.0,Casual,Quiksilver Men Blue Flip Flops,Men Footwear Flip Flops Flip Flops Blue Summer 2012.0 Casual Quiksilver Men Blue Flip Flops
36536,36536.jpg,http://assets.myntassets.com/v1/images/style/properties/807db6823952f20d542a75afda81ed53_images.jpg,Women,Accessories,Bags,Handbags,Blue,Summer,2012.0,Casual,United Colors of Benetton Women Blue Sling Bag,Women Accessories Bags Handbags Blue Summer 2012.0 Casual United Colors of Benetton Women Blue Sling Bag
52073,52073.jpg,http://assets.myntassets.com/v1/images/style/properties/6ab7bad99a0fd2be931672fe423e1b97_images.jpg,Men,Apparel,Topwear,Tshirts,Grey,Summer,2012.0,Casual,Myntra Men Grey & Red T-shirt,Men Apparel Topwear Tshirts Grey Summer 2012.0 Casual Myntra Men Grey & Red T-shirt
58549,58549.jpg,http://assets.myntassets.com/v1/images/style/properties/Miami-Blues-Women-Sunglasses_6258bd4836e1cc0d0739fa74e3a1437a_images.jpg,Women,Accessories,Eyewear,Sunglasses,Black,Winter,2016.0,Casual,Miami Blues Women Sunglasses,Women Accessories Eyewear Sunglasses Black Winter 2016.0 Casual Miami Blues Women Sunglasses
14666,14666.jpg,http://assets.myntassets.com/v1/images/style/properties/68e7811deafaee1ab4295cbaf4765856_images.jpg,Men,Apparel,Topwear,Shirts,Red,Fall,2011.0,Casual,Basics Men Red Slim Fit Checked Shirt,Men Apparel Topwear Shirts Red Fall 2011.0 Casual Basics Men Red Slim Fit Checked Shirt
33878,33878.jpg,http://assets.myntassets.com/v1/images/style/properties/365ac3bda83964848786cd56013fb194_images.jpg,Men,Accessories,Watches,Watches,Silver,Winter,2016.0,Casual,Citizen Men Silver Dial Watch,Men Accessories Watches Watches Silver Winter 2016.0 Casual Citizen Men Silver Dial Watch
44116,44116.jpg,http://assets.myntassets.com/v1/images/style/properties/9c43f73cef886c0fe993477248765bfe_images.jpg,Men,Personal Care,Fragrance,Perfume and Body Mist,Orange,Spring,2017.0,Casual,Boss Men Made For Summer Perfume,Men Personal Care Fragrance Perfume and Body Mist Orange Spring 2017.0 Casual Boss Men Made For Summer Perfume
5231,5231.jpg,http://assets.myntassets.com/v1/images/style/properties/05f1400b589affd98c504f50c5ec5fb2_images.jpg,Men,Apparel,Topwear,Tshirts,Navy Blue,Summer,2011.0,Casual,Classic Polo Men's Cari Navy Polo T-shirt,Men Apparel Topwear Tshirts Navy Blue Summer 2011.0 Casual Classic Polo Men's Cari Navy Polo T-shirt
25121,25121.jpg,http://assets.myntassets.com/v1/images/style/properties/Lino-Perros-Women-Gem-Ring-Black-Clutch_c759e29c1cd34d25acb427a5b48d9dc3_images.jpg,Women,Accessories,Bags,Clutches,Black,Winter,2015.0,Casual,Lino Perros Women Gem Ring Black Clutch,Women Accessories Bags Clutches Black Winter 2015.0 Casual Lino Perros Women Gem Ring Black Clutch
32196,32196.jpg,http://assets.myntassets.com/v1/images/style/properties/1e6a8231b88c7b97f70fbd90724a105e_images.jpg,Men,Apparel,Topwear,Kurtas,Blue,Summer,2012.0,Ethnic,Fabindia Men Printed Blue Kurta,Men Apparel Topwear Kurtas Blue Summer 2012.0 Ethnic Fabindia Men Printed Blue Kurta
33044,33044.jpg,http://assets.myntassets.com/v1/images/style/properties/e90c78953a069768e749cdf4b0c86a10_images.jpg,Women,Apparel,Topwear,Kurtas,Blue,Summer,2012.0,Ethnic,Mother Earth Women Printed Blue Kurta,Women Apparel Topwear Kurtas Blue Summer 2012.0 Ethnic Mother Earth Women Printed Blue Kurta
57501,57501.jpg,http://assets.myntassets.com/v1/images/style/properties/Lee-Cooper-Men-Khaki-Sandals_ae939350de06c0bd99f50d9de1f48635_images.jpg,Men,Footwear,Sandal,Sandals,Beige,Summer,2012.0,Casual,Lee Cooper Men Light cocoa Sandals,Men Footwear Sandal Sandals Beige Summer 2012.0 Casual Lee Cooper Men Light cocoa Sandals
54384,54384.jpg,http://assets.myntassets.com/v1/images/style/properties/Baggit-Women-Olive-Green-Handbag_34d7396beb144fd9b9dbc06b9caa498e_images.jpg,Women,Accessories,Bags,Handbags,Olive,Fall,2012.0,Casual,Baggit Women Olive Green Handbag,Women Accessories Bags Handbags Olive Fall 2012.0 Casual Baggit Women Olive Green Handbag
13443,13443.jpg,http://assets.myntassets.com/v1/images/style/properties/3b361aac347e3b1af72cb86d61c8b19c_images.jpg,Women,Apparel,Topwear,Tops,White,Summer,2011.0,Casual,United Colors of Benetton Women Solid White Tops,Women Apparel Topwear Tops White Summer 2011.0 Casual United Colors of Benetton Women Solid White Tops
2014,2014.jpg,http://assets.myntassets.com/v1/images/style/properties/675a4ce053d49f8bd9b4f89a4b283a6f_images.jpg,Men,Apparel,Topwear,Tshirts,Yellow,Fall,2010.0,Sports,ADIDAS Men's Classic Yellow Polo T-shirt,Men Apparel Topwear Tshirts Yellow Fall 2010.0 Sports ADIDAS Men's Classic Yellow Polo T-shirt
43333,43333.jpg,http://assets.myntassets.com/v1/images/style/properties/a02cf8001189970e0c9ed1d676dd0b06_images.jpg,Women,Accessories,Bags,Handbags,Brown,Summer,2012.0,Casual,Murcia Women Brown Handbag,Women Accessories Bags Handbags Brown Summer 2012.0 Casual Murcia Women Brown Handbag
49609,49609.jpg,http://assets.myntassets.com/v1/images/style/properties/b68b16688c3b65b0b656998b57c129ee_images.jpg,Women,Footwear,Shoes,Heels,Brown,Winter,2015.0,Casual,Catwalk Women Brown Heels,Women Footwear Shoes Heels Brown Winter 2015.0 Casual Catwalk Women Brown Heels
31713,31713.jpg,http://assets.myntassets.com/v1/images/style/properties/f85b73b0957bd6e6415741f4121aa46c_images.jpg,Women,Accessories,Jewellery,Earrings,Silver,Winter,2016.0,Ethnic,Fabindia Women Anusuya Silver Earrings,Women Accessories Jewellery Earrings Silver Winter 2016.0 Ethnic Fabindia Women Anusuya Silver Earrings
12591,12591.jpg,http://assets.myntassets.com/v1/images/style/properties/2f30a481130227b95d7ed4daf533dbc3_images.jpg,Unisex,Apparel,Topwear,Tshirts,Blue,Fall,2011.0,Casual,Tantra Unisex Printed Blue Tshirts,Unisex Apparel Topwear Tshirts Blue Fall 2011.0 Casual Tantra Unisex Printed Blue Tshirts
55256,55256.jpg,http://assets.myntassets.com/assets/images/55256/2016/11/18/11479477210114-Lakme-Absolute-Forever-Silk-Blacklast-Eye-Liner-2941479477210088-1.jpg,Women,Personal Care,Makeup,Kajal and Eyeliner,Black,Summer,2019.0,Casual,Lakme Absolute Forever Silk Blacklast Eye Liner,Women Personal Care Makeup Kajal and Eyeliner Black Summer 2019.0 Casual Lakme Absolute Forever Silk Blacklast Eye Liner
18897,18897.jpg,http://assets.myntassets.com/v1/images/style/properties/5ec7f159be2030d4f24ad9da22d20501_images.jpg,Women,Apparel,Dress,Dresses,Green,Fall,2011.0,Casual,Arrow Woman Solid Green Dress,Women Apparel Dress Dresses Green Fall 2011.0 Casual Arrow Woman Solid Green Dress
34261,34261.jpg,http://assets.myntassets.com/v1/images/style/properties/a20a57e8af2cf39276d729e58ee2b8e4_images.jpg,Boys,Apparel,Topwear,Tshirts,Red,Summer,2012.0,Casual,Gini and Jony Boys Printed Red T-shirt,Boys Apparel Topwear Tshirts Red Summer 2012.0 Casual Gini and Jony Boys Printed Red T-shirt
50724,50724.jpg,http://assets.myntassets.com/v1/images/style/properties/8f184224331047aa5fc5b0041b04dc53_images.jpg,Girls,Apparel,Dress,Dresses,Blue,Summer,2012.0,Casual,Doodle Girls Blue Washed Dress,Girls Apparel Dress Dresses Blue Summer 2012.0 Casual Doodle Girls Blue Washed Dress
2828,2828.jpg,http://assets.myntassets.com/v1/images/style/properties/d8fbc6ec5c348077864f687febb98cca_images.jpg,Men,Footwear,Shoes,Casual Shoes,Blue,Summer,2012.0,Casual,Lee Cooper Men's LC Casual Denim Blue Shoe,Men Footwear Shoes Casual Shoes Blue Summer 2012.0 Casual Lee Cooper Men's LC Casual Denim Blue Shoe
22304,22304.jpg,http://assets.myntassets.com/v1/images/style/properties/068814d4601476ad9c74701a23ec8df0_images.jpg,Women,Footwear,Shoes,Heels,Beige,Winter,2012.0,Casual,Inc. 5 Women Casual Beige Heels,Women Footwear Shoes Heels Beige Winter 2012.0 Casual Inc. 5 Women Casual Beige Heels
16131,16131.jpg,http://assets.myntassets.com/v1/images/style/properties/3c24fbf941f6d2f3f722cf56da3d36b2_images.jpg,Women,Apparel,Topwear,Tshirts,Red,Fall,2011.0,Casual,Tokyo Talkies Women Printed Red T-shirt,Women Apparel Topwear Tshirts Red Fall 2011.0 Casual Tokyo Talkies Women Printed Red T-shirt
46641,46641.jpg,http://assets.myntassets.com/v1/images/style/properties/e8989c6905433f216cae9216470c341c_images.jpg,Women,Personal Care,Fragrance,Deodorant,Grey,Spring,2017.0,Casual,Rasasi Women Hope Deo,Women Personal Care Fragrance Deodorant Grey Spring 2017.0 Casual Rasasi Women Hope Deo
7566,7566.jpg,http://assets.myntassets.com/v1/images/style/properties/101195334bd4b7b3d85cd93c8000248d_images.jpg,Men,Apparel,Topwear,Tshirts,Black,Summer,2011.0,Sports,Nike Men's As Kobe Comic Black T-shirt,Men Apparel Topwear Tshirts Black Summer 2011.0 Sports Nike Men's As Kobe Comic Black T-shirt
19945,19945.jpg,http://assets.myntassets.com/v1/images/style/properties/ac7d66b7cec8791c935381e65a202aed_images.jpg,Women,Accessories,Bags,Handbags,Purple,Fall,2011.0,Casual,Nike Women Casual Purple Handbag,Women Accessories Bags Handbags Purple Fall 2011.0 Casual Nike Women Casual Purple Handbag
13685,13685.jpg,http://assets.myntassets.com/v1/images/style/properties/1a7a0ee63554920e1445cb3e7431f7d7_images.jpg,Men,Footwear,Shoes,Casual Shoes,Black,Fall,2011.0,Casual,ADIDAS Men Dash Casual Shoes,Men Footwear Shoes Casual Shoes Black Fall 2011.0 Casual ADIDAS Men Dash Casual Shoes
54142,54142.jpg,http://assets.myntassets.com/v1/images/style/properties/bb5014984faaf2938d1437ca0b60bd73_images.jpg,Women,Footwear,Shoes,Heels,Beige,Winter,2012.0,Casual,Rocia Women Beige Sandals,Women Footwear Shoes Heels Beige Winter 2012.0 Casual Rocia Women Beige Sandals
26562,26562.jpg,http://assets.myntassets.com/v1/images/style/properties/4cd68564db2e7a0b1bbbd8def671f534_images.jpg,Men,Footwear,Shoes,Casual Shoes,Brown,Fall,2012.0,Casual,Lee Cooper Men Brown Shoes,Men Footwear Shoes Casual Shoes Brown Fall 2012.0 Casual Lee Cooper Men Brown Shoes
55090,55090.jpg,http://assets.myntassets.com/v1/images/style/properties/Ponds-Flawless-White-Visible-Lightening-Daily-Cream_82c28de76f7e441921a4b077beada29b_images.jpg,Women,Personal Care,Skin,Face Moisturisers,Silver,Spring,2017.0,Casual,Pond's Flawless White Visible Lightening Daily Cream,Women Personal Care Skin Face Moisturisers Silver Spring 2017.0 Casual Pond's Flawless White Visible Lightening Daily Cream
12757,12757.jpg,http://assets.myntassets.com/v1/images/style/properties/0a83d6bfd14522a1d4c417a691f296b3_images.jpg,Men,Apparel,Topwear,Tshirts,Blue,Fall,2011.0,Casual,Spykar Men Printed Blue T-Shirts,Men Apparel Topwear Tshirts Blue Fall 2011.0 Casual Spykar Men Printed Blue T-Shirts
42027,42027.jpg,http://assets.myntassets.com/v1/images/style/properties/b5de9da8f9bbf7965d90e8ae1e9b3663_images.jpg,Women,Footwear,Shoes,Sports Shoes,Black,Fall,2012.0,Sports,ADIDAS Women Sukoi Black Sports Shoes,Women Footwear Shoes Sports Shoes Black Fall 2012.0 Sports ADIDAS Women Sukoi Black Sports Shoes
3300,3300.jpg,http://assets.myntassets.com/v1/images/style/properties/c57b44b0582da012445b913bf8d80be4_images.jpg,Men,Footwear,Shoes,Sports Shoes,Black,Spring,2011.0,Sports,Asics Men's Gel Cushioning Black Yellow Shoe,Men Footwear Shoes Sports Shoes Black Spring 2011.0 Sports Asics Men's Gel Cushioning Black Yellow Shoe
17225,17225.jpg,http://assets.myntassets.com/v1/images/style/properties/573f3bf7f0c9dfbd795a3211f4897563_images.jpg,Men,Accessories,Eyewear,Sunglasses,Blue,Winter,2016.0,Casual,United Colors of Benetton Men Funky Eyewear Blue Sunglasses,Men Accessories Eyewear Sunglasses Blue Winter 2016.0 Casual United Colors of Benetton Men Funky Eyewear Blue Sunglasses
6672,6672.jpg,http://assets.myntassets.com/v1/images/style/properties/4ecb0e621e97418a9ee80ff29ef2ef7d_images.jpg,Women,Footwear,Shoes,Casual Shoes,White,Summer,2011.0,Casual,Nike Women Dunk Skinny White Red Shoe,Women Footwear Shoes Casual Shoes White Summer 2011.0 Casual Nike Women Dunk Skinny White Red Shoe
47555,47555.jpg,http://assets.myntassets.com/v1/images/style/properties/da93dba6ebb166f3dd18f30f534bc486_images.jpg,Women,Footwear,Shoes,Heels,White,Winter,2012.0,Casual,Portia Women White Heels,Women Footwear Shoes Heels White Winter 2012.0 Casual Portia Women White Heels
46487,46487.jpg,http://assets.myntassets.com/v1/image/style/properties/46487/Timex-Men-Sliver-Dial-Chronograph-Watch_1_47bc802c60d096ca6cd27de91cf6b887.jpg,Men,Accessories,Watches,Watches,Silver,Winter,2016.0,Casual,Timex Men Sliver Dial Chronograph Watch,Men Accessories Watches Watches Silver Winter 2016.0 Casual Timex Men Sliver Dial Chronograph Watch
51430,51430.jpg,http://assets.myntassets.com/v1/images/style/properties/4e6e5fd4386c5118d6c593c6afd46445_images.jpg,Men,Apparel,Topwear,Shirts,White,Summer,2012.0,Casual,Myntra Men Navy Blue & Orange Check Shirt,Men Apparel Topwear Shirts White Summer 2012.0 Casual Myntra Men Navy Blue & Orange Check Shirt
15572,15572.jpg,http://assets.myntassets.com/v1/images/style/properties/9f7996b39eff7e74e9773c9ba46e7eb4_images.jpg,Boys,Apparel,Topwear,Tshirts,Orange,Fall,2011.0,Casual,Chhota Bheem Kids Boys Warrior Bheem TShirt,Boys Apparel Topwear Tshirts Orange Fall 2011.0 Casual Chhota Bheem Kids Boys Warrior Bheem TShirt
21747,21747.jpg,http://assets.myntassets.com/v1/images/style/properties/20e86a306b5f6428c1518482c85ddd2a_images.jpg,Unisex,Footwear,Shoes,Casual Shoes,Black,Fall,2011.0,Casual,Vans Unisex  Era Black Casual Shoes,Unisex Footwear Shoes Casual Shoes Black Fall 2011.0 Casual Vans Unisex  Era Black Casual Shoes
4125,4125.jpg,http://assets.myntassets.com/v1/image/style/properties/4125/Lotto-Men-Kochi-Tuskers-Authentic-Orange-Jersey_1_0665bf7bd258328bb21ba0e3051f7ea0.jpg,Men,Apparel,Topwear,Tshirts,Orange,Summer,2011.0,Sports,Lotto Men Kochi Tuskers Authentic Orange Jersey,Men Apparel Topwear Tshirts Orange Summer 2011.0 Sports Lotto Men Kochi Tuskers Authentic Orange Jersey
45202,45202.jpg,http://assets.myntassets.com/assets/images/45202/2018/3/5/11520250712520-Casio-Enticer-Men-Black-Dial-Analogue-Watch-A657-8821520250712351-1.jpg,Men,Accessories,Watches,Watches,Black,Winter,2016.0,Casual,Casio Enticer Men Black Marine Sports Watch MTD-1069D-1AVDF(A657),Men Accessories Watches Watches Black Winter 2016.0 Casual Casio Enticer Men Black Marine Sports Watch MTD-1069D-1AVDF(A657)
37622,37622.jpg,http://assets.myntassets.com/v1/images/style/properties/b1e8c0ae9ed06b30c9916460f110d1d0_images.jpg,Boys,Apparel,Topwear,Tshirts,Red,Summer,2012.0,Casual,Madagascar3 Boys Red Printed T-Shirt,Boys Apparel Topwear Tshirts Red Summer 2012.0 Casual Madagascar3 Boys Red Printed T-Shirt
20695,20695.jpg,http://assets.myntassets.com/v1/images/style/properties/e6d5c6f61d04b842531936f3f73dc4e1_images.jpg,Men,Footwear,Shoes,Casual Shoes,Blue,Winter,2011.0,Casual,Buckaroo Men Bello Blue Casual Shoes,Men Footwear Shoes Casual Shoes Blue Winter 2011.0 Casual Buckaroo Men Bello Blue Casual Shoes
53367,53367.jpg,http://assets.myntassets.com/v1/images/style/properties/Puma-Women-Pink-Backpack_c8d0c1266f5092fbddf745d9ceb89004_images.jpg,Unisex,Accessories,Bags,Backpacks,Pink,Summer,2012.0,Casual,Puma Unisex Pink Backpack,Unisex Accessories Bags Backpacks Pink Summer 2012.0 Casual Puma Unisex Pink Backpack
32350,32350.jpg,http://assets.myntassets.com/v1/images/style/properties/Q-Q-Men-Black-Dial-Watch_22b9460c9c0b4942b1a56eec42e4cbc7_images.jpg,Men,Accessories,Watches,Watches,Black,Winter,2016.0,Casual,Q&Q Men Black Dial Watch,Men Accessories Watches Watches Black Winter 2016.0 Casual Q&Q Men Black Dial Watch
56615,56615.jpg,http://assets.myntassets.com/v1/images/style/properties/Streetwear-Stay-On-Mineral-Rose-Swirl-Blusher_f00514defdccdbc3a6d13987321d21cb_images.jpg,Women,Personal Care,Makeup,Highlighter and Blush,Rose,Spring,2017.0,Casual,Streetwear Stay On Mineral Rose Swirl Blusher,Women Personal Care Makeup Highlighter and Blush Rose Spring 2017.0 Casual Streetwear Stay On Mineral Rose Swirl Blusher
4919,4919.jpg,http://assets.myntassets.com/v1/images/style/properties/02d998a5e24bbc99dda9a40f4941c58d_images.jpg,Women,Apparel,Topwear,Tops,Pink,Summer,2011.0,Casual,Gini and Jony Girl's Veeya Pink Kidswear,Women Apparel Topwear Tops Pink Summer 2011.0 Casual Gini and Jony Girl's Veeya Pink Kidswear
10000,10000.jpg,http://assets.myntassets.com/v1/images/style/properties/df30bc92249a83ec84b5ba682bf5a0fa_images.jpg,Women,Apparel,Bottomwear,Skirts,White,Summer,2011.0,Casual,Palm Tree Girls Sp Jace Sko White Skirts,Women Apparel Bottomwear Skirts White Summer 2011.0 Casual Palm Tree Girls Sp Jace Sko White Skirts
4317,4317.jpg,http://assets.myntassets.com/v1/images/style/properties/d3095dccf14a78442468e785f489b79a_images.jpg,Unisex,Apparel,Topwear,Tshirts,Red,Summer,2011.0,Casual,Tantra Kid's Unisex Kya Boss Red Kidswear,Unisex Apparel Topwear Tshirts Red Summer 2011.0 Casual Tantra Kid's Unisex Kya Boss Red Kidswear
45030,45030.jpg,http://assets.myntassets.com/v1/images/style/properties/27aa87ff4437da52bcf8ab9624f5fa0e_images.jpg,Men,Accessories,Watches,Watches,Black,Winter,2016.0,Casual,Maxima Men Black Watch,Men Accessories Watches Watches Black Winter 2016.0 Casual Maxima Men Black Watch
15740,15740.jpg,http://assets.myntassets.com/v1/images/style/properties/1d8cf73c6bfc5a83421481a1196cc6a5_images.jpg,Women,Footwear,Shoes,Sports Shoes,Grey,Fall,2011.0,Sports,Nike Women Air Relentless Grey Sports Shoes,Women Footwear Shoes Sports Shoes Grey Fall 2011.0 Sports Nike Women Air Relentless Grey Sports Shoes
52087,52087.jpg,http://assets.myntassets.com/v1/images/style/properties/dccb7b82447c4ad7933b0e56c24a310c_images.jpg,Women,Apparel,Topwear,Tshirts,Yellow,Summer,2012.0,Casual,Myntra Women Yellow T-shirt,Women Apparel Topwear Tshirts Yellow Summer 2012.0 Casual Myntra Women Yellow T-shirt
21575,21575.jpg,http://assets.myntassets.com/v1/images/style/properties/620da478c20e7c73ede3a673ec27c448_images.jpg,Men,Accessories,Socks,Socks,Multi,Winter,2015.0,Casual,Lino Perros Men Pack of Five Striped Socks,Men Accessories Socks Socks Multi Winter 2015.0 Casual Lino Perros Men Pack of Five Striped Socks
37410,37410.jpg,http://assets.myntassets.com/v1/images/style/properties/061ccf4d8d4d285cf90cb8ece28aa6bb_images.jpg,Women,Accessories,Bags,Handbags,Green,Summer,2012.0,Casual,Murcia Women Envelope Green Handbag,Women Accessories Bags Handbags Green Summer 2012.0 Casual Murcia Women Envelope Green Handbag
56427,56427.jpg,http://assets.myntassets.com/v1/images/style/properties/Streetwear-FX-Groovy-Baby-Eye-Shadow_6fb15d4da539972e0d279e3aa4f843d7_images.jpg,Women,Personal Care,Eyes,Eyeshadow,Bronze,Spring,2017.0,Casual,Streetwear Groovy Baby Eye Shadow,Women Personal Care Eyes Eyeshadow Bronze Spring 2017.0 Casual Streetwear Groovy Baby Eye Shadow
32162,32162.jpg,http://assets.myntassets.com/v1/images/style/properties/205f9228bb4688f10957043e32ff6d1d_images.jpg,Women,Accessories,Socks,Socks,Black,Summer,2017.0,Casual,Playboy Women Playmate Black Ankle Socks,Women Accessories Socks Socks Black Summer 2017.0 Casual Playboy Women Playmate Black Ankle Socks
40542,40542.jpg,http://assets.myntassets.com/v1/images/style/properties/1ac37239d200c8dd6f99a526acfd0ff9_images.jpg,Women,Accessories,Watches,Watches,Gold,Winter,2016.0,Casual,Titan Women Gold Watch,Women Accessories Watches Watches Gold Winter 2016.0 Casual Titan Women Gold Watch
38458,38458.jpg,http://assets.myntassets.com/v1/images/style/properties/0d20f9ea05b1796af254769f08ee0b37_images.jpg,Women,Accessories,Bags,Handbags,Orange,Summer,2012.0,Casual,Baggit Women Orange Sling Bag,Women Accessories Bags Handbags Orange Summer 2012.0 Casual Baggit Women Orange Sling Bag
27682,27682.jpg,http://assets.myntassets.com/v1/images/style/properties/5210f474af6dc324c272e72af6a8a76a_images.jpg,Women,Accessories,Bags,Handbags,Black,Winter,2015.0,Casual,Murcia Women Black Handbag,Women Accessories Bags Handbags Black Winter 2015.0 Casual Murcia Women Black Handbag
9408,9408.jpg,http://assets.myntassets.com/v1/images/style/properties/Fastrack-Women-Denim-Blue-Sunglasses5389c473fdd246b034e514bcd5759a9c_images.jpg,Women,Accessories,Eyewear,Sunglasses,Blue,Winter,2016.0,Casual,Fastrack Women Sunglasses,Women Accessories Eyewear Sunglasses Blue Winter 2016.0 Casual Fastrack Women Sunglasses
30635,30635.jpg,http://assets.myntassets.com/v1/images/style/properties/f5c1afc425a0daf81a0ef8e8d8774fa4_images.jpg,Men,Apparel,Topwear,Tshirts,Blue,Summer,2012.0,Casual,Nike Men Basic Crew Blue T-shirt,Men Apparel Topwear Tshirts Blue Summer 2012.0 Casual Nike Men Basic Crew Blue T-shirt
42215,42215.jpg,http://assets.myntassets.com/v1/images/style/properties/a8f0bec1e1bcaa646180017cd750dbc7_images.jpg,Women,Apparel,Topwear,Tops,Green,Summer,2012.0,Casual,Sepia Women Teal Top,Women Apparel Topwear Tops Green Summer 2012.0 Casual Sepia Women Teal Top
3132,3132.jpg,http://assets.myntassets.com/v1/images/style/properties/4594ab966dd8dc10831e87837d18908c_images.jpg,Men,Apparel,Topwear,Tshirts,Multi,Fall,2010.0,Casual,DUSG Men's Tadoba Organic Cotton Cappuccino T-shirt,Men Apparel Topwear Tshirts Multi Fall 2010.0 Casual DUSG Men's Tadoba Organic Cotton Cappuccino T-shirt
34295,34295.jpg,http://assets.myntassets.com/v1/images/style/properties/e59a78a161c7cc4662b4a538175205ee_images.jpg,Women,Apparel,Topwear,Dupatta,Orange,Summer,2012.0,Ethnic,Fabindia Orange Silk Dupatta,Women Apparel Topwear Dupatta Orange Summer 2012.0 Ethnic Fabindia Orange Silk Dupatta
18863,18863.jpg,http://assets.myntassets.com/v1/images/style/properties/603ecfccc7a95b017d21ecb7c86be1be_images.jpg,Men,Apparel,Topwear,Sweatshirts,Red,Fall,2011.0,Casual,Puma Men Heritage Red Sweatshirt,Men Apparel Topwear Sweatshirts Red Fall 2011.0 Casual Puma Men Heritage Red Sweatshirt
6440,6440.jpg,http://assets.myntassets.com/v1/images/style/properties/5b54a388987f652667b258f4480b2a13_images.jpg,Men,Footwear,Shoes,Casual Shoes,Black,Summer,2011.0,Casual,Lotto Men's Calcetto Black Brown Shoe,Men Footwear Shoes Casual Shoes Black Summer 2011.0 Casual Lotto Men's Calcetto Black Brown Shoe
17017,17017.jpg,http://assets.myntassets.com/v1/images/style/properties/89ecaa554ef5971e55812242be4559fe_images.jpg,Women,Footwear,Shoes,Flats,Black,Winter,2012.0,Casual,Rocia Women Casual Brown Sandal,Women Footwear Shoes Flats Black Winter 2012.0 Casual Rocia Women Casual Brown Sandal
23222,23222.jpg,http://assets.myntassets.com/v1/images/style/properties/68aca81292bab32fda537210c1b44006_images.jpg,Women,Apparel,Topwear,Kurtas,Red,Fall,2011.0,Ethnic,Aneri Women Freya Red Kurta,Women Apparel Topwear Kurtas Red Fall 2011.0 Ethnic Aneri Women Freya Red Kurta
51602,51602.jpg,http://assets.myntassets.com/v1/images/style/properties/Wrangler-Women-Blue-Molly-Jeans_f34d61092bdd940620b43e9e429d673c_images.jpg,Women,Apparel,Bottomwear,Jeans,Blue,Fall,2012.0,Casual,Wrangler Women Blue Molly Jeans,Women Apparel Bottomwear Jeans Blue Fall 2012.0 Casual Wrangler Women Blue Molly Jeans
7592,7592.jpg,http://assets.myntassets.com/v1/images/style/properties/0bbe0e10638aa98ff6f42fbffd30c1a2_images.jpg,Men,Footwear,Shoes,Sports Shoes,Blue,Summer,2011.0,Sports,Nike Men's Dunk Low Blue Shoe,Men Footwear Shoes Sports Shoes Blue Summer 2011.0 Sports Nike Men's Dunk Low Blue Shoe
53531,53531.jpg,http://assets.myntassets.com/v1/image/style/properties/53531/Amante-Women-Nude-Briefs_1_eb5c77f5ffaa7c8206878794711ae079.jpg,Women,Apparel,Innerwear,Briefs,Pink,Summer,2017.0,Casual,Amante Women Pink Bikini Briefs PCLR02,Women Apparel Innerwear Briefs Pink Summer 2017.0 Casual Amante Women Pink Bikini Briefs PCLR02
44586,44586.jpg,http://assets.myntassets.com/v1/images/style/properties/ce3149f5fd8fa39cbff8dc8fc4e29a6f_images.jpg,Men,Apparel,Bottomwear,Jeans,Blue,Summer,2017.0,Casual,Lee Men Tino Blue Jeans,Men Apparel Bottomwear Jeans Blue Summer 2017.0 Casual Lee Men Tino Blue Jeans
37074,37074.jpg,http://assets.myntassets.com/v1/images/style/properties/e6ba0d98c9d9bbc7418552a3e04d80cf_images.jpg,Women,Accessories,Bags,Handbags,Black,Summer,2012.0,Casual,Lino Perros Women Black Handbag,Women Accessories Bags Handbags Black Summer 2012.0 Casual Lino Perros Women Black Handbag
4773,4773.jpg,http://assets.myntassets.com/v1/images/style/properties/ae094e99b3c940e0192e78afcc3c7b4b_images.jpg,Women,Apparel,Bottomwear,Capris,Blue,Summer,2011.0,Sports,ADIDAS Women 3S Blue Capri,Women Apparel Bottomwear Capris Blue Summer 2011.0 Sports ADIDAS Women 3S Blue Capri
15324,15324.jpg,http://assets.myntassets.com/v1/images/style/properties/d0710a53f92e8b0b6a956f46663a407e_images.jpg,Men,Apparel,Topwear,Sweatshirts,White,Fall,2011.0,Sports,Nike Men Printed White Sweatshirts,Men Apparel Topwear Sweatshirts White Fall 2011.0 Sports Nike Men Printed White Sweatshirts
21111,21111.jpg,http://assets.myntassets.com/v1/images/style/properties/da76bedc1bfc8a6c8bd9db1d2208b1ab_images.jpg,Women,Apparel,Topwear,Tops,Purple,Fall,2011.0,Casual,s.Oliver Women Check Purple Top,Women Apparel Topwear Tops Purple Fall 2011.0 Casual s.Oliver Women Check Purple Top
40126,40126.jpg,http://assets.myntassets.com/v1/images/style/properties/ff9ba2b75d61b477c14fe698ae212314_images.jpg,Boys,Apparel,Bottomwear,Shorts,White,Summer,2012.0,Casual,Gini and Jony Boys Boxer White Shorts,Boys Apparel Bottomwear Shorts White Summer 2012.0 Casual Gini and Jony Boys Boxer White Shorts
24463,24463.jpg,http://assets.myntassets.com/v1/images/style/properties/3451aaaa1af1333806711b8a40c68b16_images.jpg,Men,Footwear,Shoes,Casual Shoes,Brown,Fall,2012.0,Casual,Numero Uno Men Brown Casual Shoes,Men Footwear Shoes Casual Shoes Brown Fall 2012.0 Casual Numero Uno Men Brown Casual Shoes
10656,10656.jpg,http://assets.myntassets.com/v1/images/style/properties/b6689210b79e2fe1738668723a041ea7_images.jpg,Women,Apparel,Topwear,Tops,Pink,Fall,2011.0,Casual,Doodle Girl Little frock Pink Tops,Women Apparel Topwear Tops Pink Fall 2011.0 Casual Doodle Girl Little frock Pink Tops
37848,37848.jpg,http://assets.myntassets.com/v1/images/style/properties/7268faaf232056e0c40c242b67dfadab_images.jpg,Men,Accessories,Wallets,Wallets,Black,Summer,2012.0,Casual,Hidekraft Men Black Wallet,Men Accessories Wallets Wallets Black Summer 2012.0 Casual Hidekraft Men Black Wallet
57191,57191.jpg,http://assets.myntassets.com/v1/images/style/properties/Elle-Women-White-Tunic_dcbfe4f18a308b0e73ed557977aee846_images.jpg,Women,Apparel,Topwear,Tops,White,Summer,2012.0,Casual,Elle Women White Top,Women Apparel Topwear Tops White Summer 2012.0 Casual Elle Women White Top
56043,56043.jpg,http://assets.myntassets.com/assets/images/56043/2019/1/11/0d0e2d87-79e6-4a2b-a1d3-0224a89d8de61547191031152-Colorbar-Keep-Blushing-Full-Finish-Longwear-Lipstick-08-7791-1.jpg,Women,Personal Care,Lips,Lipstick,Purple,Spring,2017.0,Casual,Colorbar Keep Blushing Full Finish Longwear Lipstick 08,Women Personal Care Lips Lipstick Purple Spring 2017.0 Casual Colorbar Keep Blushing Full Finish Longwear Lipstick 08
11784,11784.jpg,http://assets.myntassets.com/v1/images/style/properties/8edd80f77d30fb2d93b2079804c0a4e5_images.jpg,Women,Apparel,Topwear,Tshirts,Black,Summer,2011.0,Casual,Lee Women Solid Black Tshirts,Women Apparel Topwear Tshirts Black Summer 2011.0 Casual Lee Women Solid Black Tshirts
32506,32506.jpg,http://assets.myntassets.com/v1/images/style/properties/fdd49471c5869b89864be7a64f46538e_images.jpg,Men,Footwear,Sandal,Sandals,Brown,Summer,2013.0,Casual,Franco Leone Men Brown Sandals,Men Footwear Sandal Sandals Brown Summer 2013.0 Casual Franco Leone Men Brown Sandals
49299,49299.jpg,http://assets.myntassets.com/v1/images/style/properties/Arrow-Women-Pack-Of-5-Socks_d33a318c5efb0a759206391b425367be_images.jpg,Women,Accessories,Socks,Socks,Beige,Summer,2016.0,Casual,Arrow Women Pack Of 5 Socks,Women Accessories Socks Socks Beige Summer 2016.0 Casual Arrow Women Pack Of 5 Socks
42671,42671.jpg,http://assets.myntassets.com/v1/images/style/properties/48501b0033535cfd3621917e742f61ea_images.jpg,Women,Apparel,Topwear,Kurtas,Green,Summer,2012.0,Ethnic,Alma Women Green Kurta,Women Apparel Topwear Kurtas Green Summer 2012.0 Ethnic Alma Women Green Kurta
3556,3556.jpg,http://assets.myntassets.com/v1/images/style/properties/2053807e903d6257ecb31457c0187737_images.jpg,Men,Footwear,Shoes,Casual Shoes,Brown,Winter,2015.0,Casual,Skechers Men Dark Brown Lifestyle Shoe,Men Footwear Shoes Casual Shoes Brown Winter 2015.0 Casual Skechers Men Dark Brown Lifestyle Shoe
26334,26334.jpg,http://assets.myntassets.com/v1/images/style/properties/7b5b5ecb32564d6cd15b87bb2640a92c_images.jpg,Women,Accessories,Watches,Watches,Black,Winter,2016.0,Casual,DKNY Women Black Dial Watch NY4951,Women Accessories Watches Watches Black Winter 2016.0 Casual DKNY Women Black Dial Watch NY4951
12101,12101.jpg,http://assets.myntassets.com/v1/images/style/properties/8e2794dc0527e7616572e4bcb7686b11_images.jpg,Women,Apparel,Topwear,Kurtas,Pink,Fall,2011.0,Ethnic,W Women Printed Pink Kurtas,Women Apparel Topwear Kurtas Pink Fall 2011.0 Ethnic W Women Printed Pink Kurtas
54714,54714.jpg,http://assets.myntassets.com/v1/images/style/properties/Shree-Women-Charcoal-and-Sea-Green-Salwar-Suit_b53bbe4b25a1a5c61f151b1b9e2c5bf6_images.jpg,Women,Apparel,Apparel Set,Kurta Sets,Charcoal,Summer,2012.0,Ethnic,Shree Women Charcoal Grey & Sea Green Printed Salwar Suit with Dupatta,Women Apparel Apparel Set Kurta Sets Charcoal Summer 2012.0 Ethnic Shree Women Charcoal Grey & Sea Green Printed Salwar Suit with Dupatta
6818,6818.jpg,http://assets.myntassets.com/v1/images/style/properties/699a744978514f56207a916e8f51dcc1_images.jpg,Men,Footwear,Flip Flops,Flip Flops,Red,Summer,2011.0,Casual,Timberland Men's Grn Thng Red Flip Flop,Men Footwear Flip Flops Flip Flops Red Summer 2011.0 Casual Timberland Men's Grn Thng Red Flip Flop
2484,2484.jpg,http://assets.myntassets.com/v1/images/style/properties/5391fab5f984b3d20923b4c52fdc56ec_images.jpg,Women,Apparel,Topwear,Tshirts,White,Fall,2010.0,Sports,Puma Women Spagetti White Top,Women Apparel Topwear Tshirts White Fall 2010.0 Sports Puma Women Spagetti White Top
30251,30251.jpg,http://assets.myntassets.com/v1/images/style/properties/c54d2b6b2829a69f78eb59fff0ed0e66_images.jpg,Men,Footwear,Flip Flops,Flip Flops,Green,Summer,2013.0,Casual,Numero Uno Men Green Flip Flops,Men Footwear Flip Flops Flip Flops Green Summer 2013.0 Casual Numero Uno Men Green Flip Flops
22794,22794.jpg,http://assets.myntassets.com/v1/images/style/properties/0481252480464195388e8a1d3386e97c_images.jpg,Men,Apparel,Topwear,Tshirts,Navy Blue,Fall,2011.0,Casual,Manchester United Men Navy Blue Tshirt,Men Apparel Topwear Tshirts Navy Blue Fall 2011.0 Casual Manchester United Men Navy Blue Tshirt
8982,8982.jpg,http://assets.myntassets.com/v1/images/style/properties/7bb4c08f6dcc4fd9192f71741e898ef8_images.jpg,Men,Footwear,Shoes,Casual Shoes,White,Fall,2011.0,Casual,Puma Men Evo Ducati Lo White Casual Shoes,Men Footwear Shoes Casual Shoes White Fall 2011.0 Casual Puma Men Evo Ducati Lo White Casual Shoes
51266,51266.jpg,http://assets.myntassets.com/v1/images/style/properties/5fff34ed67f05ab1d5da6039572eaed9_images.jpg,Men,Accessories,Belts,Belts,Black,Summer,2012.0,Casual,Parx Men Black Belt,Men Accessories Belts Belts Black Summer 2012.0 Casual Parx Men Black Belt
6024,6024.jpg,http://assets.myntassets.com/v1/images/style/properties/0f215078759e2f265d1b9fe2e4ad9040_images.jpg,Women,Apparel,Topwear,Tshirts,Green,Summer,2011.0,Casual,UCB Women's Boat Neck Chest Print Green T-shirt,Women Apparel Topwear Tshirts Green Summer 2011.0 Casual UCB Women's Boat Neck Chest Print Green T-shirt
47303,47303.jpg,http://assets.myntassets.com/v1/images/style/properties/1c6cfa45b11629741f75401a429092c3_images.jpg,Women,Accessories,Bags,Clutches,Black,Fall,2012.0,Casual,Baggit Women Black Purse,Women Accessories Bags Clutches Black Fall 2012.0 Casual Baggit Women Black Purse
26106,26106.jpg,http://assets.myntassets.com/v1/images/style/properties/5695f6f63af056f11ede4c244f548d62_images.jpg,Men,Apparel,Topwear,Shirts,Purple,Summer,2012.0,Formal,John Miller Men Striped Purple Shirt,Men Apparel Topwear Shirts Purple Summer 2012.0 Formal John Miller Men Striped Purple Shirt
12333,12333.jpg,http://assets.myntassets.com/v1/images/style/properties/3d8ebb1a01134bd612a5765372a4c644_images.jpg,Women,Apparel,Bottomwear,Jeans,Blue,Fall,2011.0,Casual,Spykar Women Ep Jeans Blue Jeans,Women Apparel Bottomwear Jeans Blue Fall 2011.0 Casual Spykar Women Ep Jeans Blue Jeans
3764,3764.jpg,http://assets.myntassets.com/v1/images/style/properties/0f41729119b9f621e7d6fbd39fe7ed7e_images.jpg,Men,Apparel,Topwear,Tshirts,Navy Blue,Summer,2011.0,Casual,Status Quo Men's London Icon Navy T-shirt,Men Apparel Topwear Tshirts Navy Blue Summer 2011.0 Casual Status Quo Men's London Icon Navy T-shirt
30063,30063.jpg,http://assets.myntassets.com/v1/images/style/properties/270795f81b95d5ff6652ac3d6f5214e6_images.jpg,Men,Accessories,Watches,Watches,Grey,Winter,2016.0,Casual,Ed Hardy Men Grey Watch,Men Accessories Watches Watches Grey Winter 2016.0 Casual Ed Hardy Men Grey Watch
48179,48179.jpg,http://assets.myntassets.com/v1/images/style/properties/f15c590c4c8d4b3b0e478847ee7899e5_images.jpg,Women,Accessories,Bags,Handbags,Green,Winter,2016.0,Casual,Fossil Women Green Handbag,Women Accessories Bags Handbags Green Winter 2016.0 Casual Fossil Women Green Handbag
54526,54526.jpg,http://assets.myntassets.com/v1/images/style/properties/F-Sports-Men-White-Zero-Gravity-Sports-Shoes_9626c504719dea085190a02f61246386_images.jpg,Men,Footwear,Shoes,Sports Shoes,White,Fall,2012.0,Sports,F Sports Men White Zero Gravity Sports Shoes,Men Footwear Shoes Sports Shoes White Fall 2012.0 Sports F Sports Men White Zero Gravity Sports Shoes
18609,18609.jpg,http://assets.myntassets.com/v1/images/style/properties/b13ae3c81ff95db21b29aaa321de80bd_images.jpg,Men,Apparel,Topwear,Tshirts,Red,Fall,2010.0,Casual,Puma Men Polo Red Tshirt,Men Apparel Topwear Tshirts Red Fall 2010.0 Casual Puma Men Polo Red Tshirt
35511,35511.jpg,http://assets.myntassets.com/v1/images/style/properties/0affca87e3aba56fdcde8c2c1707c106_images.jpg,Men,Footwear,Flip Flops,Flip Flops,Black,Summer,2012.0,Casual,Bata Men Lite Black Flip Flops,Men Footwear Flip Flops Flip Flops Black Summer 2012.0 Casual Bata Men Lite Black Flip Flops
49897,49897.jpg,http://assets.myntassets.com/v1/images/style/properties/643387bed3af204754663331f5581a2b_images.jpg,Unisex,Accessories,Watches,Watches,White,Winter,2016.0,Casual,Q&Q Kids Girls White Dial Watch,Unisex Accessories Watches Watches White Winter 2016.0 Casual Q&Q Kids Girls White Dial Watch
16793,16793.jpg,http://assets.myntassets.com/v1/images/style/properties/3bfee9a84a21304fbd61695bc49cb410_images.jpg,Men,Apparel,Topwear,Shirts,Blue,Fall,2011.0,Casual,Highlander Men Check Blue Shirt,Men Apparel Topwear Shirts Blue Fall 2011.0 Casual Highlander Men Check Blue Shirt
51054,51054.jpg,http://assets.myntassets.com/v1/images/style/properties/cd7c73d4ebbaa57a7beb14ca4e2bb73b_images.jpg,Women,Apparel,Innerwear,Bra,Lavender,Summer,2017.0,Casual,Enamor Lavender Bra,Women Apparel Innerwear Bra Lavender Summer 2017.0 Casual Enamor Lavender Bra
50186,50186.jpg,http://assets.myntassets.com/v1/images/style/properties/6dc842f3a16e11bd9ca4f60c4873c9fc_images.jpg,Women,Accessories,Bags,Handbags,Orange,Summer,2012.0,Casual,Paridhan Women Orange Printed Handbag,Women Accessories Bags Handbags Orange Summer 2012.0 Casual Paridhan Women Orange Printed Handbag
17641,17641.jpg,http://assets.myntassets.com/v1/images/style/properties/83da3eaafd171333554b18ddb6d4a0ee_images.jpg,Unisex,Accessories,Headwear,Headband,White,Fall,2013.0,Sports,Puma Unisex Cat White Headband,Unisex Accessories Headwear Headband White Fall 2013.0 Sports Puma Unisex Cat White Headband
23474,23474.jpg,http://assets.myntassets.com/v1/images/style/properties/Lino-Perros-Men-Grey-Check-Scarff46896ebf8f081f1a15a4e99d1ffe464_images.jpg,Men,Accessories,Scarves,Scarves,Grey,Winter,2015.0,Casual,Lino Perros Men Grey Check Scarf,Men Accessories Scarves Scarves Grey Winter 2015.0 Casual Lino Perros Men Grey Check Scarf
48945,48945.jpg,http://assets.myntassets.com/v1/images/style/properties/0cbcd80c00363c7603e02e5147aecf0c_images.jpg,Men,Accessories,Jewellery,Ring,Steel,Summer,2013.0,Casual,Revv Men Steel Ring,Men Accessories Jewellery Ring Steel Summer 2013.0 Casual Revv Men Steel Ring
6216,6216.jpg,http://assets.myntassets.com/v1/images/style/properties/70bc01727716202e0534226007312fd2_images.jpg,Men,Apparel,Topwear,Tshirts,Black,Summer,2011.0,Casual,Lee Men's Printed Black T-shirt,Men Apparel Topwear Tshirts Black Summer 2011.0 Casual Lee Men's Printed Black T-shirt
47131,47131.jpg,http://assets.myntassets.com/v1/images/style/properties/Be-For-Bag-Women-Pink-Bag_32be09da738bae6a3c1d55fa74bcd9f0_images.jpg,Women,Accessories,Bags,Handbags,White,Summer,2015.0,Casual,Be For Bag Women Pink Bag,Women Accessories Bags Handbags White Summer 2015.0 Casual Be For Bag Women Pink Bag
37246,37246.jpg,http://assets.myntassets.com/v1/images/style/properties/1145142948361b0a1e1fbf5a6012c594_images.jpg,Men,Footwear,Shoes,Casual Shoes,Charcoal,Summer,2012.0,Casual,United Colors of Benetton Men Charcoal Shoes,Men Footwear Shoes Casual Shoes Charcoal Summer 2012.0 Casual United Colors of Benetton Men Charcoal Shoes
5493,5493.jpg,http://assets.myntassets.com/v1/images/style/properties/8fc51970fdf5ac2216ed08422c352c47_images.jpg,Men,Apparel,Topwear,Tshirts,Grey,Summer,2011.0,Casual,Mr.Men Men's Cool Soft Grey T-shirt,Men Apparel Topwear Tshirts Grey Summer 2011.0 Casual Mr.Men Men's Cool Soft Grey T-shirt
15116,15116.jpg,http://assets.myntassets.com/v1/images/style/properties/c265c2dba08de27cc7c8acc5e197ba13_images.jpg,Men,Apparel,Bottomwear,Trousers,Grey,Fall,2011.0,Formal,Arrow Men TR Finish Grey Trousers,Men Apparel Bottomwear Trousers Grey Fall 2011.0 Formal Arrow Men TR Finish Grey Trousers
59239,59239.jpg,http://assets.myntassets.com/v1/images/style/properties/Titan-Men-White-Watch_c0ca5e6952a8eb4bb2ecbf520d589531_images.jpg,Men,Accessories,Watches,Watches,White,Winter,2016.0,Casual,Titan Men White Watch,Men Accessories Watches Watches White Winter 2016.0 Casual Titan Men White Watch
21323,21323.jpg,http://assets.myntassets.com/v1/images/style/properties/68a446c2ad8afcf84f95b2015aa963dc_images.jpg,Men,Accessories,Eyewear,Sunglasses,Black,Winter,2016.0,Casual,Louis Philippe Men Sunglasses LP045-C5,Men Accessories Eyewear Sunglasses Black Winter 2016.0 Casual Louis Philippe Men Sunglasses LP045-C5
36394,36394.jpg,http://assets.myntassets.com/v1/images/style/properties/20552bd1c4c3a3997e35154e64779271_images.jpg,Men,Accessories,Socks,Socks,Blue,Summer,2016.0,Casual,Reid & Taylor Men Reid & Taylor Blue Socks,Men Accessories Socks Socks Blue Summer 2016.0 Casual Reid & Taylor Men Reid & Taylor Blue Socks
4541,4541.jpg,http://assets.myntassets.com/v1/images/style/properties/cc3ba335625d86f8eda9329472af501b_images.jpg,Men,Apparel,Topwear,Tshirts,White,Summer,2011.0,Casual,Classic Polo Men's White T-shirt with Navy Stripes,Men Apparel Topwear Tshirts White Summer 2011.0 Casual Classic Polo Men's White T-shirt with Navy Stripes
24651,24651.jpg,http://assets.myntassets.com/v1/images/style/properties/20071e8478d349f28bde7685d91feb84_images.jpg,Women,Accessories,Bags,Handbags,Beige,Winter,2015.0,Casual,Lino Perros Women Casual Handbag,Women Accessories Bags Handbags Beige Winter 2015.0 Casual Lino Perros Women Casual Handbag
10464,10464.jpg,http://assets.myntassets.com/v1/images/style/properties/891e15b644c2ecf71bb65e995d14992b_images.jpg,Men,Apparel,Topwear,Tshirts,Pink,Fall,2011.0,Casual,Flying Machine Men Mauvemist Pink Tshirts,Men Apparel Topwear Tshirts Pink Fall 2011.0 Casual Flying Machine Men Mauvemist Pink Tshirts
40314,40314.jpg,http://assets.myntassets.com/v1/images/style/properties/da6c30d158729f470ce51b762d379c27_images.jpg,Unisex,Footwear,Sandal,Sandals,White,Winter,2013.0,Casual,Warner Bros Kids Unisex White sandals,Unisex Footwear Sandal Sandals White Winter 2013.0 Casual Warner Bros Kids Unisex White sandals
56271,56271.jpg,http://assets.myntassets.com/v1/images/style/properties/Biara-Women-Nude-Bra_cb4ace1d218d04748647703537bb35a6_images.jpg,Women,Apparel,Innerwear,Bra,Nude,Summer,2017.0,Casual,Biara Women Nude Bra,Women Apparel Innerwear Bra Nude Summer 2017.0 Casual Biara Women Nude Bra
25783,25783.jpg,http://assets.myntassets.com/v1/images/style/properties/Arrow-Men-Black---Beige-Suspenders_013085b9162da01cd8746044e56828c2_images.jpg,Men,Apparel,Topwear,Suspenders,Black,Summer,2012.0,Formal,Arrow Men Black & Beige Suspenders,Men Apparel Topwear Suspenders Black Summer 2012.0 Formal Arrow Men Black & Beige Suspenders
27649,27649.jpg,http://assets.myntassets.com/v1/images/style/properties/9138206bfbb29379e2de0761bae4bf34_images.jpg,Men,Apparel,Topwear,Tshirts,Blue,Summer,2012.0,Casual,Superman Men Printed Blue T-shirt,Men Apparel Topwear Tshirts Blue Summer 2012.0 Casual Superman Men Printed Blue T-shirt
16932,16932.jpg,http://assets.myntassets.com/v1/images/style/properties/ffc1bc853335b7ca8e68e855c06ee37b_images.jpg,Men,Apparel,Topwear,Tshirts,Off White,Fall,2011.0,Casual,Spykar Men Off White Polo Tshirt,Men Apparel Topwear Tshirts Off White Fall 2011.0 Casual Spykar Men Off White Polo Tshirt
49636,49636.jpg,http://assets.myntassets.com/v1/images/style/properties/02944f1ec0ce181b1a1e3974770b95c4_images.jpg,Women,Apparel,Bottomwear,Skirts,Blue,Summer,2012.0,Casual,Mineral Blue & White Skirt,Women Apparel Bottomwear Skirts Blue Summer 2012.0 Casual Mineral Blue & White Skirt
19146,19146.jpg,http://assets.myntassets.com/v1/images/style/properties/56a61c82546a06fce7d1fe69384f4c4e_images.jpg,Men,Apparel,Topwear,Sweatshirts,Grey,Summer,2011.0,Casual,United Colors of Benetton Men Solid Grey Sweatshirt,Men Apparel Topwear Sweatshirts Grey Summer 2011.0 Casual United Colors of Benetton Men Solid Grey Sweatshirt
55269,55269.jpg,http://assets.myntassets.com/v1/images/style/properties/Lakme-Absolute-Shine-Line-Black-Eye-Liner_3add01dc985ce7494a9262c9f01f2b5c_images.jpg,Women,Personal Care,Makeup,Kajal and Eyeliner,Black,Summer,2019.0,Casual,Lakme Absolute Shine Line Black Eye Liner,Women Personal Care Makeup Kajal and Eyeliner Black Summer 2019.0 Casual Lakme Absolute Shine Line Black Eye Liner
2817,2817.jpg,http://assets.myntassets.com/v1/images/style/properties/3236b8ebf59620600dab8e1fbe8fd01f_images.jpg,Men,Footwear,Shoes,Casual Shoes,Black,Summer,2012.0,Casual,Lee Cooper Men's Casual Leather Black Shoe,Men Footwear Shoes Casual Shoes Black Summer 2012.0 Casual Lee Cooper Men's Casual Leather Black Shoe
7559,7559.jpg,http://assets.myntassets.com/v1/images/style/properties/07668403efe1ea5067302de9dcae2f2b_images.jpg,Men,Apparel,Topwear,Tshirts,Black,Summer,2011.0,Sports,Nike Men's Black Polo T-shirt,Men Apparel Topwear Tshirts Black Summer 2011.0 Sports Nike Men's Black Polo T-shirt
25922,25922.jpg,http://assets.myntassets.com/v1/images/style/properties/05009901272eed58592caebed1e5d4a5_images.jpg,Women,Apparel,Topwear,Tshirts,Navy Blue,Summer,2012.0,Casual,Femella Women Navy Blue T-shirt,Women Apparel Topwear Tshirts Navy Blue Summer 2012.0 Casual Femella Women Navy Blue T-shirt
36509,36509.jpg,http://assets.myntassets.com/v1/images/style/properties/bad05e99069f3152753a630015f8bc1d_images.jpg,Women,Accessories,Bags,Handbags,Brown,Summer,2012.0,Casual,United Colors of Benetton Women Brown Handbag,Women Accessories Bags Handbags Brown Summer 2012.0 Casual United Colors of Benetton Women Brown Handbag
58576,58576.jpg,http://assets.myntassets.com/v1/images/style/properties/Puma-Women-Yellow-T-shirt_e5facd09b7bac1c8b28e31d8d768318c_images.jpg,Women,Apparel,Topwear,Tshirts,Yellow,Summer,2012.0,Casual,Puma Women Yellow T-shirt,Women Apparel Topwear Tshirts Yellow Summer 2012.0 Casual Puma Women Yellow T-shirt
14659,14659.jpg,http://assets.myntassets.com/v1/images/style/properties/1862d11e53911a6cf3552e31326b3639_images.jpg,Men,Apparel,Bottomwear,Trousers,Khaki,Fall,2011.0,Casual,Probase Men Solid LT.Khaki Trousers,Men Apparel Bottomwear Trousers Khaki Fall 2011.0 Casual Probase Men Solid LT.Khaki Trousers
33847,33847.jpg,http://assets.myntassets.com/v1/images/style/properties/Puma-Men-Future-Cat-White-Shoes_582426f358a2de021996e86cfe3fd737_images.jpg,Men,Footwear,Shoes,Casual Shoes,White,Summer,2012.0,Casual,Puma Men Future Cat White Shoes,Men Footwear Shoes Casual Shoes White Summer 2012.0 Casual Puma Men Future Cat White Shoes
39541,39541.jpg,http://assets.myntassets.com/v1/images/style/properties/a9f6e72dd4437ad97c13071ca3ec6efb_images.jpg,Women,Apparel,Innerwear,Bra,Maroon,Winter,2015.0,Casual,Bwitch Maroon Bra,Women Apparel Innerwear Bra Maroon Winter 2015.0 Casual Bwitch Maroon Bra
38493,38493.jpg,http://assets.myntassets.com/v1/images/style/properties/640863ffa96dd3df02a39acbab0167dd_images.jpg,Boys,Apparel,Topwear,Tshirts,Blue,Summer,2012.0,Casual,Gini and Jony Boys Core Blue T-shirt,Boys Apparel Topwear Tshirts Blue Summer 2012.0 Casual Gini and Jony Boys Core Blue T-shirt
40589,40589.jpg,http://assets.myntassets.com/v1/images/style/properties/a15852a767af0593282b4b9a220104a0_images.jpg,Women,Apparel,Topwear,Kurtas,White,Summer,2012.0,Ethnic,Aurelia Women Printed White Kurta,Women Apparel Topwear Kurtas White Summer 2012.0 Ethnic Aurelia Women Printed White Kurta
44915,44915.jpg,http://assets.myntassets.com/v1/images/style/properties/00e81bedb33d7f0896b10b7c559dac54_images.jpg,Men,Apparel,Topwear,Tshirts,Blue,Summer,2012.0,Casual,Puma Men Blue T-shirt,Men Apparel Topwear Tshirts Blue Summer 2012.0 Casual Puma Men Blue T-shirt
59696,59696.jpg,http://assets.myntassets.com/v1/images/style/properties/Avirate-Cream-Brief_ac380d128249b31084a5151d02e1d6e4_images.jpg,Women,Apparel,Innerwear,Briefs,Cream,Summer,2014.0,Casual,Avirate Cream Brief,Women Apparel Innerwear Briefs Cream Summer 2014.0 Casual Avirate Cream Brief
11925,11925.jpg,http://assets.myntassets.com/v1/images/style/properties/5d26668b07d34a65677b9c6c4d82d822_images.jpg,Women,Footwear,Shoes,Flats,Black,Winter,2015.0,Casual,Skechers Women Tone Black Sandals,Women Footwear Shoes Flats Black Winter 2015.0 Casual Skechers Women Tone Black Sandals
58744,58744.jpg,http://assets.myntassets.com/v1/images/style/properties/Puma-Men-Burgundy-T-shirt_e6305f2e85f1ff7d9b022df62d12bb42_images.jpg,Men,Apparel,Topwear,Tshirts,Burgundy,Summer,2012.0,Casual,Puma Men Burgundy T-shirt,Men Apparel Topwear Tshirts Burgundy Summer 2012.0 Casual Puma Men Burgundy T-shirt
41669,41669.jpg,http://assets.myntassets.com/v1/images/style/properties/a87cc5ed84c4882d76413571787cad2f_images.jpg,Women,Footwear,Shoes,Heels,Silver,Winter,2012.0,Casual,Catwalk Women Silver Heels,Women Footwear Shoes Heels Silver Winter 2012.0 Casual Catwalk Women Silver Heels
39773,39773.jpg,http://assets.myntassets.com/v1/images/style/properties/43088e7b11fa5798527505894b21ea95_images.jpg,Men,Apparel,Topwear,Shirts,Navy Blue,Summer,2012.0,Casual,Peter England Men Navy Blue Casual Shirt,Men Apparel Topwear Shirts Navy Blue Summer 2012.0 Casual Peter England Men Navy Blue Casual Shirt
11119,11119.jpg,http://assets.myntassets.com/v1/images/style/properties/8b44d758b6c95221b1e9134c225fb446_images.jpg,Men,Apparel,Topwear,Shirts,White,Fall,2011.0,Formal,Indigo Nation Men Solid White Shirts,Men Apparel Topwear Shirts White Fall 2011.0 Formal Indigo Nation Men Solid White Shirts
5800,5800.jpg,http://assets.myntassets.com/v1/images/style/properties/42c2e487e6e8ea789f6e63e6c4bb2a6d_images.jpg,Men,Apparel,Topwear,Tshirts,Black,Summer,2011.0,Casual,ADIDAS Men's Chat Black T-shirt,Men Apparel Topwear Tshirts Black Summer 2011.0 Casual ADIDAS Men's Chat Black T-shirt
33249,33249.jpg,http://assets.myntassets.com/v1/images/style/properties/Arrow-Men-Blue-Striped-Shirt_4be987b53f40ae04dca500644ca03832_images.jpg,Men,Apparel,Topwear,Shirts,White,Summer,2012.0,Formal,Arrow Men Blue Striped Shirt,Men Apparel Topwear Shirts White Summer 2012.0 Formal Arrow Men Blue Striped Shirt
2219,2219.jpg,http://assets.myntassets.com/v1/images/style/properties/11638bf2032ce289f91e53f6696594ed_images.jpg,Men,Footwear,Shoes,Casual Shoes,Black,Fall,2010.0,Casual,ADIDAS Men's Black Shoe,Men Footwear Shoes Casual Shoes Black Fall 2010.0 Casual ADIDAS Men's Black Shoe
34850,34850.jpg,http://assets.myntassets.com/v1/images/style/properties/963388d780f1becd69c93ab0d2f942a6_images.jpg,Men,Footwear,Shoes,Sports Shoes,White,Summer,2012.0,Sports,ADIDAS Men Falcon Elite White Sports Shoes,Men Footwear Shoes Sports Shoes White Summer 2012.0 Sports ADIDAS Men Falcon Elite White Sports Shoes
54189,54189.jpg,http://assets.myntassets.com/v1/images/style/properties/Jockey-Men-Red-Pack-of-2-Briefs_52626076f4a4f4a38f68dc0c371abeaf_images.jpg,Men,Apparel,Innerwear,Briefs,Red,Summer,2016.0,Casual,Jockey MC Men Red Pack of 2 Briefs 8003,Men Apparel Innerwear Briefs Red Summer 2016.0 Casual Jockey MC Men Red Pack of 2 Briefs 8003
35982,35982.jpg,http://assets.myntassets.com/v1/images/style/properties/18a43c19b19c052061d02671f7b28e51_images.jpg,Women,Apparel,Topwear,Tshirts,Grey,Summer,2012.0,Casual,Flying Machine Women Grey T-shirt,Women Apparel Topwear Tshirts Grey Summer 2012.0 Casual Flying Machine Women Grey T-shirt
8723,8723.jpg,http://assets.myntassets.com/v1/images/style/properties/e6fccb2450cd5b41907af471fd57a070_images.jpg,Men,Apparel,Topwear,Shirts,White,Fall,2011.0,Casual,Indigo Nation Men Striped Yellow Shirt,Men Apparel Topwear Shirts White Fall 2011.0 Casual Indigo Nation Men Striped Yellow Shirt
22935,22935.jpg,http://assets.myntassets.com/v1/images/style/properties/2c9035d6649c59981efb5d3e426d3c19_images.jpg,Women,Accessories,Watches,Watches,Red,Winter,2016.0,Casual,Fastrack Women Red Casual Watch,Women Accessories Watches Watches Red Winter 2016.0 Casual Fastrack Women Red Casual Watch
28433,28433.jpg,http://assets.myntassets.com/v1/images/style/properties/28ad7534ec84e1f52f622dd7aac4a0f3_images.jpg,Women,Accessories,Watches,Watches,Beige,Winter,2016.0,Formal,DKNY Women Beige Dial Watch NY8308,Women Accessories Watches Watches Beige Winter 2016.0 Formal DKNY Women Beige Dial Watch NY8308
55867,55867.jpg,http://assets.myntassets.com/assets/images/55867/2019/1/10/44d1ccdf-56c4-42f9-bed6-fa7c3301303d1547124379108-Colorbar-Oh-My-Magenta-2-Nail-Lacquer-85V-4671547124378855-1.jpg,Women,Personal Care,Nails,Nail Polish,Pink,Spring,2017.0,Casual,Colorbar Oh My Magenta 2 Nail Lacquer 85V,Women Personal Care Nails Nail Polish Pink Spring 2017.0 Casual Colorbar Oh My Magenta 2 Nail Lacquer 85V
22109,22109.jpg,http://assets.myntassets.com/v1/images/style/properties/921f8ec9c2de2e7e7d511d47cb90c290_images.jpg,Men,Footwear,Shoes,Sports Shoes,White,Fall,2011.0,Sports,Reebok Men White Acciomax II Sports Shoes,Men Footwear Shoes Sports Shoes White Fall 2011.0 Sports Reebok Men White Acciomax II Sports Shoes
5458,5458.jpg,http://assets.myntassets.com/v1/images/style/properties/3d7615d76cd173ddee09700a54116c78_images.jpg,Men,Apparel,Bottomwear,Track Pants,Navy Blue,Summer,2011.0,Sports,Nike Men Training Knit Navy Blue Track Pant,Men Apparel Bottomwear Track Pants Navy Blue Summer 2011.0 Sports Nike Men Training Knit Navy Blue Track Pant
58320,58320.jpg,http://assets.myntassets.com/v1/images/style/properties/Jockey-Men-White-Pack-of-3-Socks_29f0dce8cceb1100a1e814be30bc7253_images.jpg,Men,Accessories,Socks,Socks,White,Summer,2016.0,Sports,Jockey LCESCBRA Men White Pack of 3 Socks 2004,Men Accessories Socks Socks White Summer 2016.0 Sports Jockey LCESCBRA Men White Pack of 3 Socks 2004
57368,57368.jpg,http://assets.myntassets.com/v1/images/style/properties/Amante-Women-Brown-Briefs_afd11165409f823d8b4b7db261c8cb63_images.jpg,Women,Apparel,Innerwear,Briefs,Brown,Winter,2015.0,Casual,Amante Women Brown Briefs PCLR02,Women Apparel Innerwear Briefs Brown Winter 2015.0 Casual Amante Women Brown Briefs PCLR02
14833,14833.jpg,http://assets.myntassets.com/v1/images/style/properties/4f0694161abac4427548fda56a8c0d54_images.jpg,Men,Accessories,Belts,Belts,Brown,Summer,2011.0,Casual,United Colors of Benetton Men Solid Brown Belts,Men Accessories Belts Belts Brown Summer 2011.0 Casual United Colors of Benetton Men Solid Brown Belts
39317,39317.jpg,http://assets.myntassets.com/v1/images/style/properties/93e1608565f30617ce285c380b54b109_images.jpg,Boys,Apparel,Topwear,Tshirts,White,Summer,2012.0,Casual,Gini and Jony Boys Printed White T-shirt,Boys Apparel Topwear Tshirts White Summer 2012.0 Casual Gini and Jony Boys Printed White T-shirt
25748,25748.jpg,http://assets.myntassets.com/v1/images/style/properties/Lino-Perros-Men-Leather-Brown-Belt419e4aff5a26223682c7b291b17b66d2_images.jpg,Men,Accessories,Belts,Belts,Brown,Winter,2015.0,Casual,Lino Perros Men Leather Brown Belt,Men Accessories Belts Belts Brown Winter 2015.0 Casual Lino Perros Men Leather Brown Belt
46814,46814.jpg,http://assets.myntassets.com/v1/images/style/properties/4e26ee06c517e6f227ca6af3653f0f6b_images.jpg,Girls,Apparel,Bottomwear,Skirts,Pink,Summer,2012.0,Casual,Gini and Jony Girls Pink Skirt,Girls Apparel Bottomwear Skirts Pink Summer 2012.0 Casual Gini and Jony Girls Pink Skirt
49060,49060.jpg,http://assets.myntassets.com/v1/images/style/properties/748aaedd07c35e5681e58e8cfc232675_images.jpg,Men,Footwear,Shoes,Casual Shoes,Black,Summer,2012.0,Casual,Flying Machine Men Black Shoes,Men Footwear Shoes Casual Shoes Black Summer 2012.0 Casual Flying Machine Men Black Shoes
50971,50971.jpg,http://assets.myntassets.com/v1/images/style/properties/ce8af50f4b522044f4b8146056ee3926_images.jpg,Women,Apparel,Innerwear,Bra,White,Summer,2017.0,Casual,Enamor White Classique Bra,Women Apparel Innerwear Bra White Summer 2017.0 Casual Enamor White Classique Bra
16758,16758.jpg,http://assets.myntassets.com/v1/images/style/properties/e98061eac76cc38771dd8986d0422352_images.jpg,Women,Accessories,Bags,Handbags,White,Winter,2015.0,Casual,Spice Art Women Double Handle Shimmer Handbags,Women Accessories Bags Handbags White Winter 2015.0 Casual Spice Art Women Double Handle Shimmer Handbags
31946,31946.jpg,http://assets.myntassets.com/v1/images/style/properties/860c3801d65995ce20b695cf1aea1a17_images.jpg,Men,Footwear,Shoes,Casual Shoes,Grey,Summer,2012.0,Casual,Nike Men Avid Grey Shoes,Men Footwear Shoes Casual Shoes Grey Summer 2012.0 Casual Nike Men Avid Grey Shoes
28057,28057.jpg,http://assets.myntassets.com/v1/images/style/properties/fb8e2aa8fbe584fe29056a6d4eabd70a_images.jpg,Men,Apparel,Innerwear,Briefs,Black,Summer,2016.0,Casual,Jockey ELANCE Men Black Pack of 2 Briefs 1010,Men Apparel Innerwear Briefs Black Summer 2016.0 Casual Jockey ELANCE Men Black Pack of 2 Briefs 1010
30894,30894.jpg,http://assets.myntassets.com/v1/images/style/properties/81874bdd24cd863711099d589e8fb445_images.jpg,Women,Apparel,Bottomwear,Patiala,White,Summer,2012.0,Ethnic,Fabindia Women Printed White & Blue Patiala,Women Apparel Bottomwear Patiala White Summer 2012.0 Ethnic Fabindia Women Printed White & Blue Patiala
34408,34408.jpg,http://assets.myntassets.com/v1/images/style/properties/30472f4c8a2f52393f00d5dc09b88930_images.jpg,Men,Apparel,Topwear,Tshirts,Black,Summer,2012.0,Casual,Myntra Men Black Printed T-shirt,Men Apparel Topwear Tshirts Black Summer 2012.0 Casual Myntra Men Black Printed T-shirt
8175,8175.jpg,http://assets.myntassets.com/v1/images/style/properties/c32d92cfa4fabaf752b3d929ff79d5d6_images.jpg,Women,Footwear,Shoes,Heels,Brown,Winter,2015.0,Casual,Catwalk Women Casual Brown Flats,Women Footwear Shoes Heels Brown Winter 2015.0 Casual Catwalk Women Casual Brown Flats
7901,7901.jpg,http://assets.myntassets.com/assets/images/7901/2016/10/2/11475401868225-Proline-Mens-Printed-Chalk-Cream-Brown-T-shirt-1781475401868065-1.jpg,Men,Apparel,Topwear,Tshirts,Cream,Fall,2011.0,Casual,Proline Men's Printed Chalk Cream Brown T-shirt,Men Apparel Topwear Tshirts Cream Fall 2011.0 Casual Proline Men's Printed Chalk Cream Brown T-shirt
19522,19522.jpg,http://assets.myntassets.com/v1/images/style/properties/fdebe4ead02b815ca8469aec76b27b4e_images.jpg,Men,Apparel,Topwear,Sweaters,Navy Blue,Fall,2011.0,Casual,United Colors of Benetton Men Check Navy Blue Sweater,Men Apparel Topwear Sweaters Navy Blue Fall 2011.0 Casual United Colors of Benetton Men Check Navy Blue Sweater
13018,13018.jpg,http://assets.myntassets.com/v1/images/style/properties/60dd7beeb5534ae0f17444fa881d660e_images.jpg,Women,Footwear,Shoes,Heels,Black,Winter,2012.0,Casual,Inc 5 Women Casual Black Flats,Women Footwear Shoes Heels Black Winter 2012.0 Casual Inc 5 Women Casual Black Flats
48380,48380.jpg,http://assets.myntassets.com/v1/images/style/properties/4e695fc0308b4a99e2cb470e9a384ba9_images.jpg,Men,Apparel,Bottomwear,Trousers,Black,Summer,2012.0,Casual,French Connection Men Charcoal Trousers,Men Apparel Bottomwear Trousers Black Summer 2012.0 Casual French Connection Men Charcoal Trousers
